25-02-28.21:50:45.064 [main            ] INFO  BehaviorRebateServiceTest - Starting BehaviorRebateServiceTest using Java 21.0.1 on LAPTOP-EPDR54BH with PID 60380 (started by Saber in D:\javacode\marketing_platform\big-market-ztf\big-market\big-market-app)
25-02-28.21:50:45.067 [main            ] INFO  BehaviorRebateServiceTest - The following 1 profile is active: "dev"
25-02-28.21:50:46.372 [main            ] INFO  RepositoryConfigurationDelegate - Multiple Spring Data modules found, entering strict repository configuration mode
25-02-28.21:50:46.375 [main            ] INFO  RepositoryConfigurationDelegate - Bootstrapping Spring Data Redis repositories in DEFAULT mode.
25-02-28.21:50:46.434 [main            ] INFO  RepositoryConfigurationDelegate - Finished Spring Data repository scanning in 39 ms. Found 0 Redis repository interfaces.
25-02-28.21:50:47.894 [main            ] INFO  Version                - Redisson 3.26.0
25-02-28.21:50:48.276 [redisson-netty-1-4] INFO  ConnectionsHolder      - 1 connections initialized for 127.0.0.1/127.0.0.1:16379
25-02-28.21:50:48.299 [redisson-netty-1-13] INFO  ConnectionsHolder      - 5 connections initialized for 127.0.0.1/127.0.0.1:16379
25-02-28.21:50:50.042 [main            ] WARN  GenericWebApplicationContext - Exception encountered during context initialization - cancelling refresh attempt: org.springframework.beans.factory.BeanCreationException: Error creating bean with name 'sendRebateMessageEvent': Injection of autowired dependencies failed; nested exception is java.lang.IllegalArgumentException: Could not resolve placeholder 'spring.rabbitmq.topic.send_rebate' in value "${spring.rabbitmq.topic.send_rebate}"
25-02-28.21:50:50.099 [main            ] INFO  ConditionEvaluationReportLoggingListener - 

Error starting ApplicationContext. To display the conditions report re-run your application with 'debug' enabled.
25-02-28.21:50:50.122 [main            ] ERROR SpringApplication      - Application run failed
org.springframework.beans.factory.BeanCreationException: Error creating bean with name 'sendRebateMessageEvent': Injection of autowired dependencies failed; nested exception is java.lang.IllegalArgumentException: Could not resolve placeholder 'spring.rabbitmq.topic.send_rebate' in value "${spring.rabbitmq.topic.send_rebate}"
	at org.springframework.beans.factory.annotation.AutowiredAnnotationBeanPostProcessor.postProcessProperties(AutowiredAnnotationBeanPostProcessor.java:405)
	at org.springframework.beans.factory.support.AbstractAutowireCapableBeanFactory.populateBean(AbstractAutowireCapableBeanFactory.java:1431)
	at org.springframework.beans.factory.support.AbstractAutowireCapableBeanFactory.doCreateBean(AbstractAutowireCapableBeanFactory.java:619)
	at org.springframework.beans.factory.support.AbstractAutowireCapableBeanFactory.createBean(AbstractAutowireCapableBeanFactory.java:542)
	at org.springframework.beans.factory.support.AbstractBeanFactory.lambda$doGetBean$0(AbstractBeanFactory.java:335)
	at org.springframework.beans.factory.support.DefaultSingletonBeanRegistry.getSingleton(DefaultSingletonBeanRegistry.java:234)
	at org.springframework.beans.factory.support.AbstractBeanFactory.doGetBean(AbstractBeanFactory.java:333)
	at org.springframework.beans.factory.support.AbstractBeanFactory.getBean(AbstractBeanFactory.java:208)
	at org.springframework.beans.factory.support.DefaultListableBeanFactory.preInstantiateSingletons(DefaultListableBeanFactory.java:955)
	at org.springframework.context.support.AbstractApplicationContext.finishBeanFactoryInitialization(AbstractApplicationContext.java:920)
	at org.springframework.context.support.AbstractApplicationContext.refresh(AbstractApplicationContext.java:583)
	at org.springframework.boot.SpringApplication.refresh(SpringApplication.java:731)
	at org.springframework.boot.SpringApplication.refreshContext(SpringApplication.java:408)
	at org.springframework.boot.SpringApplication.run(SpringApplication.java:307)
	at org.springframework.boot.test.context.SpringBootContextLoader.loadContext(SpringBootContextLoader.java:136)
	at org.springframework.test.context.cache.DefaultCacheAwareContextLoaderDelegate.loadContextInternal(DefaultCacheAwareContextLoaderDelegate.java:141)
	at org.springframework.test.context.cache.DefaultCacheAwareContextLoaderDelegate.loadContext(DefaultCacheAwareContextLoaderDelegate.java:90)
	at org.springframework.test.context.support.DefaultTestContext.getApplicationContext(DefaultTestContext.java:124)
	at org.springframework.test.context.web.ServletTestExecutionListener.setUpRequestContextIfNecessary(ServletTestExecutionListener.java:190)
	at org.springframework.test.context.web.ServletTestExecutionListener.prepareTestInstance(ServletTestExecutionListener.java:132)
	at org.springframework.test.context.TestContextManager.prepareTestInstance(TestContextManager.java:248)
	at org.springframework.test.context.junit4.SpringJUnit4ClassRunner.createTest(SpringJUnit4ClassRunner.java:227)
	at org.springframework.test.context.junit4.SpringJUnit4ClassRunner$1.runReflectiveCall(SpringJUnit4ClassRunner.java:289)
	at org.junit.internal.runners.model.ReflectiveCallable.run(ReflectiveCallable.java:12)
	at org.springframework.test.context.junit4.SpringJUnit4ClassRunner.methodBlock(SpringJUnit4ClassRunner.java:291)
	at org.springframework.test.context.junit4.SpringJUnit4ClassRunner.runChild(SpringJUnit4ClassRunner.java:246)
	at org.springframework.test.context.junit4.SpringJUnit4ClassRunner.runChild(SpringJUnit4ClassRunner.java:97)
	at org.junit.runners.ParentRunner$4.run(ParentRunner.java:331)
	at org.junit.runners.ParentRunner$1.schedule(ParentRunner.java:79)
	at org.junit.runners.ParentRunner.runChildren(ParentRunner.java:329)
	at org.junit.runners.ParentRunner.access$100(ParentRunner.java:66)
	at org.junit.runners.ParentRunner$2.evaluate(ParentRunner.java:293)
	at org.springframework.test.context.junit4.statements.RunBeforeTestClassCallbacks.evaluate(RunBeforeTestClassCallbacks.java:61)
	at org.springframework.test.context.junit4.statements.RunAfterTestClassCallbacks.evaluate(RunAfterTestClassCallbacks.java:70)
	at org.junit.runners.ParentRunner$3.evaluate(ParentRunner.java:306)
	at org.junit.runners.ParentRunner.run(ParentRunner.java:413)
	at org.springframework.test.context.junit4.SpringJUnit4ClassRunner.run(SpringJUnit4ClassRunner.java:190)
	at org.junit.runner.JUnitCore.run(JUnitCore.java:137)
	at com.intellij.junit4.JUnit4IdeaTestRunner.startRunnerWithArgs(JUnit4IdeaTestRunner.java:69)
	at com.intellij.rt.junit.IdeaTestRunner$Repeater$1.execute(IdeaTestRunner.java:38)
	at com.intellij.rt.execution.junit.TestsRepeater.repeat(TestsRepeater.java:11)
	at com.intellij.rt.junit.IdeaTestRunner$Repeater.startRunnerWithArgs(IdeaTestRunner.java:35)
	at com.intellij.rt.junit.JUnitStarter.prepareStreamsAndStart(JUnitStarter.java:232)
	at com.intellij.rt.junit.JUnitStarter.main(JUnitStarter.java:55)
Caused by: java.lang.IllegalArgumentException: Could not resolve placeholder 'spring.rabbitmq.topic.send_rebate' in value "${spring.rabbitmq.topic.send_rebate}"
	at org.springframework.util.PropertyPlaceholderHelper.parseStringValue(PropertyPlaceholderHelper.java:180)
	at org.springframework.util.PropertyPlaceholderHelper.replacePlaceholders(PropertyPlaceholderHelper.java:126)
	at org.springframework.core.env.AbstractPropertyResolver.doResolvePlaceholders(AbstractPropertyResolver.java:239)
	at org.springframework.core.env.AbstractPropertyResolver.resolveRequiredPlaceholders(AbstractPropertyResolver.java:210)
	at org.springframework.context.support.PropertySourcesPlaceholderConfigurer.lambda$processProperties$0(PropertySourcesPlaceholderConfigurer.java:191)
	at org.springframework.beans.factory.support.AbstractBeanFactory.resolveEmbeddedValue(AbstractBeanFactory.java:936)
	at org.springframework.beans.factory.support.DefaultListableBeanFactory.doResolveDependency(DefaultListableBeanFactory.java:1332)
	at org.springframework.beans.factory.support.DefaultListableBeanFactory.resolveDependency(DefaultListableBeanFactory.java:1311)
	at org.springframework.beans.factory.annotation.AutowiredAnnotationBeanPostProcessor$AutowiredFieldElement.resolveFieldValue(AutowiredAnnotationBeanPostProcessor.java:657)
	at org.springframework.beans.factory.annotation.AutowiredAnnotationBeanPostProcessor$AutowiredFieldElement.inject(AutowiredAnnotationBeanPostProcessor.java:640)
	at org.springframework.beans.factory.annotation.InjectionMetadata.inject(InjectionMetadata.java:119)
	at org.springframework.beans.factory.annotation.AutowiredAnnotationBeanPostProcessor.postProcessProperties(AutowiredAnnotationBeanPostProcessor.java:399)
	... 43 common frames omitted
25-02-28.21:50:50.125 [main            ] ERROR TestContextManager     - Caught exception while allowing TestExecutionListener [org.springframework.test.context.web.ServletTestExecutionListener@2a693f59] to prepare test instance [com.ztf.test.rebate.BehaviorRebateServiceTest@70cd122]
java.lang.IllegalStateException: Failed to load ApplicationContext
	at org.springframework.test.context.cache.DefaultCacheAwareContextLoaderDelegate.loadContext(DefaultCacheAwareContextLoaderDelegate.java:98)
	at org.springframework.test.context.support.DefaultTestContext.getApplicationContext(DefaultTestContext.java:124)
	at org.springframework.test.context.web.ServletTestExecutionListener.setUpRequestContextIfNecessary(ServletTestExecutionListener.java:190)
	at org.springframework.test.context.web.ServletTestExecutionListener.prepareTestInstance(ServletTestExecutionListener.java:132)
	at org.springframework.test.context.TestContextManager.prepareTestInstance(TestContextManager.java:248)
	at org.springframework.test.context.junit4.SpringJUnit4ClassRunner.createTest(SpringJUnit4ClassRunner.java:227)
	at org.springframework.test.context.junit4.SpringJUnit4ClassRunner$1.runReflectiveCall(SpringJUnit4ClassRunner.java:289)
	at org.junit.internal.runners.model.ReflectiveCallable.run(ReflectiveCallable.java:12)
	at org.springframework.test.context.junit4.SpringJUnit4ClassRunner.methodBlock(SpringJUnit4ClassRunner.java:291)
	at org.springframework.test.context.junit4.SpringJUnit4ClassRunner.runChild(SpringJUnit4ClassRunner.java:246)
	at org.springframework.test.context.junit4.SpringJUnit4ClassRunner.runChild(SpringJUnit4ClassRunner.java:97)
	at org.junit.runners.ParentRunner$4.run(ParentRunner.java:331)
	at org.junit.runners.ParentRunner$1.schedule(ParentRunner.java:79)
	at org.junit.runners.ParentRunner.runChildren(ParentRunner.java:329)
	at org.junit.runners.ParentRunner.access$100(ParentRunner.java:66)
	at org.junit.runners.ParentRunner$2.evaluate(ParentRunner.java:293)
	at org.springframework.test.context.junit4.statements.RunBeforeTestClassCallbacks.evaluate(RunBeforeTestClassCallbacks.java:61)
	at org.springframework.test.context.junit4.statements.RunAfterTestClassCallbacks.evaluate(RunAfterTestClassCallbacks.java:70)
	at org.junit.runners.ParentRunner$3.evaluate(ParentRunner.java:306)
	at org.junit.runners.ParentRunner.run(ParentRunner.java:413)
	at org.springframework.test.context.junit4.SpringJUnit4ClassRunner.run(SpringJUnit4ClassRunner.java:190)
	at org.junit.runner.JUnitCore.run(JUnitCore.java:137)
	at com.intellij.junit4.JUnit4IdeaTestRunner.startRunnerWithArgs(JUnit4IdeaTestRunner.java:69)
	at com.intellij.rt.junit.IdeaTestRunner$Repeater$1.execute(IdeaTestRunner.java:38)
	at com.intellij.rt.execution.junit.TestsRepeater.repeat(TestsRepeater.java:11)
	at com.intellij.rt.junit.IdeaTestRunner$Repeater.startRunnerWithArgs(IdeaTestRunner.java:35)
	at com.intellij.rt.junit.JUnitStarter.prepareStreamsAndStart(JUnitStarter.java:232)
	at com.intellij.rt.junit.JUnitStarter.main(JUnitStarter.java:55)
Caused by: org.springframework.beans.factory.BeanCreationException: Error creating bean with name 'sendRebateMessageEvent': Injection of autowired dependencies failed; nested exception is java.lang.IllegalArgumentException: Could not resolve placeholder 'spring.rabbitmq.topic.send_rebate' in value "${spring.rabbitmq.topic.send_rebate}"
	at org.springframework.beans.factory.annotation.AutowiredAnnotationBeanPostProcessor.postProcessProperties(AutowiredAnnotationBeanPostProcessor.java:405)
	at org.springframework.beans.factory.support.AbstractAutowireCapableBeanFactory.populateBean(AbstractAutowireCapableBeanFactory.java:1431)
	at org.springframework.beans.factory.support.AbstractAutowireCapableBeanFactory.doCreateBean(AbstractAutowireCapableBeanFactory.java:619)
	at org.springframework.beans.factory.support.AbstractAutowireCapableBeanFactory.createBean(AbstractAutowireCapableBeanFactory.java:542)
	at org.springframework.beans.factory.support.AbstractBeanFactory.lambda$doGetBean$0(AbstractBeanFactory.java:335)
	at org.springframework.beans.factory.support.DefaultSingletonBeanRegistry.getSingleton(DefaultSingletonBeanRegistry.java:234)
	at org.springframework.beans.factory.support.AbstractBeanFactory.doGetBean(AbstractBeanFactory.java:333)
	at org.springframework.beans.factory.support.AbstractBeanFactory.getBean(AbstractBeanFactory.java:208)
	at org.springframework.beans.factory.support.DefaultListableBeanFactory.preInstantiateSingletons(DefaultListableBeanFactory.java:955)
	at org.springframework.context.support.AbstractApplicationContext.finishBeanFactoryInitialization(AbstractApplicationContext.java:920)
	at org.springframework.context.support.AbstractApplicationContext.refresh(AbstractApplicationContext.java:583)
	at org.springframework.boot.SpringApplication.refresh(SpringApplication.java:731)
	at org.springframework.boot.SpringApplication.refreshContext(SpringApplication.java:408)
	at org.springframework.boot.SpringApplication.run(SpringApplication.java:307)
	at org.springframework.boot.test.context.SpringBootContextLoader.loadContext(SpringBootContextLoader.java:136)
	at org.springframework.test.context.cache.DefaultCacheAwareContextLoaderDelegate.loadContextInternal(DefaultCacheAwareContextLoaderDelegate.java:141)
	at org.springframework.test.context.cache.DefaultCacheAwareContextLoaderDelegate.loadContext(DefaultCacheAwareContextLoaderDelegate.java:90)
	... 27 common frames omitted
Caused by: java.lang.IllegalArgumentException: Could not resolve placeholder 'spring.rabbitmq.topic.send_rebate' in value "${spring.rabbitmq.topic.send_rebate}"
	at org.springframework.util.PropertyPlaceholderHelper.parseStringValue(PropertyPlaceholderHelper.java:180)
	at org.springframework.util.PropertyPlaceholderHelper.replacePlaceholders(PropertyPlaceholderHelper.java:126)
	at org.springframework.core.env.AbstractPropertyResolver.doResolvePlaceholders(AbstractPropertyResolver.java:239)
	at org.springframework.core.env.AbstractPropertyResolver.resolveRequiredPlaceholders(AbstractPropertyResolver.java:210)
	at org.springframework.context.support.PropertySourcesPlaceholderConfigurer.lambda$processProperties$0(PropertySourcesPlaceholderConfigurer.java:191)
	at org.springframework.beans.factory.support.AbstractBeanFactory.resolveEmbeddedValue(AbstractBeanFactory.java:936)
	at org.springframework.beans.factory.support.DefaultListableBeanFactory.doResolveDependency(DefaultListableBeanFactory.java:1332)
	at org.springframework.beans.factory.support.DefaultListableBeanFactory.resolveDependency(DefaultListableBeanFactory.java:1311)
	at org.springframework.beans.factory.annotation.AutowiredAnnotationBeanPostProcessor$AutowiredFieldElement.resolveFieldValue(AutowiredAnnotationBeanPostProcessor.java:657)
	at org.springframework.beans.factory.annotation.AutowiredAnnotationBeanPostProcessor$AutowiredFieldElement.inject(AutowiredAnnotationBeanPostProcessor.java:640)
	at org.springframework.beans.factory.annotation.InjectionMetadata.inject(InjectionMetadata.java:119)
	at org.springframework.beans.factory.annotation.AutowiredAnnotationBeanPostProcessor.postProcessProperties(AutowiredAnnotationBeanPostProcessor.java:399)
	... 43 common frames omitted
25-02-28.21:53:43.972 [main            ] INFO  BehaviorRebateServiceTest - Starting BehaviorRebateServiceTest using Java 21.0.1 on LAPTOP-EPDR54BH with PID 45460 (started by Saber in D:\javacode\marketing_platform\big-market-ztf\big-market\big-market-app)
25-02-28.21:53:43.973 [main            ] INFO  BehaviorRebateServiceTest - The following 1 profile is active: "dev"
25-02-28.21:53:45.162 [main            ] INFO  RepositoryConfigurationDelegate - Multiple Spring Data modules found, entering strict repository configuration mode
25-02-28.21:53:45.165 [main            ] INFO  RepositoryConfigurationDelegate - Bootstrapping Spring Data Redis repositories in DEFAULT mode.
25-02-28.21:53:45.223 [main            ] INFO  RepositoryConfigurationDelegate - Finished Spring Data repository scanning in 43 ms. Found 0 Redis repository interfaces.
25-02-28.21:53:46.539 [main            ] INFO  Version                - Redisson 3.26.0
25-02-28.21:53:46.970 [redisson-netty-1-4] INFO  ConnectionsHolder      - 1 connections initialized for 127.0.0.1/127.0.0.1:16379
25-02-28.21:53:46.995 [redisson-netty-1-13] INFO  ConnectionsHolder      - 5 connections initialized for 127.0.0.1/127.0.0.1:16379
25-02-28.21:53:50.581 [main            ] INFO  EndpointLinksResolver  - Exposing 1 endpoint(s) beneath base path '/actuator'
25-02-28.21:53:50.650 [main            ] INFO  CachingConnectionFactory - Attempting to connect to: [127.0.0.1:5672]
25-02-28.21:53:50.777 [main            ] INFO  CachingConnectionFactory - Created new connection: rabbitConnectionFactory#2cebf82f:0/SimpleConnection@6de4071b [delegate=amqp://admin@127.0.0.1:5672/, localPort= 52398]
25-02-28.21:53:50.925 [main            ] INFO  BehaviorRebateServiceTest - Started BehaviorRebateServiceTest in 7.431 seconds (JVM running for 8.311)
25-02-28.21:53:51.070 [main            ] ERROR TestContextManager     - Caught exception while allowing TestExecutionListener [org.springframework.boot.test.autoconfigure.SpringBootDependencyInjectionTestExecutionListener@304bb45b] to prepare test instance [com.ztf.test.rebate.BehaviorRebateServiceTest@742aa00a]
org.springframework.beans.factory.BeanCreationException: Error creating bean with name 'com.ztf.test.rebate.BehaviorRebateServiceTest': Injection of resource dependencies failed; nested exception is org.springframework.beans.factory.NoSuchBeanDefinitionException: No qualifying bean of type 'com.ztf.domain.rebate.service.IBehaviorRebateService' available: expected at least 1 bean which qualifies as autowire candidate. Dependency annotations: {@javax.annotation.Resource(shareable=true, lookup="", name="", description="", authenticationType=CONTAINER, type=java.lang.Object.class, mappedName="")}
	at org.springframework.context.annotation.CommonAnnotationBeanPostProcessor.postProcessProperties(CommonAnnotationBeanPostProcessor.java:332)
	at org.springframework.beans.factory.support.AbstractAutowireCapableBeanFactory.populateBean(AbstractAutowireCapableBeanFactory.java:1431)
	at org.springframework.beans.factory.support.AbstractAutowireCapableBeanFactory.autowireBeanProperties(AbstractAutowireCapableBeanFactory.java:417)
	at org.springframework.test.context.support.DependencyInjectionTestExecutionListener.injectDependencies(DependencyInjectionTestExecutionListener.java:119)
	at org.springframework.test.context.support.DependencyInjectionTestExecutionListener.prepareTestInstance(DependencyInjectionTestExecutionListener.java:83)
	at org.springframework.boot.test.autoconfigure.SpringBootDependencyInjectionTestExecutionListener.prepareTestInstance(SpringBootDependencyInjectionTestExecutionListener.java:43)
	at org.springframework.test.context.TestContextManager.prepareTestInstance(TestContextManager.java:248)
	at org.springframework.test.context.junit4.SpringJUnit4ClassRunner.createTest(SpringJUnit4ClassRunner.java:227)
	at org.springframework.test.context.junit4.SpringJUnit4ClassRunner$1.runReflectiveCall(SpringJUnit4ClassRunner.java:289)
	at org.junit.internal.runners.model.ReflectiveCallable.run(ReflectiveCallable.java:12)
	at org.springframework.test.context.junit4.SpringJUnit4ClassRunner.methodBlock(SpringJUnit4ClassRunner.java:291)
	at org.springframework.test.context.junit4.SpringJUnit4ClassRunner.runChild(SpringJUnit4ClassRunner.java:246)
	at org.springframework.test.context.junit4.SpringJUnit4ClassRunner.runChild(SpringJUnit4ClassRunner.java:97)
	at org.junit.runners.ParentRunner$4.run(ParentRunner.java:331)
	at org.junit.runners.ParentRunner$1.schedule(ParentRunner.java:79)
	at org.junit.runners.ParentRunner.runChildren(ParentRunner.java:329)
	at org.junit.runners.ParentRunner.access$100(ParentRunner.java:66)
	at org.junit.runners.ParentRunner$2.evaluate(ParentRunner.java:293)
	at org.springframework.test.context.junit4.statements.RunBeforeTestClassCallbacks.evaluate(RunBeforeTestClassCallbacks.java:61)
	at org.springframework.test.context.junit4.statements.RunAfterTestClassCallbacks.evaluate(RunAfterTestClassCallbacks.java:70)
	at org.junit.runners.ParentRunner$3.evaluate(ParentRunner.java:306)
	at org.junit.runners.ParentRunner.run(ParentRunner.java:413)
	at org.springframework.test.context.junit4.SpringJUnit4ClassRunner.run(SpringJUnit4ClassRunner.java:190)
	at org.junit.runner.JUnitCore.run(JUnitCore.java:137)
	at com.intellij.junit4.JUnit4IdeaTestRunner.startRunnerWithArgs(JUnit4IdeaTestRunner.java:69)
	at com.intellij.rt.junit.IdeaTestRunner$Repeater$1.execute(IdeaTestRunner.java:38)
	at com.intellij.rt.execution.junit.TestsRepeater.repeat(TestsRepeater.java:11)
	at com.intellij.rt.junit.IdeaTestRunner$Repeater.startRunnerWithArgs(IdeaTestRunner.java:35)
	at com.intellij.rt.junit.JUnitStarter.prepareStreamsAndStart(JUnitStarter.java:232)
	at com.intellij.rt.junit.JUnitStarter.main(JUnitStarter.java:55)
Caused by: org.springframework.beans.factory.NoSuchBeanDefinitionException: No qualifying bean of type 'com.ztf.domain.rebate.service.IBehaviorRebateService' available: expected at least 1 bean which qualifies as autowire candidate. Dependency annotations: {@javax.annotation.Resource(shareable=true, lookup="", name="", description="", authenticationType=CONTAINER, type=java.lang.Object.class, mappedName="")}
	at org.springframework.beans.factory.support.DefaultListableBeanFactory.raiseNoMatchingBeanFound(DefaultListableBeanFactory.java:1801)
	at org.springframework.beans.factory.support.DefaultListableBeanFactory.doResolveDependency(DefaultListableBeanFactory.java:1357)
	at org.springframework.beans.factory.support.DefaultListableBeanFactory.resolveDependency(DefaultListableBeanFactory.java:1311)
	at org.springframework.context.annotation.CommonAnnotationBeanPostProcessor.autowireResource(CommonAnnotationBeanPostProcessor.java:544)
	at org.springframework.context.annotation.CommonAnnotationBeanPostProcessor.getResource(CommonAnnotationBeanPostProcessor.java:520)
	at org.springframework.context.annotation.CommonAnnotationBeanPostProcessor$ResourceElement.getResourceToInject(CommonAnnotationBeanPostProcessor.java:673)
	at org.springframework.beans.factory.annotation.InjectionMetadata$InjectedElement.inject(InjectionMetadata.java:228)
	at org.springframework.beans.factory.annotation.InjectionMetadata.inject(InjectionMetadata.java:119)
	at org.springframework.context.annotation.CommonAnnotationBeanPostProcessor.postProcessProperties(CommonAnnotationBeanPostProcessor.java:329)
	... 29 common frames omitted
25-02-28.21:53:51.096 [org.springframework.amqp.rabbit.RabbitListenerEndpointContainer#0-2] INFO  SimpleMessageListenerContainer - Waiting for workers to finish.
25-02-28.21:53:51.098 [org.springframework.amqp.rabbit.RabbitListenerEndpointContainer#1-2] INFO  SimpleMessageListenerContainer - Waiting for workers to finish.
25-02-28.21:53:51.918 [org.springframework.amqp.rabbit.RabbitListenerEndpointContainer#0-2] INFO  SimpleMessageListenerContainer - Successfully waited for workers to finish.
25-02-28.21:53:51.919 [org.springframework.amqp.rabbit.RabbitListenerEndpointContainer#1-2] INFO  SimpleMessageListenerContainer - Successfully waited for workers to finish.
25-02-28.21:53:51.922 [SpringApplicationShutdownHook] INFO  SimpleMessageListenerContainer - Shutdown ignored - container is already stopped
25-02-28.21:53:51.922 [SpringApplicationShutdownHook] INFO  SimpleMessageListenerContainer - Shutdown ignored - container is already stopped
25-02-28.21:57:27.033 [main            ] INFO  BehaviorRebateServiceTest - Starting BehaviorRebateServiceTest using Java 21.0.1 on LAPTOP-EPDR54BH with PID 33048 (started by Saber in D:\javacode\marketing_platform\big-market-ztf\big-market\big-market-app)
25-02-28.21:57:27.034 [main            ] INFO  BehaviorRebateServiceTest - The following 1 profile is active: "dev"
25-02-28.21:57:28.346 [main            ] INFO  RepositoryConfigurationDelegate - Multiple Spring Data modules found, entering strict repository configuration mode
25-02-28.21:57:28.349 [main            ] INFO  RepositoryConfigurationDelegate - Bootstrapping Spring Data Redis repositories in DEFAULT mode.
25-02-28.21:57:28.405 [main            ] INFO  RepositoryConfigurationDelegate - Finished Spring Data repository scanning in 36 ms. Found 0 Redis repository interfaces.
25-02-28.21:57:29.668 [main            ] INFO  Version                - Redisson 3.26.0
25-02-28.21:57:30.082 [redisson-netty-1-5] INFO  ConnectionsHolder      - 1 connections initialized for 127.0.0.1/127.0.0.1:16379
25-02-28.21:57:30.118 [redisson-netty-1-13] INFO  ConnectionsHolder      - 5 connections initialized for 127.0.0.1/127.0.0.1:16379
25-02-28.21:57:33.253 [main            ] INFO  EndpointLinksResolver  - Exposing 1 endpoint(s) beneath base path '/actuator'
25-02-28.21:57:33.334 [main            ] INFO  CachingConnectionFactory - Attempting to connect to: [127.0.0.1:5672]
25-02-28.21:57:33.383 [main            ] INFO  CachingConnectionFactory - Created new connection: rabbitConnectionFactory#50ac1249:0/SimpleConnection@755033c5 [delegate=amqp://admin@127.0.0.1:5672/, localPort= 52907]
25-02-28.21:57:33.468 [main            ] INFO  BehaviorRebateServiceTest - Started BehaviorRebateServiceTest in 6.926 seconds (JVM running for 7.978)
25-02-28.21:57:33.598 [main            ] ERROR TestContextManager     - Caught exception while allowing TestExecutionListener [org.springframework.boot.test.autoconfigure.SpringBootDependencyInjectionTestExecutionListener@304bb45b] to prepare test instance [com.ztf.test.rebate.BehaviorRebateServiceTest@5183131d]
org.springframework.beans.factory.BeanCreationException: Error creating bean with name 'com.ztf.test.rebate.BehaviorRebateServiceTest': Injection of resource dependencies failed; nested exception is org.springframework.beans.factory.NoSuchBeanDefinitionException: No qualifying bean of type 'com.ztf.domain.rebate.service.IBehaviorRebateService' available: expected at least 1 bean which qualifies as autowire candidate. Dependency annotations: {@javax.annotation.Resource(shareable=true, lookup="", name="", description="", authenticationType=CONTAINER, type=java.lang.Object.class, mappedName="")}
	at org.springframework.context.annotation.CommonAnnotationBeanPostProcessor.postProcessProperties(CommonAnnotationBeanPostProcessor.java:332)
	at org.springframework.beans.factory.support.AbstractAutowireCapableBeanFactory.populateBean(AbstractAutowireCapableBeanFactory.java:1431)
	at org.springframework.beans.factory.support.AbstractAutowireCapableBeanFactory.autowireBeanProperties(AbstractAutowireCapableBeanFactory.java:417)
	at org.springframework.test.context.support.DependencyInjectionTestExecutionListener.injectDependencies(DependencyInjectionTestExecutionListener.java:119)
	at org.springframework.test.context.support.DependencyInjectionTestExecutionListener.prepareTestInstance(DependencyInjectionTestExecutionListener.java:83)
	at org.springframework.boot.test.autoconfigure.SpringBootDependencyInjectionTestExecutionListener.prepareTestInstance(SpringBootDependencyInjectionTestExecutionListener.java:43)
	at org.springframework.test.context.TestContextManager.prepareTestInstance(TestContextManager.java:248)
	at org.springframework.test.context.junit4.SpringJUnit4ClassRunner.createTest(SpringJUnit4ClassRunner.java:227)
	at org.springframework.test.context.junit4.SpringJUnit4ClassRunner$1.runReflectiveCall(SpringJUnit4ClassRunner.java:289)
	at org.junit.internal.runners.model.ReflectiveCallable.run(ReflectiveCallable.java:12)
	at org.springframework.test.context.junit4.SpringJUnit4ClassRunner.methodBlock(SpringJUnit4ClassRunner.java:291)
	at org.springframework.test.context.junit4.SpringJUnit4ClassRunner.runChild(SpringJUnit4ClassRunner.java:246)
	at org.springframework.test.context.junit4.SpringJUnit4ClassRunner.runChild(SpringJUnit4ClassRunner.java:97)
	at org.junit.runners.ParentRunner$4.run(ParentRunner.java:331)
	at org.junit.runners.ParentRunner$1.schedule(ParentRunner.java:79)
	at org.junit.runners.ParentRunner.runChildren(ParentRunner.java:329)
	at org.junit.runners.ParentRunner.access$100(ParentRunner.java:66)
	at org.junit.runners.ParentRunner$2.evaluate(ParentRunner.java:293)
	at org.springframework.test.context.junit4.statements.RunBeforeTestClassCallbacks.evaluate(RunBeforeTestClassCallbacks.java:61)
	at org.springframework.test.context.junit4.statements.RunAfterTestClassCallbacks.evaluate(RunAfterTestClassCallbacks.java:70)
	at org.junit.runners.ParentRunner$3.evaluate(ParentRunner.java:306)
	at org.junit.runners.ParentRunner.run(ParentRunner.java:413)
	at org.springframework.test.context.junit4.SpringJUnit4ClassRunner.run(SpringJUnit4ClassRunner.java:190)
	at org.junit.runner.JUnitCore.run(JUnitCore.java:137)
	at com.intellij.junit4.JUnit4IdeaTestRunner.startRunnerWithArgs(JUnit4IdeaTestRunner.java:69)
	at com.intellij.rt.junit.IdeaTestRunner$Repeater$1.execute(IdeaTestRunner.java:38)
	at com.intellij.rt.execution.junit.TestsRepeater.repeat(TestsRepeater.java:11)
	at com.intellij.rt.junit.IdeaTestRunner$Repeater.startRunnerWithArgs(IdeaTestRunner.java:35)
	at com.intellij.rt.junit.JUnitStarter.prepareStreamsAndStart(JUnitStarter.java:232)
	at com.intellij.rt.junit.JUnitStarter.main(JUnitStarter.java:55)
Caused by: org.springframework.beans.factory.NoSuchBeanDefinitionException: No qualifying bean of type 'com.ztf.domain.rebate.service.IBehaviorRebateService' available: expected at least 1 bean which qualifies as autowire candidate. Dependency annotations: {@javax.annotation.Resource(shareable=true, lookup="", name="", description="", authenticationType=CONTAINER, type=java.lang.Object.class, mappedName="")}
	at org.springframework.beans.factory.support.DefaultListableBeanFactory.raiseNoMatchingBeanFound(DefaultListableBeanFactory.java:1801)
	at org.springframework.beans.factory.support.DefaultListableBeanFactory.doResolveDependency(DefaultListableBeanFactory.java:1357)
	at org.springframework.beans.factory.support.DefaultListableBeanFactory.resolveDependency(DefaultListableBeanFactory.java:1311)
	at org.springframework.context.annotation.CommonAnnotationBeanPostProcessor.autowireResource(CommonAnnotationBeanPostProcessor.java:544)
	at org.springframework.context.annotation.CommonAnnotationBeanPostProcessor.getResource(CommonAnnotationBeanPostProcessor.java:520)
	at org.springframework.context.annotation.CommonAnnotationBeanPostProcessor$ResourceElement.getResourceToInject(CommonAnnotationBeanPostProcessor.java:673)
	at org.springframework.beans.factory.annotation.InjectionMetadata$InjectedElement.inject(InjectionMetadata.java:228)
	at org.springframework.beans.factory.annotation.InjectionMetadata.inject(InjectionMetadata.java:119)
	at org.springframework.context.annotation.CommonAnnotationBeanPostProcessor.postProcessProperties(CommonAnnotationBeanPostProcessor.java:329)
	... 29 common frames omitted
25-02-28.21:57:33.618 [org.springframework.amqp.rabbit.RabbitListenerEndpointContainer#0-2] INFO  SimpleMessageListenerContainer - Waiting for workers to finish.
25-02-28.21:57:33.621 [org.springframework.amqp.rabbit.RabbitListenerEndpointContainer#1-2] INFO  SimpleMessageListenerContainer - Waiting for workers to finish.
25-02-28.21:57:34.450 [org.springframework.amqp.rabbit.RabbitListenerEndpointContainer#0-2] INFO  SimpleMessageListenerContainer - Successfully waited for workers to finish.
25-02-28.21:57:34.462 [org.springframework.amqp.rabbit.RabbitListenerEndpointContainer#1-2] INFO  SimpleMessageListenerContainer - Successfully waited for workers to finish.
25-02-28.21:57:34.465 [SpringApplicationShutdownHook] INFO  SimpleMessageListenerContainer - Shutdown ignored - container is already stopped
25-02-28.21:57:34.466 [SpringApplicationShutdownHook] INFO  SimpleMessageListenerContainer - Shutdown ignored - container is already stopped
25-02-28.22:00:09.683 [main            ] INFO  BehaviorRebateServiceTest - Starting BehaviorRebateServiceTest using Java 21.0.1 on LAPTOP-EPDR54BH with PID 34804 (started by Saber in D:\javacode\marketing_platform\big-market-ztf\big-market\big-market-app)
25-02-28.22:00:09.684 [main            ] INFO  BehaviorRebateServiceTest - The following 1 profile is active: "dev"
25-02-28.22:00:10.926 [main            ] INFO  RepositoryConfigurationDelegate - Multiple Spring Data modules found, entering strict repository configuration mode
25-02-28.22:00:10.929 [main            ] INFO  RepositoryConfigurationDelegate - Bootstrapping Spring Data Redis repositories in DEFAULT mode.
25-02-28.22:00:10.980 [main            ] INFO  RepositoryConfigurationDelegate - Finished Spring Data repository scanning in 41 ms. Found 0 Redis repository interfaces.
25-02-28.22:00:12.133 [main            ] INFO  Version                - Redisson 3.26.0
25-02-28.22:00:12.691 [redisson-netty-1-4] INFO  ConnectionsHolder      - 1 connections initialized for 127.0.0.1/127.0.0.1:16379
25-02-28.22:00:12.716 [redisson-netty-1-13] INFO  ConnectionsHolder      - 5 connections initialized for 127.0.0.1/127.0.0.1:16379
25-02-28.22:00:17.302 [main            ] INFO  EndpointLinksResolver  - Exposing 1 endpoint(s) beneath base path '/actuator'
25-02-28.22:00:17.417 [main            ] INFO  CachingConnectionFactory - Attempting to connect to: [127.0.0.1:5672]
25-02-28.22:00:17.478 [main            ] INFO  CachingConnectionFactory - Created new connection: rabbitConnectionFactory#2cebf82f:0/SimpleConnection@2604940 [delegate=amqp://admin@127.0.0.1:5672/, localPort= 53176]
25-02-28.22:00:17.601 [main            ] INFO  BehaviorRebateServiceTest - Started BehaviorRebateServiceTest in 8.4 seconds (JVM running for 9.281)
25-02-28.22:00:17.744 [main            ] ERROR TestContextManager     - Caught exception while allowing TestExecutionListener [org.springframework.boot.test.autoconfigure.SpringBootDependencyInjectionTestExecutionListener@304bb45b] to prepare test instance [com.ztf.test.rebate.BehaviorRebateServiceTest@7dc9b41a]
org.springframework.beans.factory.BeanCreationException: Error creating bean with name 'com.ztf.test.rebate.BehaviorRebateServiceTest': Injection of resource dependencies failed; nested exception is org.springframework.beans.factory.NoSuchBeanDefinitionException: No qualifying bean of type 'com.ztf.domain.rebate.service.IBehaviorRebateService' available: expected at least 1 bean which qualifies as autowire candidate. Dependency annotations: {@javax.annotation.Resource(shareable=true, lookup="", name="", description="", authenticationType=CONTAINER, type=java.lang.Object.class, mappedName="")}
	at org.springframework.context.annotation.CommonAnnotationBeanPostProcessor.postProcessProperties(CommonAnnotationBeanPostProcessor.java:332)
	at org.springframework.beans.factory.support.AbstractAutowireCapableBeanFactory.populateBean(AbstractAutowireCapableBeanFactory.java:1431)
	at org.springframework.beans.factory.support.AbstractAutowireCapableBeanFactory.autowireBeanProperties(AbstractAutowireCapableBeanFactory.java:417)
	at org.springframework.test.context.support.DependencyInjectionTestExecutionListener.injectDependencies(DependencyInjectionTestExecutionListener.java:119)
	at org.springframework.test.context.support.DependencyInjectionTestExecutionListener.prepareTestInstance(DependencyInjectionTestExecutionListener.java:83)
	at org.springframework.boot.test.autoconfigure.SpringBootDependencyInjectionTestExecutionListener.prepareTestInstance(SpringBootDependencyInjectionTestExecutionListener.java:43)
	at org.springframework.test.context.TestContextManager.prepareTestInstance(TestContextManager.java:248)
	at org.springframework.test.context.junit4.SpringJUnit4ClassRunner.createTest(SpringJUnit4ClassRunner.java:227)
	at org.springframework.test.context.junit4.SpringJUnit4ClassRunner$1.runReflectiveCall(SpringJUnit4ClassRunner.java:289)
	at org.junit.internal.runners.model.ReflectiveCallable.run(ReflectiveCallable.java:12)
	at org.springframework.test.context.junit4.SpringJUnit4ClassRunner.methodBlock(SpringJUnit4ClassRunner.java:291)
	at org.springframework.test.context.junit4.SpringJUnit4ClassRunner.runChild(SpringJUnit4ClassRunner.java:246)
	at org.springframework.test.context.junit4.SpringJUnit4ClassRunner.runChild(SpringJUnit4ClassRunner.java:97)
	at org.junit.runners.ParentRunner$4.run(ParentRunner.java:331)
	at org.junit.runners.ParentRunner$1.schedule(ParentRunner.java:79)
	at org.junit.runners.ParentRunner.runChildren(ParentRunner.java:329)
	at org.junit.runners.ParentRunner.access$100(ParentRunner.java:66)
	at org.junit.runners.ParentRunner$2.evaluate(ParentRunner.java:293)
	at org.springframework.test.context.junit4.statements.RunBeforeTestClassCallbacks.evaluate(RunBeforeTestClassCallbacks.java:61)
	at org.springframework.test.context.junit4.statements.RunAfterTestClassCallbacks.evaluate(RunAfterTestClassCallbacks.java:70)
	at org.junit.runners.ParentRunner$3.evaluate(ParentRunner.java:306)
	at org.junit.runners.ParentRunner.run(ParentRunner.java:413)
	at org.springframework.test.context.junit4.SpringJUnit4ClassRunner.run(SpringJUnit4ClassRunner.java:190)
	at org.junit.runner.JUnitCore.run(JUnitCore.java:137)
	at com.intellij.junit4.JUnit4IdeaTestRunner.startRunnerWithArgs(JUnit4IdeaTestRunner.java:69)
	at com.intellij.rt.junit.IdeaTestRunner$Repeater$1.execute(IdeaTestRunner.java:38)
	at com.intellij.rt.execution.junit.TestsRepeater.repeat(TestsRepeater.java:11)
	at com.intellij.rt.junit.IdeaTestRunner$Repeater.startRunnerWithArgs(IdeaTestRunner.java:35)
	at com.intellij.rt.junit.JUnitStarter.prepareStreamsAndStart(JUnitStarter.java:232)
	at com.intellij.rt.junit.JUnitStarter.main(JUnitStarter.java:55)
Caused by: org.springframework.beans.factory.NoSuchBeanDefinitionException: No qualifying bean of type 'com.ztf.domain.rebate.service.IBehaviorRebateService' available: expected at least 1 bean which qualifies as autowire candidate. Dependency annotations: {@javax.annotation.Resource(shareable=true, lookup="", name="", description="", authenticationType=CONTAINER, type=java.lang.Object.class, mappedName="")}
	at org.springframework.beans.factory.support.DefaultListableBeanFactory.raiseNoMatchingBeanFound(DefaultListableBeanFactory.java:1801)
	at org.springframework.beans.factory.support.DefaultListableBeanFactory.doResolveDependency(DefaultListableBeanFactory.java:1357)
	at org.springframework.beans.factory.support.DefaultListableBeanFactory.resolveDependency(DefaultListableBeanFactory.java:1311)
	at org.springframework.context.annotation.CommonAnnotationBeanPostProcessor.autowireResource(CommonAnnotationBeanPostProcessor.java:544)
	at org.springframework.context.annotation.CommonAnnotationBeanPostProcessor.getResource(CommonAnnotationBeanPostProcessor.java:520)
	at org.springframework.context.annotation.CommonAnnotationBeanPostProcessor$ResourceElement.getResourceToInject(CommonAnnotationBeanPostProcessor.java:673)
	at org.springframework.beans.factory.annotation.InjectionMetadata$InjectedElement.inject(InjectionMetadata.java:228)
	at org.springframework.beans.factory.annotation.InjectionMetadata.inject(InjectionMetadata.java:119)
	at org.springframework.context.annotation.CommonAnnotationBeanPostProcessor.postProcessProperties(CommonAnnotationBeanPostProcessor.java:329)
	... 29 common frames omitted
25-02-28.22:00:17.766 [org.springframework.amqp.rabbit.RabbitListenerEndpointContainer#0-2] INFO  SimpleMessageListenerContainer - Waiting for workers to finish.
25-02-28.22:00:17.769 [org.springframework.amqp.rabbit.RabbitListenerEndpointContainer#1-2] INFO  SimpleMessageListenerContainer - Waiting for workers to finish.
25-02-28.22:00:18.580 [org.springframework.amqp.rabbit.RabbitListenerEndpointContainer#0-2] INFO  SimpleMessageListenerContainer - Successfully waited for workers to finish.
25-02-28.22:00:18.615 [org.springframework.amqp.rabbit.RabbitListenerEndpointContainer#1-2] INFO  SimpleMessageListenerContainer - Successfully waited for workers to finish.
25-02-28.22:00:18.617 [SpringApplicationShutdownHook] INFO  SimpleMessageListenerContainer - Shutdown ignored - container is already stopped
25-02-28.22:00:18.617 [SpringApplicationShutdownHook] INFO  SimpleMessageListenerContainer - Shutdown ignored - container is already stopped
25-02-28.22:03:00.577 [main            ] INFO  BehaviorRebateServiceTest - Starting BehaviorRebateServiceTest using Java 21.0.1 on LAPTOP-EPDR54BH with PID 8032 (started by Saber in D:\javacode\marketing_platform\big-market-ztf\big-market\big-market-app)
25-02-28.22:03:00.578 [main            ] INFO  BehaviorRebateServiceTest - The following 1 profile is active: "dev"
25-02-28.22:03:01.808 [main            ] INFO  RepositoryConfigurationDelegate - Multiple Spring Data modules found, entering strict repository configuration mode
25-02-28.22:03:01.811 [main            ] INFO  RepositoryConfigurationDelegate - Bootstrapping Spring Data Redis repositories in DEFAULT mode.
25-02-28.22:03:01.872 [main            ] INFO  RepositoryConfigurationDelegate - Finished Spring Data repository scanning in 40 ms. Found 0 Redis repository interfaces.
25-02-28.22:03:03.153 [main            ] INFO  Version                - Redisson 3.26.0
25-02-28.22:03:03.624 [redisson-netty-1-4] INFO  ConnectionsHolder      - 1 connections initialized for 127.0.0.1/127.0.0.1:16379
25-02-28.22:03:03.649 [redisson-netty-1-13] INFO  ConnectionsHolder      - 5 connections initialized for 127.0.0.1/127.0.0.1:16379
25-02-28.22:03:07.745 [main            ] INFO  EndpointLinksResolver  - Exposing 1 endpoint(s) beneath base path '/actuator'
25-02-28.22:03:07.879 [main            ] INFO  CachingConnectionFactory - Attempting to connect to: [127.0.0.1:5672]
25-02-28.22:03:07.944 [main            ] INFO  CachingConnectionFactory - Created new connection: rabbitConnectionFactory#2cebf82f:0/SimpleConnection@3f1e18b1 [delegate=amqp://admin@127.0.0.1:5672/, localPort= 53493]
25-02-28.22:03:08.067 [main            ] INFO  BehaviorRebateServiceTest - Started BehaviorRebateServiceTest in 8.023 seconds (JVM running for 8.888)
25-02-28.22:03:08.234 [main            ] ERROR TestContextManager     - Caught exception while allowing TestExecutionListener [org.springframework.boot.test.autoconfigure.SpringBootDependencyInjectionTestExecutionListener@304bb45b] to prepare test instance [com.ztf.test.rebate.BehaviorRebateServiceTest@27ea552d]
org.springframework.beans.factory.BeanCreationException: Error creating bean with name 'com.ztf.test.rebate.BehaviorRebateServiceTest': Injection of resource dependencies failed; nested exception is org.springframework.beans.factory.NoSuchBeanDefinitionException: No qualifying bean of type 'com.ztf.domain.rebate.service.IBehaviorRebateService' available: expected at least 1 bean which qualifies as autowire candidate. Dependency annotations: {@javax.annotation.Resource(shareable=true, lookup="", name="", description="", authenticationType=CONTAINER, type=java.lang.Object.class, mappedName="")}
	at org.springframework.context.annotation.CommonAnnotationBeanPostProcessor.postProcessProperties(CommonAnnotationBeanPostProcessor.java:332)
	at org.springframework.beans.factory.support.AbstractAutowireCapableBeanFactory.populateBean(AbstractAutowireCapableBeanFactory.java:1431)
	at org.springframework.beans.factory.support.AbstractAutowireCapableBeanFactory.autowireBeanProperties(AbstractAutowireCapableBeanFactory.java:417)
	at org.springframework.test.context.support.DependencyInjectionTestExecutionListener.injectDependencies(DependencyInjectionTestExecutionListener.java:119)
	at org.springframework.test.context.support.DependencyInjectionTestExecutionListener.prepareTestInstance(DependencyInjectionTestExecutionListener.java:83)
	at org.springframework.boot.test.autoconfigure.SpringBootDependencyInjectionTestExecutionListener.prepareTestInstance(SpringBootDependencyInjectionTestExecutionListener.java:43)
	at org.springframework.test.context.TestContextManager.prepareTestInstance(TestContextManager.java:248)
	at org.springframework.test.context.junit4.SpringJUnit4ClassRunner.createTest(SpringJUnit4ClassRunner.java:227)
	at org.springframework.test.context.junit4.SpringJUnit4ClassRunner$1.runReflectiveCall(SpringJUnit4ClassRunner.java:289)
	at org.junit.internal.runners.model.ReflectiveCallable.run(ReflectiveCallable.java:12)
	at org.springframework.test.context.junit4.SpringJUnit4ClassRunner.methodBlock(SpringJUnit4ClassRunner.java:291)
	at org.springframework.test.context.junit4.SpringJUnit4ClassRunner.runChild(SpringJUnit4ClassRunner.java:246)
	at org.springframework.test.context.junit4.SpringJUnit4ClassRunner.runChild(SpringJUnit4ClassRunner.java:97)
	at org.junit.runners.ParentRunner$4.run(ParentRunner.java:331)
	at org.junit.runners.ParentRunner$1.schedule(ParentRunner.java:79)
	at org.junit.runners.ParentRunner.runChildren(ParentRunner.java:329)
	at org.junit.runners.ParentRunner.access$100(ParentRunner.java:66)
	at org.junit.runners.ParentRunner$2.evaluate(ParentRunner.java:293)
	at org.springframework.test.context.junit4.statements.RunBeforeTestClassCallbacks.evaluate(RunBeforeTestClassCallbacks.java:61)
	at org.springframework.test.context.junit4.statements.RunAfterTestClassCallbacks.evaluate(RunAfterTestClassCallbacks.java:70)
	at org.junit.runners.ParentRunner$3.evaluate(ParentRunner.java:306)
	at org.junit.runners.ParentRunner.run(ParentRunner.java:413)
	at org.springframework.test.context.junit4.SpringJUnit4ClassRunner.run(SpringJUnit4ClassRunner.java:190)
	at org.junit.runner.JUnitCore.run(JUnitCore.java:137)
	at com.intellij.junit4.JUnit4IdeaTestRunner.startRunnerWithArgs(JUnit4IdeaTestRunner.java:69)
	at com.intellij.rt.junit.IdeaTestRunner$Repeater$1.execute(IdeaTestRunner.java:38)
	at com.intellij.rt.execution.junit.TestsRepeater.repeat(TestsRepeater.java:11)
	at com.intellij.rt.junit.IdeaTestRunner$Repeater.startRunnerWithArgs(IdeaTestRunner.java:35)
	at com.intellij.rt.junit.JUnitStarter.prepareStreamsAndStart(JUnitStarter.java:232)
	at com.intellij.rt.junit.JUnitStarter.main(JUnitStarter.java:55)
Caused by: org.springframework.beans.factory.NoSuchBeanDefinitionException: No qualifying bean of type 'com.ztf.domain.rebate.service.IBehaviorRebateService' available: expected at least 1 bean which qualifies as autowire candidate. Dependency annotations: {@javax.annotation.Resource(shareable=true, lookup="", name="", description="", authenticationType=CONTAINER, type=java.lang.Object.class, mappedName="")}
	at org.springframework.beans.factory.support.DefaultListableBeanFactory.raiseNoMatchingBeanFound(DefaultListableBeanFactory.java:1801)
	at org.springframework.beans.factory.support.DefaultListableBeanFactory.doResolveDependency(DefaultListableBeanFactory.java:1357)
	at org.springframework.beans.factory.support.DefaultListableBeanFactory.resolveDependency(DefaultListableBeanFactory.java:1311)
	at org.springframework.context.annotation.CommonAnnotationBeanPostProcessor.autowireResource(CommonAnnotationBeanPostProcessor.java:544)
	at org.springframework.context.annotation.CommonAnnotationBeanPostProcessor.getResource(CommonAnnotationBeanPostProcessor.java:520)
	at org.springframework.context.annotation.CommonAnnotationBeanPostProcessor$ResourceElement.getResourceToInject(CommonAnnotationBeanPostProcessor.java:673)
	at org.springframework.beans.factory.annotation.InjectionMetadata$InjectedElement.inject(InjectionMetadata.java:228)
	at org.springframework.beans.factory.annotation.InjectionMetadata.inject(InjectionMetadata.java:119)
	at org.springframework.context.annotation.CommonAnnotationBeanPostProcessor.postProcessProperties(CommonAnnotationBeanPostProcessor.java:329)
	... 29 common frames omitted
25-02-28.22:03:08.261 [org.springframework.amqp.rabbit.RabbitListenerEndpointContainer#0-2] INFO  SimpleMessageListenerContainer - Waiting for workers to finish.
25-02-28.22:03:08.263 [org.springframework.amqp.rabbit.RabbitListenerEndpointContainer#1-2] INFO  SimpleMessageListenerContainer - Waiting for workers to finish.
25-02-28.22:03:09.053 [org.springframework.amqp.rabbit.RabbitListenerEndpointContainer#0-2] INFO  SimpleMessageListenerContainer - Successfully waited for workers to finish.
25-02-28.22:03:09.064 [org.springframework.amqp.rabbit.RabbitListenerEndpointContainer#1-2] INFO  SimpleMessageListenerContainer - Successfully waited for workers to finish.
25-02-28.22:03:09.068 [SpringApplicationShutdownHook] INFO  SimpleMessageListenerContainer - Shutdown ignored - container is already stopped
25-02-28.22:03:09.068 [SpringApplicationShutdownHook] INFO  SimpleMessageListenerContainer - Shutdown ignored - container is already stopped
25-02-28.22:04:47.968 [main            ] INFO  BehaviorRebateServiceTest - Starting BehaviorRebateServiceTest using Java 21.0.1 on LAPTOP-EPDR54BH with PID 41996 (started by Saber in D:\javacode\marketing_platform\big-market-ztf\big-market\big-market-app)
25-02-28.22:04:47.969 [main            ] INFO  BehaviorRebateServiceTest - The following 1 profile is active: "dev"
25-02-28.22:04:49.342 [main            ] INFO  RepositoryConfigurationDelegate - Multiple Spring Data modules found, entering strict repository configuration mode
25-02-28.22:04:49.344 [main            ] INFO  RepositoryConfigurationDelegate - Bootstrapping Spring Data Redis repositories in DEFAULT mode.
25-02-28.22:04:49.397 [main            ] INFO  RepositoryConfigurationDelegate - Finished Spring Data repository scanning in 40 ms. Found 0 Redis repository interfaces.
25-02-28.22:04:50.648 [main            ] INFO  Version                - Redisson 3.26.0
25-02-28.22:04:51.070 [redisson-netty-1-4] INFO  ConnectionsHolder      - 1 connections initialized for 127.0.0.1/127.0.0.1:16379
25-02-28.22:04:51.121 [redisson-netty-1-13] INFO  ConnectionsHolder      - 5 connections initialized for 127.0.0.1/127.0.0.1:16379
25-02-28.22:04:55.625 [main            ] INFO  EndpointLinksResolver  - Exposing 1 endpoint(s) beneath base path '/actuator'
25-02-28.22:04:55.760 [main            ] INFO  CachingConnectionFactory - Attempting to connect to: [127.0.0.1:5672]
25-02-28.22:04:55.810 [main            ] INFO  CachingConnectionFactory - Created new connection: rabbitConnectionFactory#2cebf82f:0/SimpleConnection@3f1e18b1 [delegate=amqp://admin@127.0.0.1:5672/, localPort= 53667]
25-02-28.22:04:55.965 [main            ] INFO  BehaviorRebateServiceTest - Started BehaviorRebateServiceTest in 8.528 seconds (JVM running for 9.38)
25-02-28.22:04:56.145 [main            ] ERROR TestContextManager     - Caught exception while allowing TestExecutionListener [org.springframework.boot.test.autoconfigure.SpringBootDependencyInjectionTestExecutionListener@304bb45b] to prepare test instance [com.ztf.test.rebate.BehaviorRebateServiceTest@27ea552d]
org.springframework.beans.factory.BeanCreationException: Error creating bean with name 'com.ztf.test.rebate.BehaviorRebateServiceTest': Injection of resource dependencies failed; nested exception is org.springframework.beans.factory.NoSuchBeanDefinitionException: No qualifying bean of type 'com.ztf.domain.rebate.service.IBehaviorRebateService' available: expected at least 1 bean which qualifies as autowire candidate. Dependency annotations: {@javax.annotation.Resource(shareable=true, lookup="", name="", description="", authenticationType=CONTAINER, type=java.lang.Object.class, mappedName="")}
	at org.springframework.context.annotation.CommonAnnotationBeanPostProcessor.postProcessProperties(CommonAnnotationBeanPostProcessor.java:332)
	at org.springframework.beans.factory.support.AbstractAutowireCapableBeanFactory.populateBean(AbstractAutowireCapableBeanFactory.java:1431)
	at org.springframework.beans.factory.support.AbstractAutowireCapableBeanFactory.autowireBeanProperties(AbstractAutowireCapableBeanFactory.java:417)
	at org.springframework.test.context.support.DependencyInjectionTestExecutionListener.injectDependencies(DependencyInjectionTestExecutionListener.java:119)
	at org.springframework.test.context.support.DependencyInjectionTestExecutionListener.prepareTestInstance(DependencyInjectionTestExecutionListener.java:83)
	at org.springframework.boot.test.autoconfigure.SpringBootDependencyInjectionTestExecutionListener.prepareTestInstance(SpringBootDependencyInjectionTestExecutionListener.java:43)
	at org.springframework.test.context.TestContextManager.prepareTestInstance(TestContextManager.java:248)
	at org.springframework.test.context.junit4.SpringJUnit4ClassRunner.createTest(SpringJUnit4ClassRunner.java:227)
	at org.springframework.test.context.junit4.SpringJUnit4ClassRunner$1.runReflectiveCall(SpringJUnit4ClassRunner.java:289)
	at org.junit.internal.runners.model.ReflectiveCallable.run(ReflectiveCallable.java:12)
	at org.springframework.test.context.junit4.SpringJUnit4ClassRunner.methodBlock(SpringJUnit4ClassRunner.java:291)
	at org.springframework.test.context.junit4.SpringJUnit4ClassRunner.runChild(SpringJUnit4ClassRunner.java:246)
	at org.springframework.test.context.junit4.SpringJUnit4ClassRunner.runChild(SpringJUnit4ClassRunner.java:97)
	at org.junit.runners.ParentRunner$4.run(ParentRunner.java:331)
	at org.junit.runners.ParentRunner$1.schedule(ParentRunner.java:79)
	at org.junit.runners.ParentRunner.runChildren(ParentRunner.java:329)
	at org.junit.runners.ParentRunner.access$100(ParentRunner.java:66)
	at org.junit.runners.ParentRunner$2.evaluate(ParentRunner.java:293)
	at org.springframework.test.context.junit4.statements.RunBeforeTestClassCallbacks.evaluate(RunBeforeTestClassCallbacks.java:61)
	at org.springframework.test.context.junit4.statements.RunAfterTestClassCallbacks.evaluate(RunAfterTestClassCallbacks.java:70)
	at org.junit.runners.ParentRunner$3.evaluate(ParentRunner.java:306)
	at org.junit.runners.ParentRunner.run(ParentRunner.java:413)
	at org.springframework.test.context.junit4.SpringJUnit4ClassRunner.run(SpringJUnit4ClassRunner.java:190)
	at org.junit.runner.JUnitCore.run(JUnitCore.java:137)
	at com.intellij.junit4.JUnit4IdeaTestRunner.startRunnerWithArgs(JUnit4IdeaTestRunner.java:69)
	at com.intellij.rt.junit.IdeaTestRunner$Repeater$1.execute(IdeaTestRunner.java:38)
	at com.intellij.rt.execution.junit.TestsRepeater.repeat(TestsRepeater.java:11)
	at com.intellij.rt.junit.IdeaTestRunner$Repeater.startRunnerWithArgs(IdeaTestRunner.java:35)
	at com.intellij.rt.junit.JUnitStarter.prepareStreamsAndStart(JUnitStarter.java:232)
	at com.intellij.rt.junit.JUnitStarter.main(JUnitStarter.java:55)
Caused by: org.springframework.beans.factory.NoSuchBeanDefinitionException: No qualifying bean of type 'com.ztf.domain.rebate.service.IBehaviorRebateService' available: expected at least 1 bean which qualifies as autowire candidate. Dependency annotations: {@javax.annotation.Resource(shareable=true, lookup="", name="", description="", authenticationType=CONTAINER, type=java.lang.Object.class, mappedName="")}
	at org.springframework.beans.factory.support.DefaultListableBeanFactory.raiseNoMatchingBeanFound(DefaultListableBeanFactory.java:1801)
	at org.springframework.beans.factory.support.DefaultListableBeanFactory.doResolveDependency(DefaultListableBeanFactory.java:1357)
	at org.springframework.beans.factory.support.DefaultListableBeanFactory.resolveDependency(DefaultListableBeanFactory.java:1311)
	at org.springframework.context.annotation.CommonAnnotationBeanPostProcessor.autowireResource(CommonAnnotationBeanPostProcessor.java:544)
	at org.springframework.context.annotation.CommonAnnotationBeanPostProcessor.getResource(CommonAnnotationBeanPostProcessor.java:520)
	at org.springframework.context.annotation.CommonAnnotationBeanPostProcessor$ResourceElement.getResourceToInject(CommonAnnotationBeanPostProcessor.java:673)
	at org.springframework.beans.factory.annotation.InjectionMetadata$InjectedElement.inject(InjectionMetadata.java:228)
	at org.springframework.beans.factory.annotation.InjectionMetadata.inject(InjectionMetadata.java:119)
	at org.springframework.context.annotation.CommonAnnotationBeanPostProcessor.postProcessProperties(CommonAnnotationBeanPostProcessor.java:329)
	... 29 common frames omitted
25-02-28.22:04:56.168 [org.springframework.amqp.rabbit.RabbitListenerEndpointContainer#0-2] INFO  SimpleMessageListenerContainer - Waiting for workers to finish.
25-02-28.22:04:56.170 [org.springframework.amqp.rabbit.RabbitListenerEndpointContainer#1-2] INFO  SimpleMessageListenerContainer - Waiting for workers to finish.
25-02-28.22:04:56.935 [org.springframework.amqp.rabbit.RabbitListenerEndpointContainer#0-2] INFO  SimpleMessageListenerContainer - Successfully waited for workers to finish.
25-02-28.22:04:56.944 [org.springframework.amqp.rabbit.RabbitListenerEndpointContainer#1-2] INFO  SimpleMessageListenerContainer - Successfully waited for workers to finish.
25-02-28.22:04:56.947 [SpringApplicationShutdownHook] INFO  SimpleMessageListenerContainer - Shutdown ignored - container is already stopped
25-02-28.22:04:56.948 [SpringApplicationShutdownHook] INFO  SimpleMessageListenerContainer - Shutdown ignored - container is already stopped
25-02-28.22:16:13.115 [main            ] INFO  BehaviorRebateServiceTest - Starting BehaviorRebateServiceTest using Java 21.0.1 on LAPTOP-EPDR54BH with PID 52064 (started by Saber in D:\javacode\marketing_platform\big-market-ztf\big-market\big-market-app)
25-02-28.22:16:13.116 [main            ] INFO  BehaviorRebateServiceTest - The following 1 profile is active: "dev"
25-02-28.22:16:14.305 [main            ] INFO  RepositoryConfigurationDelegate - Multiple Spring Data modules found, entering strict repository configuration mode
25-02-28.22:16:14.308 [main            ] INFO  RepositoryConfigurationDelegate - Bootstrapping Spring Data Redis repositories in DEFAULT mode.
25-02-28.22:16:14.360 [main            ] INFO  RepositoryConfigurationDelegate - Finished Spring Data repository scanning in 38 ms. Found 0 Redis repository interfaces.
25-02-28.22:16:15.694 [main            ] INFO  Version                - Redisson 3.26.0
25-02-28.22:16:16.136 [redisson-netty-1-4] INFO  ConnectionsHolder      - 1 connections initialized for 127.0.0.1/127.0.0.1:16379
25-02-28.22:16:16.166 [redisson-netty-1-13] INFO  ConnectionsHolder      - 5 connections initialized for 127.0.0.1/127.0.0.1:16379
25-02-28.22:16:20.392 [main            ] INFO  EndpointLinksResolver  - Exposing 1 endpoint(s) beneath base path '/actuator'
25-02-28.22:16:20.543 [main            ] INFO  CachingConnectionFactory - Attempting to connect to: [127.0.0.1:5672]
25-02-28.22:16:20.646 [main            ] INFO  CachingConnectionFactory - Created new connection: rabbitConnectionFactory#2cebf82f:0/SimpleConnection@3f1e18b1 [delegate=amqp://admin@127.0.0.1:5672/, localPort= 54766]
25-02-28.22:16:20.789 [main            ] INFO  BehaviorRebateServiceTest - Started BehaviorRebateServiceTest in 8.149 seconds (JVM running for 8.984)
25-02-28.22:16:21.012 [main            ] ERROR TestContextManager     - Caught exception while allowing TestExecutionListener [org.springframework.boot.test.autoconfigure.SpringBootDependencyInjectionTestExecutionListener@304bb45b] to prepare test instance [com.ztf.test.domain.rebate.BehaviorRebateServiceTest@27ea552d]
org.springframework.beans.factory.BeanCreationException: Error creating bean with name 'com.ztf.test.domain.rebate.BehaviorRebateServiceTest': Injection of resource dependencies failed; nested exception is org.springframework.beans.factory.NoSuchBeanDefinitionException: No qualifying bean of type 'com.ztf.domain.rebate.service.IBehaviorRebateService' available: expected at least 1 bean which qualifies as autowire candidate. Dependency annotations: {@javax.annotation.Resource(shareable=true, lookup="", name="", description="", authenticationType=CONTAINER, type=java.lang.Object.class, mappedName="")}
	at org.springframework.context.annotation.CommonAnnotationBeanPostProcessor.postProcessProperties(CommonAnnotationBeanPostProcessor.java:332)
	at org.springframework.beans.factory.support.AbstractAutowireCapableBeanFactory.populateBean(AbstractAutowireCapableBeanFactory.java:1431)
	at org.springframework.beans.factory.support.AbstractAutowireCapableBeanFactory.autowireBeanProperties(AbstractAutowireCapableBeanFactory.java:417)
	at org.springframework.test.context.support.DependencyInjectionTestExecutionListener.injectDependencies(DependencyInjectionTestExecutionListener.java:119)
	at org.springframework.test.context.support.DependencyInjectionTestExecutionListener.prepareTestInstance(DependencyInjectionTestExecutionListener.java:83)
	at org.springframework.boot.test.autoconfigure.SpringBootDependencyInjectionTestExecutionListener.prepareTestInstance(SpringBootDependencyInjectionTestExecutionListener.java:43)
	at org.springframework.test.context.TestContextManager.prepareTestInstance(TestContextManager.java:248)
	at org.springframework.test.context.junit4.SpringJUnit4ClassRunner.createTest(SpringJUnit4ClassRunner.java:227)
	at org.springframework.test.context.junit4.SpringJUnit4ClassRunner$1.runReflectiveCall(SpringJUnit4ClassRunner.java:289)
	at org.junit.internal.runners.model.ReflectiveCallable.run(ReflectiveCallable.java:12)
	at org.springframework.test.context.junit4.SpringJUnit4ClassRunner.methodBlock(SpringJUnit4ClassRunner.java:291)
	at org.springframework.test.context.junit4.SpringJUnit4ClassRunner.runChild(SpringJUnit4ClassRunner.java:246)
	at org.springframework.test.context.junit4.SpringJUnit4ClassRunner.runChild(SpringJUnit4ClassRunner.java:97)
	at org.junit.runners.ParentRunner$4.run(ParentRunner.java:331)
	at org.junit.runners.ParentRunner$1.schedule(ParentRunner.java:79)
	at org.junit.runners.ParentRunner.runChildren(ParentRunner.java:329)
	at org.junit.runners.ParentRunner.access$100(ParentRunner.java:66)
	at org.junit.runners.ParentRunner$2.evaluate(ParentRunner.java:293)
	at org.springframework.test.context.junit4.statements.RunBeforeTestClassCallbacks.evaluate(RunBeforeTestClassCallbacks.java:61)
	at org.springframework.test.context.junit4.statements.RunAfterTestClassCallbacks.evaluate(RunAfterTestClassCallbacks.java:70)
	at org.junit.runners.ParentRunner$3.evaluate(ParentRunner.java:306)
	at org.junit.runners.ParentRunner.run(ParentRunner.java:413)
	at org.springframework.test.context.junit4.SpringJUnit4ClassRunner.run(SpringJUnit4ClassRunner.java:190)
	at org.junit.runner.JUnitCore.run(JUnitCore.java:137)
	at com.intellij.junit4.JUnit4IdeaTestRunner.startRunnerWithArgs(JUnit4IdeaTestRunner.java:69)
	at com.intellij.rt.junit.IdeaTestRunner$Repeater$1.execute(IdeaTestRunner.java:38)
	at com.intellij.rt.execution.junit.TestsRepeater.repeat(TestsRepeater.java:11)
	at com.intellij.rt.junit.IdeaTestRunner$Repeater.startRunnerWithArgs(IdeaTestRunner.java:35)
	at com.intellij.rt.junit.JUnitStarter.prepareStreamsAndStart(JUnitStarter.java:232)
	at com.intellij.rt.junit.JUnitStarter.main(JUnitStarter.java:55)
Caused by: org.springframework.beans.factory.NoSuchBeanDefinitionException: No qualifying bean of type 'com.ztf.domain.rebate.service.IBehaviorRebateService' available: expected at least 1 bean which qualifies as autowire candidate. Dependency annotations: {@javax.annotation.Resource(shareable=true, lookup="", name="", description="", authenticationType=CONTAINER, type=java.lang.Object.class, mappedName="")}
	at org.springframework.beans.factory.support.DefaultListableBeanFactory.raiseNoMatchingBeanFound(DefaultListableBeanFactory.java:1801)
	at org.springframework.beans.factory.support.DefaultListableBeanFactory.doResolveDependency(DefaultListableBeanFactory.java:1357)
	at org.springframework.beans.factory.support.DefaultListableBeanFactory.resolveDependency(DefaultListableBeanFactory.java:1311)
	at org.springframework.context.annotation.CommonAnnotationBeanPostProcessor.autowireResource(CommonAnnotationBeanPostProcessor.java:544)
	at org.springframework.context.annotation.CommonAnnotationBeanPostProcessor.getResource(CommonAnnotationBeanPostProcessor.java:520)
	at org.springframework.context.annotation.CommonAnnotationBeanPostProcessor$ResourceElement.getResourceToInject(CommonAnnotationBeanPostProcessor.java:673)
	at org.springframework.beans.factory.annotation.InjectionMetadata$InjectedElement.inject(InjectionMetadata.java:228)
	at org.springframework.beans.factory.annotation.InjectionMetadata.inject(InjectionMetadata.java:119)
	at org.springframework.context.annotation.CommonAnnotationBeanPostProcessor.postProcessProperties(CommonAnnotationBeanPostProcessor.java:329)
	... 29 common frames omitted
25-02-28.22:16:21.053 [org.springframework.amqp.rabbit.RabbitListenerEndpointContainer#0-2] INFO  SimpleMessageListenerContainer - Waiting for workers to finish.
25-02-28.22:16:21.055 [org.springframework.amqp.rabbit.RabbitListenerEndpointContainer#1-2] INFO  SimpleMessageListenerContainer - Waiting for workers to finish.
25-02-28.22:16:21.766 [org.springframework.amqp.rabbit.RabbitListenerEndpointContainer#0-2] INFO  SimpleMessageListenerContainer - Successfully waited for workers to finish.
25-02-28.22:16:21.779 [org.springframework.amqp.rabbit.RabbitListenerEndpointContainer#1-2] INFO  SimpleMessageListenerContainer - Successfully waited for workers to finish.
25-02-28.22:16:21.783 [SpringApplicationShutdownHook] INFO  SimpleMessageListenerContainer - Shutdown ignored - container is already stopped
25-02-28.22:16:21.784 [SpringApplicationShutdownHook] INFO  SimpleMessageListenerContainer - Shutdown ignored - container is already stopped
25-02-28.22:18:04.870 [main            ] INFO  BehaviorRebateServiceTest - Starting BehaviorRebateServiceTest using Java 21.0.1 on LAPTOP-EPDR54BH with PID 54768 (started by Saber in D:\javacode\marketing_platform\big-market-ztf\big-market\big-market-app)
25-02-28.22:18:04.871 [main            ] INFO  BehaviorRebateServiceTest - The following 1 profile is active: "dev"
25-02-28.22:18:06.149 [main            ] INFO  RepositoryConfigurationDelegate - Multiple Spring Data modules found, entering strict repository configuration mode
25-02-28.22:18:06.151 [main            ] INFO  RepositoryConfigurationDelegate - Bootstrapping Spring Data Redis repositories in DEFAULT mode.
25-02-28.22:18:06.220 [main            ] INFO  RepositoryConfigurationDelegate - Finished Spring Data repository scanning in 53 ms. Found 0 Redis repository interfaces.
25-02-28.22:18:07.562 [main            ] INFO  Version                - Redisson 3.26.0
25-02-28.22:18:07.965 [redisson-netty-1-4] INFO  ConnectionsHolder      - 1 connections initialized for 127.0.0.1/127.0.0.1:16379
25-02-28.22:18:08.002 [redisson-netty-1-13] INFO  ConnectionsHolder      - 5 connections initialized for 127.0.0.1/127.0.0.1:16379
25-02-28.22:18:11.625 [main            ] INFO  EndpointLinksResolver  - Exposing 1 endpoint(s) beneath base path '/actuator'
25-02-28.22:18:11.721 [main            ] INFO  CachingConnectionFactory - Attempting to connect to: [127.0.0.1:5672]
25-02-28.22:18:11.769 [main            ] INFO  CachingConnectionFactory - Created new connection: rabbitConnectionFactory#77a85e76:0/SimpleConnection@689ea211 [delegate=amqp://admin@127.0.0.1:5672/, localPort= 54923]
25-02-28.22:18:11.865 [main            ] INFO  BehaviorRebateServiceTest - Started BehaviorRebateServiceTest in 7.462 seconds (JVM running for 8.303)
25-02-28.22:18:12.023 [main            ] ERROR TestContextManager     - Caught exception while allowing TestExecutionListener [org.springframework.boot.test.autoconfigure.SpringBootDependencyInjectionTestExecutionListener@304bb45b] to prepare test instance [com.ztf.test.domain.rebate.BehaviorRebateServiceTest@3bdc8975]
org.springframework.beans.factory.BeanCreationException: Error creating bean with name 'com.ztf.test.domain.rebate.BehaviorRebateServiceTest': Injection of resource dependencies failed; nested exception is org.springframework.beans.factory.NoSuchBeanDefinitionException: No qualifying bean of type 'com.ztf.domain.rebate.service.IBehaviorRebateService' available: expected at least 1 bean which qualifies as autowire candidate. Dependency annotations: {@javax.annotation.Resource(shareable=true, lookup="", name="", description="", authenticationType=CONTAINER, type=java.lang.Object.class, mappedName="")}
	at org.springframework.context.annotation.CommonAnnotationBeanPostProcessor.postProcessProperties(CommonAnnotationBeanPostProcessor.java:332)
	at org.springframework.beans.factory.support.AbstractAutowireCapableBeanFactory.populateBean(AbstractAutowireCapableBeanFactory.java:1431)
	at org.springframework.beans.factory.support.AbstractAutowireCapableBeanFactory.autowireBeanProperties(AbstractAutowireCapableBeanFactory.java:417)
	at org.springframework.test.context.support.DependencyInjectionTestExecutionListener.injectDependencies(DependencyInjectionTestExecutionListener.java:119)
	at org.springframework.test.context.support.DependencyInjectionTestExecutionListener.prepareTestInstance(DependencyInjectionTestExecutionListener.java:83)
	at org.springframework.boot.test.autoconfigure.SpringBootDependencyInjectionTestExecutionListener.prepareTestInstance(SpringBootDependencyInjectionTestExecutionListener.java:43)
	at org.springframework.test.context.TestContextManager.prepareTestInstance(TestContextManager.java:248)
	at org.springframework.test.context.junit4.SpringJUnit4ClassRunner.createTest(SpringJUnit4ClassRunner.java:227)
	at org.springframework.test.context.junit4.SpringJUnit4ClassRunner$1.runReflectiveCall(SpringJUnit4ClassRunner.java:289)
	at org.junit.internal.runners.model.ReflectiveCallable.run(ReflectiveCallable.java:12)
	at org.springframework.test.context.junit4.SpringJUnit4ClassRunner.methodBlock(SpringJUnit4ClassRunner.java:291)
	at org.springframework.test.context.junit4.SpringJUnit4ClassRunner.runChild(SpringJUnit4ClassRunner.java:246)
	at org.springframework.test.context.junit4.SpringJUnit4ClassRunner.runChild(SpringJUnit4ClassRunner.java:97)
	at org.junit.runners.ParentRunner$4.run(ParentRunner.java:331)
	at org.junit.runners.ParentRunner$1.schedule(ParentRunner.java:79)
	at org.junit.runners.ParentRunner.runChildren(ParentRunner.java:329)
	at org.junit.runners.ParentRunner.access$100(ParentRunner.java:66)
	at org.junit.runners.ParentRunner$2.evaluate(ParentRunner.java:293)
	at org.springframework.test.context.junit4.statements.RunBeforeTestClassCallbacks.evaluate(RunBeforeTestClassCallbacks.java:61)
	at org.springframework.test.context.junit4.statements.RunAfterTestClassCallbacks.evaluate(RunAfterTestClassCallbacks.java:70)
	at org.junit.runners.ParentRunner$3.evaluate(ParentRunner.java:306)
	at org.junit.runners.ParentRunner.run(ParentRunner.java:413)
	at org.springframework.test.context.junit4.SpringJUnit4ClassRunner.run(SpringJUnit4ClassRunner.java:190)
	at org.junit.runner.JUnitCore.run(JUnitCore.java:137)
	at com.intellij.junit4.JUnit4IdeaTestRunner.startRunnerWithArgs(JUnit4IdeaTestRunner.java:69)
	at com.intellij.rt.junit.IdeaTestRunner$Repeater$1.execute(IdeaTestRunner.java:38)
	at com.intellij.rt.execution.junit.TestsRepeater.repeat(TestsRepeater.java:11)
	at com.intellij.rt.junit.IdeaTestRunner$Repeater.startRunnerWithArgs(IdeaTestRunner.java:35)
	at com.intellij.rt.junit.JUnitStarter.prepareStreamsAndStart(JUnitStarter.java:232)
	at com.intellij.rt.junit.JUnitStarter.main(JUnitStarter.java:55)
Caused by: org.springframework.beans.factory.NoSuchBeanDefinitionException: No qualifying bean of type 'com.ztf.domain.rebate.service.IBehaviorRebateService' available: expected at least 1 bean which qualifies as autowire candidate. Dependency annotations: {@javax.annotation.Resource(shareable=true, lookup="", name="", description="", authenticationType=CONTAINER, type=java.lang.Object.class, mappedName="")}
	at org.springframework.beans.factory.support.DefaultListableBeanFactory.raiseNoMatchingBeanFound(DefaultListableBeanFactory.java:1801)
	at org.springframework.beans.factory.support.DefaultListableBeanFactory.doResolveDependency(DefaultListableBeanFactory.java:1357)
	at org.springframework.beans.factory.support.DefaultListableBeanFactory.resolveDependency(DefaultListableBeanFactory.java:1311)
	at org.springframework.context.annotation.CommonAnnotationBeanPostProcessor.autowireResource(CommonAnnotationBeanPostProcessor.java:544)
	at org.springframework.context.annotation.CommonAnnotationBeanPostProcessor.getResource(CommonAnnotationBeanPostProcessor.java:520)
	at org.springframework.context.annotation.CommonAnnotationBeanPostProcessor$ResourceElement.getResourceToInject(CommonAnnotationBeanPostProcessor.java:673)
	at org.springframework.beans.factory.annotation.InjectionMetadata$InjectedElement.inject(InjectionMetadata.java:228)
	at org.springframework.beans.factory.annotation.InjectionMetadata.inject(InjectionMetadata.java:119)
	at org.springframework.context.annotation.CommonAnnotationBeanPostProcessor.postProcessProperties(CommonAnnotationBeanPostProcessor.java:329)
	... 29 common frames omitted
25-02-28.22:18:12.049 [org.springframework.amqp.rabbit.RabbitListenerEndpointContainer#0-2] INFO  SimpleMessageListenerContainer - Waiting for workers to finish.
25-02-28.22:18:12.051 [org.springframework.amqp.rabbit.RabbitListenerEndpointContainer#1-2] INFO  SimpleMessageListenerContainer - Waiting for workers to finish.
25-02-28.22:18:12.847 [org.springframework.amqp.rabbit.RabbitListenerEndpointContainer#0-2] INFO  SimpleMessageListenerContainer - Successfully waited for workers to finish.
25-02-28.22:18:12.857 [org.springframework.amqp.rabbit.RabbitListenerEndpointContainer#1-2] INFO  SimpleMessageListenerContainer - Successfully waited for workers to finish.
25-02-28.22:18:12.860 [SpringApplicationShutdownHook] INFO  SimpleMessageListenerContainer - Shutdown ignored - container is already stopped
25-02-28.22:18:12.861 [SpringApplicationShutdownHook] INFO  SimpleMessageListenerContainer - Shutdown ignored - container is already stopped
25-02-28.22:19:30.275 [main            ] INFO  BehaviorRebateServiceTest - Starting BehaviorRebateServiceTest using Java 21.0.1 on LAPTOP-EPDR54BH with PID 34896 (started by Saber in D:\javacode\marketing_platform\big-market-ztf\big-market\big-market-app)
25-02-28.22:19:30.276 [main            ] INFO  BehaviorRebateServiceTest - The following 1 profile is active: "dev"
25-02-28.22:19:31.536 [main            ] INFO  RepositoryConfigurationDelegate - Multiple Spring Data modules found, entering strict repository configuration mode
25-02-28.22:19:31.538 [main            ] INFO  RepositoryConfigurationDelegate - Bootstrapping Spring Data Redis repositories in DEFAULT mode.
25-02-28.22:19:31.590 [main            ] INFO  RepositoryConfigurationDelegate - Finished Spring Data repository scanning in 37 ms. Found 0 Redis repository interfaces.
25-02-28.22:19:32.807 [main            ] INFO  Version                - Redisson 3.26.0
25-02-28.22:19:33.217 [redisson-netty-1-4] INFO  ConnectionsHolder      - 1 connections initialized for 127.0.0.1/127.0.0.1:16379
25-02-28.22:19:33.245 [redisson-netty-1-13] INFO  ConnectionsHolder      - 5 connections initialized for 127.0.0.1/127.0.0.1:16379
25-02-28.22:19:36.502 [main            ] INFO  EndpointLinksResolver  - Exposing 1 endpoint(s) beneath base path '/actuator'
25-02-28.22:19:36.600 [main            ] INFO  CachingConnectionFactory - Attempting to connect to: [127.0.0.1:5672]
25-02-28.22:19:36.644 [main            ] INFO  CachingConnectionFactory - Created new connection: rabbitConnectionFactory#77a85e76:0/SimpleConnection@689ea211 [delegate=amqp://admin@127.0.0.1:5672/, localPort= 55085]
25-02-28.22:19:36.756 [main            ] INFO  BehaviorRebateServiceTest - Started BehaviorRebateServiceTest in 6.972 seconds (JVM running for 7.838)
25-02-28.22:19:36.899 [main            ] ERROR TestContextManager     - Caught exception while allowing TestExecutionListener [org.springframework.boot.test.autoconfigure.SpringBootDependencyInjectionTestExecutionListener@304bb45b] to prepare test instance [com.ztf.test.domain.rebate.BehaviorRebateServiceTest@3bdc8975]
org.springframework.beans.factory.BeanCreationException: Error creating bean with name 'com.ztf.test.domain.rebate.BehaviorRebateServiceTest': Injection of resource dependencies failed; nested exception is org.springframework.beans.factory.NoSuchBeanDefinitionException: No qualifying bean of type 'com.ztf.domain.rebate.service.IBehaviorRebateService' available: expected at least 1 bean which qualifies as autowire candidate. Dependency annotations: {@javax.annotation.Resource(shareable=true, lookup="", name="", description="", authenticationType=CONTAINER, type=java.lang.Object.class, mappedName="")}
	at org.springframework.context.annotation.CommonAnnotationBeanPostProcessor.postProcessProperties(CommonAnnotationBeanPostProcessor.java:332)
	at org.springframework.beans.factory.support.AbstractAutowireCapableBeanFactory.populateBean(AbstractAutowireCapableBeanFactory.java:1431)
	at org.springframework.beans.factory.support.AbstractAutowireCapableBeanFactory.autowireBeanProperties(AbstractAutowireCapableBeanFactory.java:417)
	at org.springframework.test.context.support.DependencyInjectionTestExecutionListener.injectDependencies(DependencyInjectionTestExecutionListener.java:119)
	at org.springframework.test.context.support.DependencyInjectionTestExecutionListener.prepareTestInstance(DependencyInjectionTestExecutionListener.java:83)
	at org.springframework.boot.test.autoconfigure.SpringBootDependencyInjectionTestExecutionListener.prepareTestInstance(SpringBootDependencyInjectionTestExecutionListener.java:43)
	at org.springframework.test.context.TestContextManager.prepareTestInstance(TestContextManager.java:248)
	at org.springframework.test.context.junit4.SpringJUnit4ClassRunner.createTest(SpringJUnit4ClassRunner.java:227)
	at org.springframework.test.context.junit4.SpringJUnit4ClassRunner$1.runReflectiveCall(SpringJUnit4ClassRunner.java:289)
	at org.junit.internal.runners.model.ReflectiveCallable.run(ReflectiveCallable.java:12)
	at org.springframework.test.context.junit4.SpringJUnit4ClassRunner.methodBlock(SpringJUnit4ClassRunner.java:291)
	at org.springframework.test.context.junit4.SpringJUnit4ClassRunner.runChild(SpringJUnit4ClassRunner.java:246)
	at org.springframework.test.context.junit4.SpringJUnit4ClassRunner.runChild(SpringJUnit4ClassRunner.java:97)
	at org.junit.runners.ParentRunner$4.run(ParentRunner.java:331)
	at org.junit.runners.ParentRunner$1.schedule(ParentRunner.java:79)
	at org.junit.runners.ParentRunner.runChildren(ParentRunner.java:329)
	at org.junit.runners.ParentRunner.access$100(ParentRunner.java:66)
	at org.junit.runners.ParentRunner$2.evaluate(ParentRunner.java:293)
	at org.springframework.test.context.junit4.statements.RunBeforeTestClassCallbacks.evaluate(RunBeforeTestClassCallbacks.java:61)
	at org.springframework.test.context.junit4.statements.RunAfterTestClassCallbacks.evaluate(RunAfterTestClassCallbacks.java:70)
	at org.junit.runners.ParentRunner$3.evaluate(ParentRunner.java:306)
	at org.junit.runners.ParentRunner.run(ParentRunner.java:413)
	at org.springframework.test.context.junit4.SpringJUnit4ClassRunner.run(SpringJUnit4ClassRunner.java:190)
	at org.junit.runner.JUnitCore.run(JUnitCore.java:137)
	at com.intellij.junit4.JUnit4IdeaTestRunner.startRunnerWithArgs(JUnit4IdeaTestRunner.java:69)
	at com.intellij.rt.junit.IdeaTestRunner$Repeater$1.execute(IdeaTestRunner.java:38)
	at com.intellij.rt.execution.junit.TestsRepeater.repeat(TestsRepeater.java:11)
	at com.intellij.rt.junit.IdeaTestRunner$Repeater.startRunnerWithArgs(IdeaTestRunner.java:35)
	at com.intellij.rt.junit.JUnitStarter.prepareStreamsAndStart(JUnitStarter.java:232)
	at com.intellij.rt.junit.JUnitStarter.main(JUnitStarter.java:55)
Caused by: org.springframework.beans.factory.NoSuchBeanDefinitionException: No qualifying bean of type 'com.ztf.domain.rebate.service.IBehaviorRebateService' available: expected at least 1 bean which qualifies as autowire candidate. Dependency annotations: {@javax.annotation.Resource(shareable=true, lookup="", name="", description="", authenticationType=CONTAINER, type=java.lang.Object.class, mappedName="")}
	at org.springframework.beans.factory.support.DefaultListableBeanFactory.raiseNoMatchingBeanFound(DefaultListableBeanFactory.java:1801)
	at org.springframework.beans.factory.support.DefaultListableBeanFactory.doResolveDependency(DefaultListableBeanFactory.java:1357)
	at org.springframework.beans.factory.support.DefaultListableBeanFactory.resolveDependency(DefaultListableBeanFactory.java:1311)
	at org.springframework.context.annotation.CommonAnnotationBeanPostProcessor.autowireResource(CommonAnnotationBeanPostProcessor.java:544)
	at org.springframework.context.annotation.CommonAnnotationBeanPostProcessor.getResource(CommonAnnotationBeanPostProcessor.java:520)
	at org.springframework.context.annotation.CommonAnnotationBeanPostProcessor$ResourceElement.getResourceToInject(CommonAnnotationBeanPostProcessor.java:673)
	at org.springframework.beans.factory.annotation.InjectionMetadata$InjectedElement.inject(InjectionMetadata.java:228)
	at org.springframework.beans.factory.annotation.InjectionMetadata.inject(InjectionMetadata.java:119)
	at org.springframework.context.annotation.CommonAnnotationBeanPostProcessor.postProcessProperties(CommonAnnotationBeanPostProcessor.java:329)
	... 29 common frames omitted
25-02-28.22:19:36.932 [org.springframework.amqp.rabbit.RabbitListenerEndpointContainer#0-2] INFO  SimpleMessageListenerContainer - Waiting for workers to finish.
25-02-28.22:19:36.934 [org.springframework.amqp.rabbit.RabbitListenerEndpointContainer#1-2] INFO  SimpleMessageListenerContainer - Waiting for workers to finish.
25-02-28.22:19:37.736 [org.springframework.amqp.rabbit.RabbitListenerEndpointContainer#0-2] INFO  SimpleMessageListenerContainer - Successfully waited for workers to finish.
25-02-28.22:19:37.749 [org.springframework.amqp.rabbit.RabbitListenerEndpointContainer#1-2] INFO  SimpleMessageListenerContainer - Successfully waited for workers to finish.
25-02-28.22:19:37.752 [SpringApplicationShutdownHook] INFO  SimpleMessageListenerContainer - Shutdown ignored - container is already stopped
25-02-28.22:19:37.753 [SpringApplicationShutdownHook] INFO  SimpleMessageListenerContainer - Shutdown ignored - container is already stopped
25-02-28.22:20:37.789 [main            ] INFO  BehaviorRebateServiceTest - Starting BehaviorRebateServiceTest using Java 21.0.1 on LAPTOP-EPDR54BH with PID 11020 (started by Saber in D:\javacode\marketing_platform\big-market-ztf\big-market\big-market-app)
25-02-28.22:20:37.790 [main            ] INFO  BehaviorRebateServiceTest - The following 1 profile is active: "dev"
25-02-28.22:20:39.023 [main            ] INFO  RepositoryConfigurationDelegate - Multiple Spring Data modules found, entering strict repository configuration mode
25-02-28.22:20:39.025 [main            ] INFO  RepositoryConfigurationDelegate - Bootstrapping Spring Data Redis repositories in DEFAULT mode.
25-02-28.22:20:39.079 [main            ] INFO  RepositoryConfigurationDelegate - Finished Spring Data repository scanning in 41 ms. Found 0 Redis repository interfaces.
25-02-28.22:20:40.291 [main            ] INFO  Version                - Redisson 3.26.0
25-02-28.22:20:40.720 [redisson-netty-1-4] INFO  ConnectionsHolder      - 1 connections initialized for 127.0.0.1/127.0.0.1:16379
25-02-28.22:20:40.762 [redisson-netty-1-13] INFO  ConnectionsHolder      - 5 connections initialized for 127.0.0.1/127.0.0.1:16379
25-02-28.22:20:44.991 [main            ] INFO  EndpointLinksResolver  - Exposing 1 endpoint(s) beneath base path '/actuator'
25-02-28.22:20:45.122 [main            ] INFO  CachingConnectionFactory - Attempting to connect to: [127.0.0.1:5672]
25-02-28.22:20:45.189 [main            ] INFO  CachingConnectionFactory - Created new connection: rabbitConnectionFactory#77a85e76:0/SimpleConnection@2e564c78 [delegate=amqp://admin@127.0.0.1:5672/, localPort= 55195]
25-02-28.22:20:45.350 [main            ] INFO  BehaviorRebateServiceTest - Started BehaviorRebateServiceTest in 8.041 seconds (JVM running for 8.885)
25-02-28.22:20:45.495 [main            ] ERROR TestContextManager     - Caught exception while allowing TestExecutionListener [org.springframework.boot.test.autoconfigure.SpringBootDependencyInjectionTestExecutionListener@304bb45b] to prepare test instance [com.ztf.test.domain.rebate.BehaviorRebateServiceTest@2f97e3de]
org.springframework.beans.factory.BeanCreationException: Error creating bean with name 'com.ztf.test.domain.rebate.BehaviorRebateServiceTest': Injection of resource dependencies failed; nested exception is org.springframework.beans.factory.NoSuchBeanDefinitionException: No qualifying bean of type 'com.ztf.domain.rebate.service.IBehaviorRebateService' available: expected at least 1 bean which qualifies as autowire candidate. Dependency annotations: {@javax.annotation.Resource(shareable=true, lookup="", name="", description="", authenticationType=CONTAINER, type=java.lang.Object.class, mappedName="")}
	at org.springframework.context.annotation.CommonAnnotationBeanPostProcessor.postProcessProperties(CommonAnnotationBeanPostProcessor.java:332)
	at org.springframework.beans.factory.support.AbstractAutowireCapableBeanFactory.populateBean(AbstractAutowireCapableBeanFactory.java:1431)
	at org.springframework.beans.factory.support.AbstractAutowireCapableBeanFactory.autowireBeanProperties(AbstractAutowireCapableBeanFactory.java:417)
	at org.springframework.test.context.support.DependencyInjectionTestExecutionListener.injectDependencies(DependencyInjectionTestExecutionListener.java:119)
	at org.springframework.test.context.support.DependencyInjectionTestExecutionListener.prepareTestInstance(DependencyInjectionTestExecutionListener.java:83)
	at org.springframework.boot.test.autoconfigure.SpringBootDependencyInjectionTestExecutionListener.prepareTestInstance(SpringBootDependencyInjectionTestExecutionListener.java:43)
	at org.springframework.test.context.TestContextManager.prepareTestInstance(TestContextManager.java:248)
	at org.springframework.test.context.junit4.SpringJUnit4ClassRunner.createTest(SpringJUnit4ClassRunner.java:227)
	at org.springframework.test.context.junit4.SpringJUnit4ClassRunner$1.runReflectiveCall(SpringJUnit4ClassRunner.java:289)
	at org.junit.internal.runners.model.ReflectiveCallable.run(ReflectiveCallable.java:12)
	at org.springframework.test.context.junit4.SpringJUnit4ClassRunner.methodBlock(SpringJUnit4ClassRunner.java:291)
	at org.springframework.test.context.junit4.SpringJUnit4ClassRunner.runChild(SpringJUnit4ClassRunner.java:246)
	at org.springframework.test.context.junit4.SpringJUnit4ClassRunner.runChild(SpringJUnit4ClassRunner.java:97)
	at org.junit.runners.ParentRunner$4.run(ParentRunner.java:331)
	at org.junit.runners.ParentRunner$1.schedule(ParentRunner.java:79)
	at org.junit.runners.ParentRunner.runChildren(ParentRunner.java:329)
	at org.junit.runners.ParentRunner.access$100(ParentRunner.java:66)
	at org.junit.runners.ParentRunner$2.evaluate(ParentRunner.java:293)
	at org.springframework.test.context.junit4.statements.RunBeforeTestClassCallbacks.evaluate(RunBeforeTestClassCallbacks.java:61)
	at org.springframework.test.context.junit4.statements.RunAfterTestClassCallbacks.evaluate(RunAfterTestClassCallbacks.java:70)
	at org.junit.runners.ParentRunner$3.evaluate(ParentRunner.java:306)
	at org.junit.runners.ParentRunner.run(ParentRunner.java:413)
	at org.springframework.test.context.junit4.SpringJUnit4ClassRunner.run(SpringJUnit4ClassRunner.java:190)
	at org.junit.runner.JUnitCore.run(JUnitCore.java:137)
	at com.intellij.junit4.JUnit4IdeaTestRunner.startRunnerWithArgs(JUnit4IdeaTestRunner.java:69)
	at com.intellij.rt.junit.IdeaTestRunner$Repeater$1.execute(IdeaTestRunner.java:38)
	at com.intellij.rt.execution.junit.TestsRepeater.repeat(TestsRepeater.java:11)
	at com.intellij.rt.junit.IdeaTestRunner$Repeater.startRunnerWithArgs(IdeaTestRunner.java:35)
	at com.intellij.rt.junit.JUnitStarter.prepareStreamsAndStart(JUnitStarter.java:232)
	at com.intellij.rt.junit.JUnitStarter.main(JUnitStarter.java:55)
Caused by: org.springframework.beans.factory.NoSuchBeanDefinitionException: No qualifying bean of type 'com.ztf.domain.rebate.service.IBehaviorRebateService' available: expected at least 1 bean which qualifies as autowire candidate. Dependency annotations: {@javax.annotation.Resource(shareable=true, lookup="", name="", description="", authenticationType=CONTAINER, type=java.lang.Object.class, mappedName="")}
	at org.springframework.beans.factory.support.DefaultListableBeanFactory.raiseNoMatchingBeanFound(DefaultListableBeanFactory.java:1801)
	at org.springframework.beans.factory.support.DefaultListableBeanFactory.doResolveDependency(DefaultListableBeanFactory.java:1357)
	at org.springframework.beans.factory.support.DefaultListableBeanFactory.resolveDependency(DefaultListableBeanFactory.java:1311)
	at org.springframework.context.annotation.CommonAnnotationBeanPostProcessor.autowireResource(CommonAnnotationBeanPostProcessor.java:544)
	at org.springframework.context.annotation.CommonAnnotationBeanPostProcessor.getResource(CommonAnnotationBeanPostProcessor.java:520)
	at org.springframework.context.annotation.CommonAnnotationBeanPostProcessor$ResourceElement.getResourceToInject(CommonAnnotationBeanPostProcessor.java:673)
	at org.springframework.beans.factory.annotation.InjectionMetadata$InjectedElement.inject(InjectionMetadata.java:228)
	at org.springframework.beans.factory.annotation.InjectionMetadata.inject(InjectionMetadata.java:119)
	at org.springframework.context.annotation.CommonAnnotationBeanPostProcessor.postProcessProperties(CommonAnnotationBeanPostProcessor.java:329)
	... 29 common frames omitted
25-02-28.22:20:45.513 [org.springframework.amqp.rabbit.RabbitListenerEndpointContainer#0-2] INFO  SimpleMessageListenerContainer - Waiting for workers to finish.
25-02-28.22:20:45.515 [org.springframework.amqp.rabbit.RabbitListenerEndpointContainer#1-2] INFO  SimpleMessageListenerContainer - Waiting for workers to finish.
25-02-28.22:20:46.324 [org.springframework.amqp.rabbit.RabbitListenerEndpointContainer#0-2] INFO  SimpleMessageListenerContainer - Successfully waited for workers to finish.
25-02-28.22:20:46.337 [org.springframework.amqp.rabbit.RabbitListenerEndpointContainer#1-2] INFO  SimpleMessageListenerContainer - Successfully waited for workers to finish.
25-02-28.22:20:46.341 [SpringApplicationShutdownHook] INFO  SimpleMessageListenerContainer - Shutdown ignored - container is already stopped
25-02-28.22:20:46.341 [SpringApplicationShutdownHook] INFO  SimpleMessageListenerContainer - Shutdown ignored - container is already stopped
25-02-28.22:22:54.575 [main            ] INFO  BehaviorRebateServiceTest - Starting BehaviorRebateServiceTest using Java 21.0.1 on LAPTOP-EPDR54BH with PID 53604 (started by Saber in D:\javacode\marketing_platform\big-market-ztf\big-market\big-market-app)
25-02-28.22:22:54.576 [main            ] INFO  BehaviorRebateServiceTest - The following 1 profile is active: "dev"
25-02-28.22:22:55.747 [main            ] INFO  RepositoryConfigurationDelegate - Multiple Spring Data modules found, entering strict repository configuration mode
25-02-28.22:22:55.750 [main            ] INFO  RepositoryConfigurationDelegate - Bootstrapping Spring Data Redis repositories in DEFAULT mode.
25-02-28.22:22:55.799 [main            ] INFO  RepositoryConfigurationDelegate - Finished Spring Data repository scanning in 35 ms. Found 0 Redis repository interfaces.
25-02-28.22:22:56.897 [main            ] INFO  Version                - Redisson 3.26.0
25-02-28.22:22:57.318 [redisson-netty-1-4] INFO  ConnectionsHolder      - 1 connections initialized for 127.0.0.1/127.0.0.1:16379
25-02-28.22:22:57.351 [redisson-netty-1-13] INFO  ConnectionsHolder      - 5 connections initialized for 127.0.0.1/127.0.0.1:16379
25-02-28.22:23:18.450 [main            ] INFO  BehaviorRebateServiceTest - Starting BehaviorRebateServiceTest using Java 21.0.1 on LAPTOP-EPDR54BH with PID 19312 (started by Saber in D:\javacode\marketing_platform\big-market-ztf\big-market\big-market-app)
25-02-28.22:23:18.451 [main            ] INFO  BehaviorRebateServiceTest - The following 1 profile is active: "dev"
25-02-28.22:23:19.673 [main            ] INFO  RepositoryConfigurationDelegate - Multiple Spring Data modules found, entering strict repository configuration mode
25-02-28.22:23:19.675 [main            ] INFO  RepositoryConfigurationDelegate - Bootstrapping Spring Data Redis repositories in DEFAULT mode.
25-02-28.22:23:19.728 [main            ] INFO  RepositoryConfigurationDelegate - Finished Spring Data repository scanning in 37 ms. Found 0 Redis repository interfaces.
25-02-28.22:23:21.020 [main            ] INFO  Version                - Redisson 3.26.0
25-02-28.22:23:21.442 [redisson-netty-1-4] INFO  ConnectionsHolder      - 1 connections initialized for 127.0.0.1/127.0.0.1:16379
25-02-28.22:23:21.470 [redisson-netty-1-13] INFO  ConnectionsHolder      - 5 connections initialized for 127.0.0.1/127.0.0.1:16379
25-02-28.22:23:25.233 [main            ] INFO  EndpointLinksResolver  - Exposing 1 endpoint(s) beneath base path '/actuator'
25-02-28.22:23:25.378 [main            ] INFO  CachingConnectionFactory - Attempting to connect to: [127.0.0.1:5672]
25-02-28.22:23:25.477 [main            ] INFO  CachingConnectionFactory - Created new connection: rabbitConnectionFactory#77a85e76:0/SimpleConnection@689ea211 [delegate=amqp://admin@127.0.0.1:5672/, localPort= 55440]
25-02-28.22:23:25.614 [main            ] INFO  BehaviorRebateServiceTest - Started BehaviorRebateServiceTest in 7.654 seconds (JVM running for 8.478)
25-02-28.22:23:25.758 [main            ] ERROR TestContextManager     - Caught exception while allowing TestExecutionListener [org.springframework.boot.test.autoconfigure.SpringBootDependencyInjectionTestExecutionListener@304bb45b] to prepare test instance [com.ztf.test.domain.rebate.BehaviorRebateServiceTest@3bdc8975]
org.springframework.beans.factory.BeanCreationException: Error creating bean with name 'com.ztf.test.domain.rebate.BehaviorRebateServiceTest': Injection of resource dependencies failed; nested exception is org.springframework.beans.factory.NoSuchBeanDefinitionException: No qualifying bean of type 'com.ztf.domain.rebate.service.IBehaviorRebateService' available: expected at least 1 bean which qualifies as autowire candidate. Dependency annotations: {@javax.annotation.Resource(shareable=true, lookup="", name="", description="", authenticationType=CONTAINER, type=java.lang.Object.class, mappedName="")}
	at org.springframework.context.annotation.CommonAnnotationBeanPostProcessor.postProcessProperties(CommonAnnotationBeanPostProcessor.java:332)
	at org.springframework.beans.factory.support.AbstractAutowireCapableBeanFactory.populateBean(AbstractAutowireCapableBeanFactory.java:1431)
	at org.springframework.beans.factory.support.AbstractAutowireCapableBeanFactory.autowireBeanProperties(AbstractAutowireCapableBeanFactory.java:417)
	at org.springframework.test.context.support.DependencyInjectionTestExecutionListener.injectDependencies(DependencyInjectionTestExecutionListener.java:119)
	at org.springframework.test.context.support.DependencyInjectionTestExecutionListener.prepareTestInstance(DependencyInjectionTestExecutionListener.java:83)
	at org.springframework.boot.test.autoconfigure.SpringBootDependencyInjectionTestExecutionListener.prepareTestInstance(SpringBootDependencyInjectionTestExecutionListener.java:43)
	at org.springframework.test.context.TestContextManager.prepareTestInstance(TestContextManager.java:248)
	at org.springframework.test.context.junit4.SpringJUnit4ClassRunner.createTest(SpringJUnit4ClassRunner.java:227)
	at org.springframework.test.context.junit4.SpringJUnit4ClassRunner$1.runReflectiveCall(SpringJUnit4ClassRunner.java:289)
	at org.junit.internal.runners.model.ReflectiveCallable.run(ReflectiveCallable.java:12)
	at org.springframework.test.context.junit4.SpringJUnit4ClassRunner.methodBlock(SpringJUnit4ClassRunner.java:291)
	at org.springframework.test.context.junit4.SpringJUnit4ClassRunner.runChild(SpringJUnit4ClassRunner.java:246)
	at org.springframework.test.context.junit4.SpringJUnit4ClassRunner.runChild(SpringJUnit4ClassRunner.java:97)
	at org.junit.runners.ParentRunner$4.run(ParentRunner.java:331)
	at org.junit.runners.ParentRunner$1.schedule(ParentRunner.java:79)
	at org.junit.runners.ParentRunner.runChildren(ParentRunner.java:329)
	at org.junit.runners.ParentRunner.access$100(ParentRunner.java:66)
	at org.junit.runners.ParentRunner$2.evaluate(ParentRunner.java:293)
	at org.springframework.test.context.junit4.statements.RunBeforeTestClassCallbacks.evaluate(RunBeforeTestClassCallbacks.java:61)
	at org.springframework.test.context.junit4.statements.RunAfterTestClassCallbacks.evaluate(RunAfterTestClassCallbacks.java:70)
	at org.junit.runners.ParentRunner$3.evaluate(ParentRunner.java:306)
	at org.junit.runners.ParentRunner.run(ParentRunner.java:413)
	at org.springframework.test.context.junit4.SpringJUnit4ClassRunner.run(SpringJUnit4ClassRunner.java:190)
	at org.junit.runner.JUnitCore.run(JUnitCore.java:137)
	at com.intellij.junit4.JUnit4IdeaTestRunner.startRunnerWithArgs(JUnit4IdeaTestRunner.java:69)
	at com.intellij.rt.junit.IdeaTestRunner$Repeater$1.execute(IdeaTestRunner.java:38)
	at com.intellij.rt.execution.junit.TestsRepeater.repeat(TestsRepeater.java:11)
	at com.intellij.rt.junit.IdeaTestRunner$Repeater.startRunnerWithArgs(IdeaTestRunner.java:35)
	at com.intellij.rt.junit.JUnitStarter.prepareStreamsAndStart(JUnitStarter.java:232)
	at com.intellij.rt.junit.JUnitStarter.main(JUnitStarter.java:55)
Caused by: org.springframework.beans.factory.NoSuchBeanDefinitionException: No qualifying bean of type 'com.ztf.domain.rebate.service.IBehaviorRebateService' available: expected at least 1 bean which qualifies as autowire candidate. Dependency annotations: {@javax.annotation.Resource(shareable=true, lookup="", name="", description="", authenticationType=CONTAINER, type=java.lang.Object.class, mappedName="")}
	at org.springframework.beans.factory.support.DefaultListableBeanFactory.raiseNoMatchingBeanFound(DefaultListableBeanFactory.java:1801)
	at org.springframework.beans.factory.support.DefaultListableBeanFactory.doResolveDependency(DefaultListableBeanFactory.java:1357)
	at org.springframework.beans.factory.support.DefaultListableBeanFactory.resolveDependency(DefaultListableBeanFactory.java:1311)
	at org.springframework.context.annotation.CommonAnnotationBeanPostProcessor.autowireResource(CommonAnnotationBeanPostProcessor.java:544)
	at org.springframework.context.annotation.CommonAnnotationBeanPostProcessor.getResource(CommonAnnotationBeanPostProcessor.java:520)
	at org.springframework.context.annotation.CommonAnnotationBeanPostProcessor$ResourceElement.getResourceToInject(CommonAnnotationBeanPostProcessor.java:673)
	at org.springframework.beans.factory.annotation.InjectionMetadata$InjectedElement.inject(InjectionMetadata.java:228)
	at org.springframework.beans.factory.annotation.InjectionMetadata.inject(InjectionMetadata.java:119)
	at org.springframework.context.annotation.CommonAnnotationBeanPostProcessor.postProcessProperties(CommonAnnotationBeanPostProcessor.java:329)
	... 29 common frames omitted
25-02-28.22:23:25.775 [org.springframework.amqp.rabbit.RabbitListenerEndpointContainer#0-2] INFO  SimpleMessageListenerContainer - Waiting for workers to finish.
25-02-28.22:23:25.778 [org.springframework.amqp.rabbit.RabbitListenerEndpointContainer#1-2] INFO  SimpleMessageListenerContainer - Waiting for workers to finish.
25-02-28.22:23:26.592 [org.springframework.amqp.rabbit.RabbitListenerEndpointContainer#0-2] INFO  SimpleMessageListenerContainer - Successfully waited for workers to finish.
25-02-28.22:23:26.604 [org.springframework.amqp.rabbit.RabbitListenerEndpointContainer#1-2] INFO  SimpleMessageListenerContainer - Successfully waited for workers to finish.
25-02-28.22:23:26.619 [SpringApplicationShutdownHook] INFO  SimpleMessageListenerContainer - Shutdown ignored - container is already stopped
25-02-28.22:23:26.620 [SpringApplicationShutdownHook] INFO  SimpleMessageListenerContainer - Shutdown ignored - container is already stopped
25-02-28.22:24:04.623 [main            ] INFO  BehaviorRebateServiceTest - Starting BehaviorRebateServiceTest using Java 21.0.1 on LAPTOP-EPDR54BH with PID 40536 (started by Saber in D:\javacode\marketing_platform\big-market-ztf\big-market\big-market-app)
25-02-28.22:24:04.624 [main            ] INFO  BehaviorRebateServiceTest - The following 1 profile is active: "dev"
25-02-28.22:24:05.862 [main            ] INFO  RepositoryConfigurationDelegate - Multiple Spring Data modules found, entering strict repository configuration mode
25-02-28.22:24:05.863 [main            ] INFO  RepositoryConfigurationDelegate - Bootstrapping Spring Data Redis repositories in DEFAULT mode.
25-02-28.22:24:05.918 [main            ] INFO  RepositoryConfigurationDelegate - Finished Spring Data repository scanning in 40 ms. Found 0 Redis repository interfaces.
25-02-28.22:24:07.099 [main            ] INFO  Version                - Redisson 3.26.0
25-02-28.22:24:07.514 [redisson-netty-1-4] INFO  ConnectionsHolder      - 1 connections initialized for 127.0.0.1/127.0.0.1:16379
25-02-28.22:24:07.540 [redisson-netty-1-13] INFO  ConnectionsHolder      - 5 connections initialized for 127.0.0.1/127.0.0.1:16379
25-02-28.22:24:11.833 [main            ] INFO  EndpointLinksResolver  - Exposing 1 endpoint(s) beneath base path '/actuator'
25-02-28.22:24:11.986 [main            ] INFO  CachingConnectionFactory - Attempting to connect to: [127.0.0.1:5672]
25-02-28.22:24:12.051 [main            ] INFO  CachingConnectionFactory - Created new connection: rabbitConnectionFactory#77a85e76:0/SimpleConnection@689ea211 [delegate=amqp://admin@127.0.0.1:5672/, localPort= 55496]
25-02-28.22:24:12.159 [main            ] INFO  BehaviorRebateServiceTest - Started BehaviorRebateServiceTest in 8.011 seconds (JVM running for 8.842)
25-02-28.22:24:12.306 [main            ] ERROR TestContextManager     - Caught exception while allowing TestExecutionListener [org.springframework.boot.test.autoconfigure.SpringBootDependencyInjectionTestExecutionListener@304bb45b] to prepare test instance [com.ztf.test.domain.rebate.BehaviorRebateServiceTest@3bdc8975]
org.springframework.beans.factory.BeanCreationException: Error creating bean with name 'com.ztf.test.domain.rebate.BehaviorRebateServiceTest': Injection of resource dependencies failed; nested exception is org.springframework.beans.factory.NoSuchBeanDefinitionException: No qualifying bean of type 'com.ztf.domain.rebate.service.IBehaviorRebateService' available: expected at least 1 bean which qualifies as autowire candidate. Dependency annotations: {@javax.annotation.Resource(shareable=true, lookup="", name="", description="", authenticationType=CONTAINER, type=java.lang.Object.class, mappedName="")}
	at org.springframework.context.annotation.CommonAnnotationBeanPostProcessor.postProcessProperties(CommonAnnotationBeanPostProcessor.java:332)
	at org.springframework.beans.factory.support.AbstractAutowireCapableBeanFactory.populateBean(AbstractAutowireCapableBeanFactory.java:1431)
	at org.springframework.beans.factory.support.AbstractAutowireCapableBeanFactory.autowireBeanProperties(AbstractAutowireCapableBeanFactory.java:417)
	at org.springframework.test.context.support.DependencyInjectionTestExecutionListener.injectDependencies(DependencyInjectionTestExecutionListener.java:119)
	at org.springframework.test.context.support.DependencyInjectionTestExecutionListener.prepareTestInstance(DependencyInjectionTestExecutionListener.java:83)
	at org.springframework.boot.test.autoconfigure.SpringBootDependencyInjectionTestExecutionListener.prepareTestInstance(SpringBootDependencyInjectionTestExecutionListener.java:43)
	at org.springframework.test.context.TestContextManager.prepareTestInstance(TestContextManager.java:248)
	at org.springframework.test.context.junit4.SpringJUnit4ClassRunner.createTest(SpringJUnit4ClassRunner.java:227)
	at org.springframework.test.context.junit4.SpringJUnit4ClassRunner$1.runReflectiveCall(SpringJUnit4ClassRunner.java:289)
	at org.junit.internal.runners.model.ReflectiveCallable.run(ReflectiveCallable.java:12)
	at org.springframework.test.context.junit4.SpringJUnit4ClassRunner.methodBlock(SpringJUnit4ClassRunner.java:291)
	at org.springframework.test.context.junit4.SpringJUnit4ClassRunner.runChild(SpringJUnit4ClassRunner.java:246)
	at org.springframework.test.context.junit4.SpringJUnit4ClassRunner.runChild(SpringJUnit4ClassRunner.java:97)
	at org.junit.runners.ParentRunner$4.run(ParentRunner.java:331)
	at org.junit.runners.ParentRunner$1.schedule(ParentRunner.java:79)
	at org.junit.runners.ParentRunner.runChildren(ParentRunner.java:329)
	at org.junit.runners.ParentRunner.access$100(ParentRunner.java:66)
	at org.junit.runners.ParentRunner$2.evaluate(ParentRunner.java:293)
	at org.springframework.test.context.junit4.statements.RunBeforeTestClassCallbacks.evaluate(RunBeforeTestClassCallbacks.java:61)
	at org.springframework.test.context.junit4.statements.RunAfterTestClassCallbacks.evaluate(RunAfterTestClassCallbacks.java:70)
	at org.junit.runners.ParentRunner$3.evaluate(ParentRunner.java:306)
	at org.junit.runners.ParentRunner.run(ParentRunner.java:413)
	at org.springframework.test.context.junit4.SpringJUnit4ClassRunner.run(SpringJUnit4ClassRunner.java:190)
	at org.junit.runner.JUnitCore.run(JUnitCore.java:137)
	at com.intellij.junit4.JUnit4IdeaTestRunner.startRunnerWithArgs(JUnit4IdeaTestRunner.java:69)
	at com.intellij.rt.junit.IdeaTestRunner$Repeater$1.execute(IdeaTestRunner.java:38)
	at com.intellij.rt.execution.junit.TestsRepeater.repeat(TestsRepeater.java:11)
	at com.intellij.rt.junit.IdeaTestRunner$Repeater.startRunnerWithArgs(IdeaTestRunner.java:35)
	at com.intellij.rt.junit.JUnitStarter.prepareStreamsAndStart(JUnitStarter.java:232)
	at com.intellij.rt.junit.JUnitStarter.main(JUnitStarter.java:55)
Caused by: org.springframework.beans.factory.NoSuchBeanDefinitionException: No qualifying bean of type 'com.ztf.domain.rebate.service.IBehaviorRebateService' available: expected at least 1 bean which qualifies as autowire candidate. Dependency annotations: {@javax.annotation.Resource(shareable=true, lookup="", name="", description="", authenticationType=CONTAINER, type=java.lang.Object.class, mappedName="")}
	at org.springframework.beans.factory.support.DefaultListableBeanFactory.raiseNoMatchingBeanFound(DefaultListableBeanFactory.java:1801)
	at org.springframework.beans.factory.support.DefaultListableBeanFactory.doResolveDependency(DefaultListableBeanFactory.java:1357)
	at org.springframework.beans.factory.support.DefaultListableBeanFactory.resolveDependency(DefaultListableBeanFactory.java:1311)
	at org.springframework.context.annotation.CommonAnnotationBeanPostProcessor.autowireResource(CommonAnnotationBeanPostProcessor.java:544)
	at org.springframework.context.annotation.CommonAnnotationBeanPostProcessor.getResource(CommonAnnotationBeanPostProcessor.java:520)
	at org.springframework.context.annotation.CommonAnnotationBeanPostProcessor$ResourceElement.getResourceToInject(CommonAnnotationBeanPostProcessor.java:673)
	at org.springframework.beans.factory.annotation.InjectionMetadata$InjectedElement.inject(InjectionMetadata.java:228)
	at org.springframework.beans.factory.annotation.InjectionMetadata.inject(InjectionMetadata.java:119)
	at org.springframework.context.annotation.CommonAnnotationBeanPostProcessor.postProcessProperties(CommonAnnotationBeanPostProcessor.java:329)
	... 29 common frames omitted
25-02-28.22:24:12.334 [org.springframework.amqp.rabbit.RabbitListenerEndpointContainer#0-2] INFO  SimpleMessageListenerContainer - Waiting for workers to finish.
25-02-28.22:24:12.336 [org.springframework.amqp.rabbit.RabbitListenerEndpointContainer#1-2] INFO  SimpleMessageListenerContainer - Waiting for workers to finish.
25-02-28.22:24:13.139 [org.springframework.amqp.rabbit.RabbitListenerEndpointContainer#0-2] INFO  SimpleMessageListenerContainer - Successfully waited for workers to finish.
25-02-28.22:24:13.149 [org.springframework.amqp.rabbit.RabbitListenerEndpointContainer#1-2] INFO  SimpleMessageListenerContainer - Successfully waited for workers to finish.
25-02-28.22:24:13.154 [SpringApplicationShutdownHook] INFO  SimpleMessageListenerContainer - Shutdown ignored - container is already stopped
25-02-28.22:24:13.155 [SpringApplicationShutdownHook] INFO  SimpleMessageListenerContainer - Shutdown ignored - container is already stopped
25-02-28.22:27:48.866 [main            ] INFO  BehaviorRebateServiceTest - Starting BehaviorRebateServiceTest using Java 21.0.1 on LAPTOP-EPDR54BH with PID 41808 (started by Saber in D:\javacode\marketing_platform\big-market-ztf\big-market\big-market-app)
25-02-28.22:27:48.867 [main            ] INFO  BehaviorRebateServiceTest - The following 1 profile is active: "dev"
25-02-28.22:27:50.133 [main            ] INFO  RepositoryConfigurationDelegate - Multiple Spring Data modules found, entering strict repository configuration mode
25-02-28.22:27:50.135 [main            ] INFO  RepositoryConfigurationDelegate - Bootstrapping Spring Data Redis repositories in DEFAULT mode.
25-02-28.22:27:50.197 [main            ] INFO  RepositoryConfigurationDelegate - Finished Spring Data repository scanning in 40 ms. Found 0 Redis repository interfaces.
25-02-28.22:27:51.454 [main            ] INFO  Version                - Redisson 3.26.0
25-02-28.22:27:51.841 [redisson-netty-1-4] INFO  ConnectionsHolder      - 1 connections initialized for 127.0.0.1/127.0.0.1:16379
25-02-28.22:27:51.864 [redisson-netty-1-13] INFO  ConnectionsHolder      - 5 connections initialized for 127.0.0.1/127.0.0.1:16379
25-02-28.22:27:55.191 [main            ] INFO  EndpointLinksResolver  - Exposing 1 endpoint(s) beneath base path '/actuator'
25-02-28.22:27:55.293 [main            ] INFO  CachingConnectionFactory - Attempting to connect to: [127.0.0.1:5672]
25-02-28.22:27:55.366 [main            ] INFO  CachingConnectionFactory - Created new connection: rabbitConnectionFactory#1c8e2850:0/SimpleConnection@54cce500 [delegate=amqp://admin@127.0.0.1:5672/, localPort= 56138]
25-02-28.22:27:55.457 [main            ] INFO  BehaviorRebateServiceTest - Started BehaviorRebateServiceTest in 7.087 seconds (JVM running for 8.109)
25-02-28.22:27:55.588 [main            ] ERROR TestContextManager     - Caught exception while allowing TestExecutionListener [org.springframework.boot.test.autoconfigure.SpringBootDependencyInjectionTestExecutionListener@304bb45b] to prepare test instance [com.ztf.test.domain.rebate.BehaviorRebateServiceTest@46bff388]
org.springframework.beans.factory.BeanCreationException: Error creating bean with name 'com.ztf.test.domain.rebate.BehaviorRebateServiceTest': Injection of resource dependencies failed; nested exception is org.springframework.beans.factory.NoSuchBeanDefinitionException: No qualifying bean of type 'com.ztf.domain.rebate.service.IBehaviorRebateService' available: expected at least 1 bean which qualifies as autowire candidate. Dependency annotations: {@javax.annotation.Resource(shareable=true, lookup="", name="", description="", authenticationType=CONTAINER, type=java.lang.Object.class, mappedName="")}
	at org.springframework.context.annotation.CommonAnnotationBeanPostProcessor.postProcessProperties(CommonAnnotationBeanPostProcessor.java:332)
	at org.springframework.beans.factory.support.AbstractAutowireCapableBeanFactory.populateBean(AbstractAutowireCapableBeanFactory.java:1431)
	at org.springframework.beans.factory.support.AbstractAutowireCapableBeanFactory.autowireBeanProperties(AbstractAutowireCapableBeanFactory.java:417)
	at org.springframework.test.context.support.DependencyInjectionTestExecutionListener.injectDependencies(DependencyInjectionTestExecutionListener.java:119)
	at org.springframework.test.context.support.DependencyInjectionTestExecutionListener.prepareTestInstance(DependencyInjectionTestExecutionListener.java:83)
	at org.springframework.boot.test.autoconfigure.SpringBootDependencyInjectionTestExecutionListener.prepareTestInstance(SpringBootDependencyInjectionTestExecutionListener.java:43)
	at org.springframework.test.context.TestContextManager.prepareTestInstance(TestContextManager.java:248)
	at org.springframework.test.context.junit4.SpringJUnit4ClassRunner.createTest(SpringJUnit4ClassRunner.java:227)
	at org.springframework.test.context.junit4.SpringJUnit4ClassRunner$1.runReflectiveCall(SpringJUnit4ClassRunner.java:289)
	at org.junit.internal.runners.model.ReflectiveCallable.run(ReflectiveCallable.java:12)
	at org.springframework.test.context.junit4.SpringJUnit4ClassRunner.methodBlock(SpringJUnit4ClassRunner.java:291)
	at org.springframework.test.context.junit4.SpringJUnit4ClassRunner.runChild(SpringJUnit4ClassRunner.java:246)
	at org.springframework.test.context.junit4.SpringJUnit4ClassRunner.runChild(SpringJUnit4ClassRunner.java:97)
	at org.junit.runners.ParentRunner$4.run(ParentRunner.java:331)
	at org.junit.runners.ParentRunner$1.schedule(ParentRunner.java:79)
	at org.junit.runners.ParentRunner.runChildren(ParentRunner.java:329)
	at org.junit.runners.ParentRunner.access$100(ParentRunner.java:66)
	at org.junit.runners.ParentRunner$2.evaluate(ParentRunner.java:293)
	at org.springframework.test.context.junit4.statements.RunBeforeTestClassCallbacks.evaluate(RunBeforeTestClassCallbacks.java:61)
	at org.springframework.test.context.junit4.statements.RunAfterTestClassCallbacks.evaluate(RunAfterTestClassCallbacks.java:70)
	at org.junit.runners.ParentRunner$3.evaluate(ParentRunner.java:306)
	at org.junit.runners.ParentRunner.run(ParentRunner.java:413)
	at org.springframework.test.context.junit4.SpringJUnit4ClassRunner.run(SpringJUnit4ClassRunner.java:190)
	at org.junit.runner.JUnitCore.run(JUnitCore.java:137)
	at com.intellij.junit4.JUnit4IdeaTestRunner.startRunnerWithArgs(JUnit4IdeaTestRunner.java:69)
	at com.intellij.rt.junit.IdeaTestRunner$Repeater$1.execute(IdeaTestRunner.java:38)
	at com.intellij.rt.execution.junit.TestsRepeater.repeat(TestsRepeater.java:11)
	at com.intellij.rt.junit.IdeaTestRunner$Repeater.startRunnerWithArgs(IdeaTestRunner.java:35)
	at com.intellij.rt.junit.JUnitStarter.prepareStreamsAndStart(JUnitStarter.java:232)
	at com.intellij.rt.junit.JUnitStarter.main(JUnitStarter.java:55)
Caused by: org.springframework.beans.factory.NoSuchBeanDefinitionException: No qualifying bean of type 'com.ztf.domain.rebate.service.IBehaviorRebateService' available: expected at least 1 bean which qualifies as autowire candidate. Dependency annotations: {@javax.annotation.Resource(shareable=true, lookup="", name="", description="", authenticationType=CONTAINER, type=java.lang.Object.class, mappedName="")}
	at org.springframework.beans.factory.support.DefaultListableBeanFactory.raiseNoMatchingBeanFound(DefaultListableBeanFactory.java:1801)
	at org.springframework.beans.factory.support.DefaultListableBeanFactory.doResolveDependency(DefaultListableBeanFactory.java:1357)
	at org.springframework.beans.factory.support.DefaultListableBeanFactory.resolveDependency(DefaultListableBeanFactory.java:1311)
	at org.springframework.context.annotation.CommonAnnotationBeanPostProcessor.autowireResource(CommonAnnotationBeanPostProcessor.java:544)
	at org.springframework.context.annotation.CommonAnnotationBeanPostProcessor.getResource(CommonAnnotationBeanPostProcessor.java:520)
	at org.springframework.context.annotation.CommonAnnotationBeanPostProcessor$ResourceElement.getResourceToInject(CommonAnnotationBeanPostProcessor.java:673)
	at org.springframework.beans.factory.annotation.InjectionMetadata$InjectedElement.inject(InjectionMetadata.java:228)
	at org.springframework.beans.factory.annotation.InjectionMetadata.inject(InjectionMetadata.java:119)
	at org.springframework.context.annotation.CommonAnnotationBeanPostProcessor.postProcessProperties(CommonAnnotationBeanPostProcessor.java:329)
	... 29 common frames omitted
25-02-28.22:27:55.616 [org.springframework.amqp.rabbit.RabbitListenerEndpointContainer#0-2] INFO  SimpleMessageListenerContainer - Waiting for workers to finish.
25-02-28.22:27:55.617 [org.springframework.amqp.rabbit.RabbitListenerEndpointContainer#1-2] INFO  SimpleMessageListenerContainer - Waiting for workers to finish.
25-02-28.22:27:56.439 [org.springframework.amqp.rabbit.RabbitListenerEndpointContainer#0-2] INFO  SimpleMessageListenerContainer - Successfully waited for workers to finish.
25-02-28.22:27:56.450 [org.springframework.amqp.rabbit.RabbitListenerEndpointContainer#1-2] INFO  SimpleMessageListenerContainer - Successfully waited for workers to finish.
25-02-28.22:27:56.454 [SpringApplicationShutdownHook] INFO  SimpleMessageListenerContainer - Shutdown ignored - container is already stopped
25-02-28.22:27:56.455 [SpringApplicationShutdownHook] INFO  SimpleMessageListenerContainer - Shutdown ignored - container is already stopped
25-02-28.22:28:15.081 [main            ] INFO  BehaviorRebateServiceTest - Starting BehaviorRebateServiceTest using Java 21.0.1 on LAPTOP-EPDR54BH with PID 55504 (started by Saber in D:\javacode\marketing_platform\big-market-ztf\big-market\big-market-app)
25-02-28.22:28:15.082 [main            ] INFO  BehaviorRebateServiceTest - The following 1 profile is active: "dev"
25-02-28.22:28:16.247 [main            ] INFO  RepositoryConfigurationDelegate - Multiple Spring Data modules found, entering strict repository configuration mode
25-02-28.22:28:16.250 [main            ] INFO  RepositoryConfigurationDelegate - Bootstrapping Spring Data Redis repositories in DEFAULT mode.
25-02-28.22:28:16.307 [main            ] INFO  RepositoryConfigurationDelegate - Finished Spring Data repository scanning in 38 ms. Found 0 Redis repository interfaces.
25-02-28.22:28:17.515 [main            ] INFO  Version                - Redisson 3.26.0
25-02-28.22:28:17.920 [redisson-netty-1-4] INFO  ConnectionsHolder      - 1 connections initialized for 127.0.0.1/127.0.0.1:16379
25-02-28.22:28:17.954 [redisson-netty-1-13] INFO  ConnectionsHolder      - 5 connections initialized for 127.0.0.1/127.0.0.1:16379
25-02-28.22:28:21.001 [main            ] INFO  EndpointLinksResolver  - Exposing 1 endpoint(s) beneath base path '/actuator'
25-02-28.22:28:21.075 [main            ] INFO  CachingConnectionFactory - Attempting to connect to: [127.0.0.1:5672]
25-02-28.22:28:21.122 [main            ] INFO  CachingConnectionFactory - Created new connection: rabbitConnectionFactory#77a85e76:0/SimpleConnection@22fe90df [delegate=amqp://admin@127.0.0.1:5672/, localPort= 56181]
25-02-28.22:28:21.217 [main            ] INFO  BehaviorRebateServiceTest - Started BehaviorRebateServiceTest in 6.614 seconds (JVM running for 7.495)
25-02-28.22:28:21.335 [main            ] ERROR TestContextManager     - Caught exception while allowing TestExecutionListener [org.springframework.boot.test.autoconfigure.SpringBootDependencyInjectionTestExecutionListener@304bb45b] to prepare test instance [com.ztf.test.domain.rebate.BehaviorRebateServiceTest@7db679]
org.springframework.beans.factory.BeanCreationException: Error creating bean with name 'com.ztf.test.domain.rebate.BehaviorRebateServiceTest': Injection of resource dependencies failed; nested exception is org.springframework.beans.factory.NoSuchBeanDefinitionException: No qualifying bean of type 'com.ztf.domain.rebate.service.IBehaviorRebateService' available: expected at least 1 bean which qualifies as autowire candidate. Dependency annotations: {@javax.annotation.Resource(shareable=true, lookup="", name="", description="", authenticationType=CONTAINER, type=java.lang.Object.class, mappedName="")}
	at org.springframework.context.annotation.CommonAnnotationBeanPostProcessor.postProcessProperties(CommonAnnotationBeanPostProcessor.java:332)
	at org.springframework.beans.factory.support.AbstractAutowireCapableBeanFactory.populateBean(AbstractAutowireCapableBeanFactory.java:1431)
	at org.springframework.beans.factory.support.AbstractAutowireCapableBeanFactory.autowireBeanProperties(AbstractAutowireCapableBeanFactory.java:417)
	at org.springframework.test.context.support.DependencyInjectionTestExecutionListener.injectDependencies(DependencyInjectionTestExecutionListener.java:119)
	at org.springframework.test.context.support.DependencyInjectionTestExecutionListener.prepareTestInstance(DependencyInjectionTestExecutionListener.java:83)
	at org.springframework.boot.test.autoconfigure.SpringBootDependencyInjectionTestExecutionListener.prepareTestInstance(SpringBootDependencyInjectionTestExecutionListener.java:43)
	at org.springframework.test.context.TestContextManager.prepareTestInstance(TestContextManager.java:248)
	at org.springframework.test.context.junit4.SpringJUnit4ClassRunner.createTest(SpringJUnit4ClassRunner.java:227)
	at org.springframework.test.context.junit4.SpringJUnit4ClassRunner$1.runReflectiveCall(SpringJUnit4ClassRunner.java:289)
	at org.junit.internal.runners.model.ReflectiveCallable.run(ReflectiveCallable.java:12)
	at org.springframework.test.context.junit4.SpringJUnit4ClassRunner.methodBlock(SpringJUnit4ClassRunner.java:291)
	at org.springframework.test.context.junit4.SpringJUnit4ClassRunner.runChild(SpringJUnit4ClassRunner.java:246)
	at org.springframework.test.context.junit4.SpringJUnit4ClassRunner.runChild(SpringJUnit4ClassRunner.java:97)
	at org.junit.runners.ParentRunner$4.run(ParentRunner.java:331)
	at org.junit.runners.ParentRunner$1.schedule(ParentRunner.java:79)
	at org.junit.runners.ParentRunner.runChildren(ParentRunner.java:329)
	at org.junit.runners.ParentRunner.access$100(ParentRunner.java:66)
	at org.junit.runners.ParentRunner$2.evaluate(ParentRunner.java:293)
	at org.springframework.test.context.junit4.statements.RunBeforeTestClassCallbacks.evaluate(RunBeforeTestClassCallbacks.java:61)
	at org.springframework.test.context.junit4.statements.RunAfterTestClassCallbacks.evaluate(RunAfterTestClassCallbacks.java:70)
	at org.junit.runners.ParentRunner$3.evaluate(ParentRunner.java:306)
	at org.junit.runners.ParentRunner.run(ParentRunner.java:413)
	at org.springframework.test.context.junit4.SpringJUnit4ClassRunner.run(SpringJUnit4ClassRunner.java:190)
	at org.junit.runner.JUnitCore.run(JUnitCore.java:137)
	at com.intellij.junit4.JUnit4IdeaTestRunner.startRunnerWithArgs(JUnit4IdeaTestRunner.java:69)
	at com.intellij.rt.junit.IdeaTestRunner$Repeater$1.execute(IdeaTestRunner.java:38)
	at com.intellij.rt.execution.junit.TestsRepeater.repeat(TestsRepeater.java:11)
	at com.intellij.rt.junit.IdeaTestRunner$Repeater.startRunnerWithArgs(IdeaTestRunner.java:35)
	at com.intellij.rt.junit.JUnitStarter.prepareStreamsAndStart(JUnitStarter.java:232)
	at com.intellij.rt.junit.JUnitStarter.main(JUnitStarter.java:55)
Caused by: org.springframework.beans.factory.NoSuchBeanDefinitionException: No qualifying bean of type 'com.ztf.domain.rebate.service.IBehaviorRebateService' available: expected at least 1 bean which qualifies as autowire candidate. Dependency annotations: {@javax.annotation.Resource(shareable=true, lookup="", name="", description="", authenticationType=CONTAINER, type=java.lang.Object.class, mappedName="")}
	at org.springframework.beans.factory.support.DefaultListableBeanFactory.raiseNoMatchingBeanFound(DefaultListableBeanFactory.java:1801)
	at org.springframework.beans.factory.support.DefaultListableBeanFactory.doResolveDependency(DefaultListableBeanFactory.java:1357)
	at org.springframework.beans.factory.support.DefaultListableBeanFactory.resolveDependency(DefaultListableBeanFactory.java:1311)
	at org.springframework.context.annotation.CommonAnnotationBeanPostProcessor.autowireResource(CommonAnnotationBeanPostProcessor.java:544)
	at org.springframework.context.annotation.CommonAnnotationBeanPostProcessor.getResource(CommonAnnotationBeanPostProcessor.java:520)
	at org.springframework.context.annotation.CommonAnnotationBeanPostProcessor$ResourceElement.getResourceToInject(CommonAnnotationBeanPostProcessor.java:673)
	at org.springframework.beans.factory.annotation.InjectionMetadata$InjectedElement.inject(InjectionMetadata.java:228)
	at org.springframework.beans.factory.annotation.InjectionMetadata.inject(InjectionMetadata.java:119)
	at org.springframework.context.annotation.CommonAnnotationBeanPostProcessor.postProcessProperties(CommonAnnotationBeanPostProcessor.java:329)
	... 29 common frames omitted
25-02-28.22:28:21.353 [org.springframework.amqp.rabbit.RabbitListenerEndpointContainer#0-2] INFO  SimpleMessageListenerContainer - Waiting for workers to finish.
25-02-28.22:28:21.355 [org.springframework.amqp.rabbit.RabbitListenerEndpointContainer#1-2] INFO  SimpleMessageListenerContainer - Waiting for workers to finish.
25-02-28.22:28:22.202 [org.springframework.amqp.rabbit.RabbitListenerEndpointContainer#0-2] INFO  SimpleMessageListenerContainer - Successfully waited for workers to finish.
25-02-28.22:28:22.213 [org.springframework.amqp.rabbit.RabbitListenerEndpointContainer#1-2] INFO  SimpleMessageListenerContainer - Successfully waited for workers to finish.
25-02-28.22:28:22.215 [SpringApplicationShutdownHook] INFO  SimpleMessageListenerContainer - Shutdown ignored - container is already stopped
25-02-28.22:28:22.215 [SpringApplicationShutdownHook] INFO  SimpleMessageListenerContainer - Shutdown ignored - container is already stopped
25-02-28.22:30:18.553 [main            ] INFO  BehaviorRebateServiceTest - Starting BehaviorRebateServiceTest using Java 21.0.1 on LAPTOP-EPDR54BH with PID 39220 (started by Saber in D:\javacode\marketing_platform\big-market-ztf\big-market\big-market-app)
25-02-28.22:30:18.555 [main            ] INFO  BehaviorRebateServiceTest - The following 1 profile is active: "dev"
25-02-28.22:30:19.800 [main            ] INFO  RepositoryConfigurationDelegate - Multiple Spring Data modules found, entering strict repository configuration mode
25-02-28.22:30:19.802 [main            ] INFO  RepositoryConfigurationDelegate - Bootstrapping Spring Data Redis repositories in DEFAULT mode.
25-02-28.22:30:19.861 [main            ] INFO  RepositoryConfigurationDelegate - Finished Spring Data repository scanning in 39 ms. Found 0 Redis repository interfaces.
25-02-28.22:30:21.104 [main            ] INFO  Version                - Redisson 3.26.0
25-02-28.22:30:21.504 [redisson-netty-1-4] INFO  ConnectionsHolder      - 1 connections initialized for 127.0.0.1/127.0.0.1:16379
25-02-28.22:30:21.547 [redisson-netty-1-13] INFO  ConnectionsHolder      - 5 connections initialized for 127.0.0.1/127.0.0.1:16379
25-02-28.22:30:25.824 [main            ] INFO  EndpointLinksResolver  - Exposing 1 endpoint(s) beneath base path '/actuator'
25-02-28.22:30:25.978 [main            ] INFO  CachingConnectionFactory - Attempting to connect to: [127.0.0.1:5672]
25-02-28.22:30:26.107 [main            ] INFO  CachingConnectionFactory - Created new connection: rabbitConnectionFactory#73aae7a:0/SimpleConnection@1c15a6aa [delegate=amqp://admin@127.0.0.1:5672/, localPort= 56396]
25-02-28.22:30:26.286 [main            ] INFO  BehaviorRebateServiceTest - Started BehaviorRebateServiceTest in 8.238 seconds (JVM running for 9.179)
25-02-28.22:30:26.673 [main            ] INFO  HikariDataSource       - Retail_HikariCP - Starting...
25-02-28.22:30:30.016 [scheduling-1    ] INFO  UpdateActivitySkuStockJob - 定时任务，更新活动sku库存【延迟队列获取，降低对数据库的更新频次，不要产生竞争】
25-02-28.22:30:30.039 [pool-3-thread-2 ] INFO  HikariDataSource       - Retail_HikariCP - Starting...
25-02-28.22:30:30.040 [pool-3-thread-1 ] INFO  HikariDataSource       - Retail_HikariCP - Starting...
25-02-28.22:30:31.838 [main            ] ERROR HikariPool             - Retail_HikariCP - Exception during pool initialization.
java.sql.SQLNonTransientConnectionException: Could not create connection to database server. Attempted reconnect 3 times. Giving up.
	at com.mysql.cj.jdbc.exceptions.SQLError.createSQLException(SQLError.java:110)
	at com.mysql.cj.jdbc.exceptions.SQLError.createSQLException(SQLError.java:97)
	at com.mysql.cj.jdbc.exceptions.SQLError.createSQLException(SQLError.java:89)
	at com.mysql.cj.jdbc.exceptions.SQLError.createSQLException(SQLError.java:63)
	at com.mysql.cj.jdbc.exceptions.SQLError.createSQLException(SQLError.java:73)
	at com.mysql.cj.jdbc.ConnectionImpl.connectWithRetries(ConnectionImpl.java:906)
	at com.mysql.cj.jdbc.ConnectionImpl.createNewIO(ConnectionImpl.java:831)
	at com.mysql.cj.jdbc.ConnectionImpl.<init>(ConnectionImpl.java:456)
	at com.mysql.cj.jdbc.ConnectionImpl.getInstance(ConnectionImpl.java:246)
	at com.mysql.cj.jdbc.NonRegisteringDriver.connect(NonRegisteringDriver.java:198)
	at com.zaxxer.hikari.util.DriverDataSource.getConnection(DriverDataSource.java:138)
	at com.zaxxer.hikari.pool.PoolBase.newConnection(PoolBase.java:364)
	at com.zaxxer.hikari.pool.PoolBase.newPoolEntry(PoolBase.java:206)
	at com.zaxxer.hikari.pool.HikariPool.createPoolEntry(HikariPool.java:476)
	at com.zaxxer.hikari.pool.HikariPool.checkFailFast(HikariPool.java:561)
	at com.zaxxer.hikari.pool.HikariPool.<init>(HikariPool.java:115)
	at com.zaxxer.hikari.HikariDataSource.getConnection(HikariDataSource.java:112)
	at org.springframework.jdbc.datasource.lookup.AbstractRoutingDataSource.getConnection(AbstractRoutingDataSource.java:194)
	at org.springframework.jdbc.datasource.DataSourceUtils.fetchConnection(DataSourceUtils.java:159)
	at org.springframework.jdbc.datasource.DataSourceUtils.doGetConnection(DataSourceUtils.java:117)
	at org.springframework.jdbc.datasource.DataSourceUtils.getConnection(DataSourceUtils.java:80)
	at org.mybatis.spring.transaction.SpringManagedTransaction.openConnection(SpringManagedTransaction.java:80)
	at org.mybatis.spring.transaction.SpringManagedTransaction.getConnection(SpringManagedTransaction.java:67)
	at org.apache.ibatis.executor.BaseExecutor.getConnection(BaseExecutor.java:337)
	at org.apache.ibatis.executor.SimpleExecutor.prepareStatement(SimpleExecutor.java:86)
	at org.apache.ibatis.executor.SimpleExecutor.doQuery(SimpleExecutor.java:62)
	at org.apache.ibatis.executor.BaseExecutor.queryFromDatabase(BaseExecutor.java:325)
	at org.apache.ibatis.executor.BaseExecutor.query(BaseExecutor.java:156)
	at org.apache.ibatis.executor.CachingExecutor.query(CachingExecutor.java:109)
	at org.apache.ibatis.executor.CachingExecutor.query(CachingExecutor.java:89)
	at org.apache.ibatis.session.defaults.DefaultSqlSession.selectList(DefaultSqlSession.java:147)
	at org.apache.ibatis.session.defaults.DefaultSqlSession.selectList(DefaultSqlSession.java:140)
	at java.base/jdk.internal.reflect.DirectMethodHandleAccessor.invoke(DirectMethodHandleAccessor.java:103)
	at java.base/java.lang.reflect.Method.invoke(Method.java:580)
	at org.mybatis.spring.SqlSessionTemplate$SqlSessionInterceptor.invoke(SqlSessionTemplate.java:427)
	at jdk.proxy2/jdk.proxy2.$Proxy111.selectList(Unknown Source)
	at org.mybatis.spring.SqlSessionTemplate.selectList(SqlSessionTemplate.java:224)
	at org.apache.ibatis.binding.MapperMethod.executeForMany(MapperMethod.java:147)
	at org.apache.ibatis.binding.MapperMethod.execute(MapperMethod.java:80)
	at org.apache.ibatis.binding.MapperProxy$PlainMethodInvoker.invoke(MapperProxy.java:152)
	at org.apache.ibatis.binding.MapperProxy.invoke(MapperProxy.java:85)
	at jdk.proxy2/jdk.proxy2.$Proxy145.queryDailyBehaviorRebateByBehaviorType(Unknown Source)
	at com.ztf.infrastructure.persistent.repository.BehaviorRebateRepository.queryDailyBehaviorRebateConfig(BehaviorRebateRepository.java:50)
	at com.ztf.domain.rebate.service.BehaviorRebateService.createOrder(BehaviorRebateService.java:35)
	at com.ztf.test.domain.rebate.BehaviorRebateServiceTest.test_createOrder(BehaviorRebateServiceTest.java:37)
	at java.base/jdk.internal.reflect.DirectMethodHandleAccessor.invoke(DirectMethodHandleAccessor.java:103)
	at java.base/java.lang.reflect.Method.invoke(Method.java:580)
	at org.junit.runners.model.FrameworkMethod$1.runReflectiveCall(FrameworkMethod.java:59)
	at org.junit.internal.runners.model.ReflectiveCallable.run(ReflectiveCallable.java:12)
	at org.junit.runners.model.FrameworkMethod.invokeExplosively(FrameworkMethod.java:56)
	at org.junit.internal.runners.statements.InvokeMethod.evaluate(InvokeMethod.java:17)
	at org.springframework.test.context.junit4.statements.RunBeforeTestExecutionCallbacks.evaluate(RunBeforeTestExecutionCallbacks.java:74)
	at org.springframework.test.context.junit4.statements.RunAfterTestExecutionCallbacks.evaluate(RunAfterTestExecutionCallbacks.java:84)
	at org.springframework.test.context.junit4.statements.RunBeforeTestMethodCallbacks.evaluate(RunBeforeTestMethodCallbacks.java:75)
	at org.springframework.test.context.junit4.statements.RunAfterTestMethodCallbacks.evaluate(RunAfterTestMethodCallbacks.java:86)
	at org.springframework.test.context.junit4.statements.SpringRepeat.evaluate(SpringRepeat.java:84)
	at org.junit.runners.ParentRunner.runLeaf(ParentRunner.java:366)
	at org.springframework.test.context.junit4.SpringJUnit4ClassRunner.runChild(SpringJUnit4ClassRunner.java:251)
	at org.springframework.test.context.junit4.SpringJUnit4ClassRunner.runChild(SpringJUnit4ClassRunner.java:97)
	at org.junit.runners.ParentRunner$4.run(ParentRunner.java:331)
	at org.junit.runners.ParentRunner$1.schedule(ParentRunner.java:79)
	at org.junit.runners.ParentRunner.runChildren(ParentRunner.java:329)
	at org.junit.runners.ParentRunner.access$100(ParentRunner.java:66)
	at org.junit.runners.ParentRunner$2.evaluate(ParentRunner.java:293)
	at org.springframework.test.context.junit4.statements.RunBeforeTestClassCallbacks.evaluate(RunBeforeTestClassCallbacks.java:61)
	at org.springframework.test.context.junit4.statements.RunAfterTestClassCallbacks.evaluate(RunAfterTestClassCallbacks.java:70)
	at org.junit.runners.ParentRunner$3.evaluate(ParentRunner.java:306)
	at org.junit.runners.ParentRunner.run(ParentRunner.java:413)
	at org.springframework.test.context.junit4.SpringJUnit4ClassRunner.run(SpringJUnit4ClassRunner.java:190)
	at org.junit.runner.JUnitCore.run(JUnitCore.java:137)
	at com.intellij.junit4.JUnit4IdeaTestRunner.startRunnerWithArgs(JUnit4IdeaTestRunner.java:69)
	at com.intellij.rt.junit.IdeaTestRunner$Repeater$1.execute(IdeaTestRunner.java:38)
	at com.intellij.rt.execution.junit.TestsRepeater.repeat(TestsRepeater.java:11)
	at com.intellij.rt.junit.IdeaTestRunner$Repeater.startRunnerWithArgs(IdeaTestRunner.java:35)
	at com.intellij.rt.junit.JUnitStarter.prepareStreamsAndStart(JUnitStarter.java:232)
	at com.intellij.rt.junit.JUnitStarter.main(JUnitStarter.java:55)
Caused by: com.mysql.cj.exceptions.CJCommunicationsException: Communications link failure

The last packet sent successfully to the server was 0 milliseconds ago. The driver has not received any packets from the server.
	at java.base/jdk.internal.reflect.DirectConstructorHandleAccessor.newInstance(DirectConstructorHandleAccessor.java:62)
	at java.base/java.lang.reflect.Constructor.newInstanceWithCaller(Constructor.java:502)
	at java.base/java.lang.reflect.Constructor.newInstance(Constructor.java:486)
	at com.mysql.cj.exceptions.ExceptionFactory.createException(ExceptionFactory.java:61)
	at com.mysql.cj.exceptions.ExceptionFactory.createException(ExceptionFactory.java:105)
	at com.mysql.cj.exceptions.ExceptionFactory.createException(ExceptionFactory.java:151)
	at com.mysql.cj.exceptions.ExceptionFactory.createCommunicationsException(ExceptionFactory.java:167)
	at com.mysql.cj.protocol.a.NativeSocketConnection.connect(NativeSocketConnection.java:89)
	at com.mysql.cj.NativeSession.connect(NativeSession.java:144)
	at com.mysql.cj.jdbc.ConnectionImpl.connectWithRetries(ConnectionImpl.java:850)
	... 70 common frames omitted
Caused by: java.net.ConnectException: Connection refused: no further information
	at java.base/sun.nio.ch.Net.pollConnect(Native Method)
	at java.base/sun.nio.ch.Net.pollConnectNow(Net.java:682)
	at java.base/sun.nio.ch.NioSocketImpl.timedFinishConnect(NioSocketImpl.java:542)
	at java.base/sun.nio.ch.NioSocketImpl.connect(NioSocketImpl.java:592)
	at java.base/java.net.SocksSocketImpl.connect(SocksSocketImpl.java:327)
	at java.base/java.net.Socket.connect(Socket.java:751)
	at com.mysql.cj.protocol.StandardSocketFactory.connect(StandardSocketFactory.java:155)
	at com.mysql.cj.protocol.a.NativeSocketConnection.connect(NativeSocketConnection.java:63)
	... 72 common frames omitted
25-02-28.22:30:31.868 [org.springframework.amqp.rabbit.RabbitListenerEndpointContainer#0-2] INFO  SimpleMessageListenerContainer - Waiting for workers to finish.
25-02-28.22:30:31.871 [org.springframework.amqp.rabbit.RabbitListenerEndpointContainer#1-2] INFO  SimpleMessageListenerContainer - Waiting for workers to finish.
25-02-28.22:30:32.279 [org.springframework.amqp.rabbit.RabbitListenerEndpointContainer#0-2] INFO  SimpleMessageListenerContainer - Successfully waited for workers to finish.
25-02-28.22:30:32.304 [org.springframework.amqp.rabbit.RabbitListenerEndpointContainer#1-2] INFO  SimpleMessageListenerContainer - Successfully waited for workers to finish.
25-02-28.22:30:32.306 [SpringApplicationShutdownHook] INFO  SimpleMessageListenerContainer - Shutdown ignored - container is already stopped
25-02-28.22:30:32.307 [SpringApplicationShutdownHook] INFO  SimpleMessageListenerContainer - Shutdown ignored - container is already stopped
25-02-28.22:30:35.073 [pool-3-thread-1 ] ERROR HikariPool             - Retail_HikariCP - Exception during pool initialization.
java.sql.SQLNonTransientConnectionException: Could not create connection to database server. Attempted reconnect 3 times. Giving up.
	at com.mysql.cj.jdbc.exceptions.SQLError.createSQLException(SQLError.java:110)
	at com.mysql.cj.jdbc.exceptions.SQLError.createSQLException(SQLError.java:97)
	at com.mysql.cj.jdbc.exceptions.SQLError.createSQLException(SQLError.java:89)
	at com.mysql.cj.jdbc.exceptions.SQLError.createSQLException(SQLError.java:63)
	at com.mysql.cj.jdbc.exceptions.SQLError.createSQLException(SQLError.java:73)
	at com.mysql.cj.jdbc.ConnectionImpl.connectWithRetries(ConnectionImpl.java:906)
	at com.mysql.cj.jdbc.ConnectionImpl.createNewIO(ConnectionImpl.java:831)
	at com.mysql.cj.jdbc.ConnectionImpl.<init>(ConnectionImpl.java:456)
	at com.mysql.cj.jdbc.ConnectionImpl.getInstance(ConnectionImpl.java:246)
	at com.mysql.cj.jdbc.NonRegisteringDriver.connect(NonRegisteringDriver.java:198)
	at com.zaxxer.hikari.util.DriverDataSource.getConnection(DriverDataSource.java:138)
	at com.zaxxer.hikari.pool.PoolBase.newConnection(PoolBase.java:364)
	at com.zaxxer.hikari.pool.PoolBase.newPoolEntry(PoolBase.java:206)
	at com.zaxxer.hikari.pool.HikariPool.createPoolEntry(HikariPool.java:476)
	at com.zaxxer.hikari.pool.HikariPool.checkFailFast(HikariPool.java:561)
	at com.zaxxer.hikari.pool.HikariPool.<init>(HikariPool.java:115)
	at com.zaxxer.hikari.HikariDataSource.getConnection(HikariDataSource.java:112)
	at org.springframework.jdbc.datasource.lookup.AbstractRoutingDataSource.getConnection(AbstractRoutingDataSource.java:194)
	at org.springframework.jdbc.datasource.DataSourceUtils.fetchConnection(DataSourceUtils.java:159)
	at org.springframework.jdbc.datasource.DataSourceUtils.doGetConnection(DataSourceUtils.java:117)
	at org.springframework.jdbc.datasource.DataSourceUtils.getConnection(DataSourceUtils.java:80)
	at org.mybatis.spring.transaction.SpringManagedTransaction.openConnection(SpringManagedTransaction.java:80)
	at org.mybatis.spring.transaction.SpringManagedTransaction.getConnection(SpringManagedTransaction.java:67)
	at org.apache.ibatis.executor.BaseExecutor.getConnection(BaseExecutor.java:337)
	at org.apache.ibatis.executor.SimpleExecutor.prepareStatement(SimpleExecutor.java:86)
	at org.apache.ibatis.executor.SimpleExecutor.doQuery(SimpleExecutor.java:62)
	at org.apache.ibatis.executor.BaseExecutor.queryFromDatabase(BaseExecutor.java:325)
	at org.apache.ibatis.executor.BaseExecutor.query(BaseExecutor.java:156)
	at org.apache.ibatis.executor.CachingExecutor.query(CachingExecutor.java:109)
	at org.apache.ibatis.executor.CachingExecutor.query(CachingExecutor.java:89)
	at org.apache.ibatis.session.defaults.DefaultSqlSession.selectList(DefaultSqlSession.java:147)
	at org.apache.ibatis.session.defaults.DefaultSqlSession.selectList(DefaultSqlSession.java:140)
	at java.base/jdk.internal.reflect.DirectMethodHandleAccessor.invoke(DirectMethodHandleAccessor.java:103)
	at java.base/java.lang.reflect.Method.invoke(Method.java:580)
	at org.mybatis.spring.SqlSessionTemplate$SqlSessionInterceptor.invoke(SqlSessionTemplate.java:427)
	at jdk.proxy2/jdk.proxy2.$Proxy111.selectList(Unknown Source)
	at org.mybatis.spring.SqlSessionTemplate.selectList(SqlSessionTemplate.java:224)
	at org.apache.ibatis.binding.MapperMethod.executeForMany(MapperMethod.java:147)
	at org.apache.ibatis.binding.MapperMethod.execute(MapperMethod.java:80)
	at org.apache.ibatis.binding.MapperProxy$PlainMethodInvoker.invoke(MapperProxy.java:152)
	at org.apache.ibatis.binding.MapperProxy.invoke(MapperProxy.java:85)
	at jdk.proxy2/jdk.proxy2.$Proxy137.queryNoSendMessageTaskList(Unknown Source)
	at java.base/jdk.internal.reflect.DirectMethodHandleAccessor.invoke(DirectMethodHandleAccessor.java:103)
	at java.base/java.lang.reflect.Method.invoke(Method.java:580)
	at org.springframework.aop.support.AopUtils.invokeJoinpointUsingReflection(AopUtils.java:344)
	at org.springframework.aop.framework.ReflectiveMethodInvocation.invokeJoinpoint(ReflectiveMethodInvocation.java:198)
	at org.springframework.aop.framework.ReflectiveMethodInvocation.proceed(ReflectiveMethodInvocation.java:163)
	at org.springframework.aop.interceptor.ExposeInvocationInterceptor.invoke(ExposeInvocationInterceptor.java:97)
	at org.springframework.aop.framework.ReflectiveMethodInvocation.proceed(ReflectiveMethodInvocation.java:186)
	at org.springframework.aop.framework.JdkDynamicAopProxy.invoke(JdkDynamicAopProxy.java:220)
	at jdk.proxy2/jdk.proxy2.$Proxy138.queryNoSendMessageTaskList(Unknown Source)
	at com.ztf.infrastructure.persistent.repository.TaskRepository.queryNoSendMessageTaskList(TaskRepository.java:28)
	at com.ztf.infrastructure.persistent.repository.TaskRepository$$FastClassBySpringCGLIB$$fbb170d8.invoke(<generated>)
	at org.springframework.cglib.proxy.MethodProxy.invoke(MethodProxy.java:218)
	at org.springframework.aop.framework.CglibAopProxy$CglibMethodInvocation.invokeJoinpoint(CglibAopProxy.java:793)
	at org.springframework.aop.framework.ReflectiveMethodInvocation.proceed(ReflectiveMethodInvocation.java:163)
	at org.springframework.aop.framework.CglibAopProxy$CglibMethodInvocation.proceed(CglibAopProxy.java:763)
	at org.springframework.dao.support.PersistenceExceptionTranslationInterceptor.invoke(PersistenceExceptionTranslationInterceptor.java:137)
	at org.springframework.aop.framework.ReflectiveMethodInvocation.proceed(ReflectiveMethodInvocation.java:186)
	at org.springframework.aop.framework.CglibAopProxy$CglibMethodInvocation.proceed(CglibAopProxy.java:763)
	at org.springframework.aop.framework.CglibAopProxy$DynamicAdvisedInterceptor.intercept(CglibAopProxy.java:708)
	at com.ztf.infrastructure.persistent.repository.TaskRepository$$EnhancerBySpringCGLIB$$5077fdfb.queryNoSendMessageTaskList(<generated>)
	at com.ztf.domain.task.service.TaskService.queryNoSendMessageTaskList(TaskService.java:31)
	at com.ztf.trigger.job.SendMessageTaskJob.lambda$exec$1(SendMessageTaskJob.java:40)
	at java.base/java.util.concurrent.ThreadPoolExecutor.runWorker(ThreadPoolExecutor.java:1144)
	at java.base/java.util.concurrent.ThreadPoolExecutor$Worker.run(ThreadPoolExecutor.java:642)
	at java.base/java.lang.Thread.run(Thread.java:1583)
Caused by: com.mysql.cj.exceptions.CJCommunicationsException: Communications link failure

The last packet sent successfully to the server was 0 milliseconds ago. The driver has not received any packets from the server.
	at java.base/jdk.internal.reflect.DirectConstructorHandleAccessor.newInstance(DirectConstructorHandleAccessor.java:62)
	at java.base/java.lang.reflect.Constructor.newInstanceWithCaller(Constructor.java:502)
	at java.base/java.lang.reflect.Constructor.newInstance(Constructor.java:486)
	at com.mysql.cj.exceptions.ExceptionFactory.createException(ExceptionFactory.java:61)
	at com.mysql.cj.exceptions.ExceptionFactory.createException(ExceptionFactory.java:105)
	at com.mysql.cj.exceptions.ExceptionFactory.createException(ExceptionFactory.java:151)
	at com.mysql.cj.exceptions.ExceptionFactory.createCommunicationsException(ExceptionFactory.java:167)
	at com.mysql.cj.protocol.a.NativeSocketConnection.connect(NativeSocketConnection.java:89)
	at com.mysql.cj.NativeSession.connect(NativeSession.java:144)
	at com.mysql.cj.jdbc.ConnectionImpl.connectWithRetries(ConnectionImpl.java:850)
	... 61 common frames omitted
Caused by: java.net.ConnectException: Connection refused: no further information
	at java.base/sun.nio.ch.Net.pollConnect(Native Method)
	at java.base/sun.nio.ch.Net.pollConnectNow(Net.java:682)
	at java.base/sun.nio.ch.NioSocketImpl.timedFinishConnect(NioSocketImpl.java:542)
	at java.base/sun.nio.ch.NioSocketImpl.connect(NioSocketImpl.java:592)
	at java.base/java.net.SocksSocketImpl.connect(SocksSocketImpl.java:327)
	at java.base/java.net.Socket.connect(Socket.java:751)
	at com.mysql.cj.protocol.StandardSocketFactory.connect(StandardSocketFactory.java:155)
	at com.mysql.cj.protocol.a.NativeSocketConnection.connect(NativeSocketConnection.java:63)
	... 63 common frames omitted
25-02-28.22:30:35.104 [pool-3-thread-2 ] ERROR HikariPool             - Retail_HikariCP - Exception during pool initialization.
java.sql.SQLNonTransientConnectionException: Could not create connection to database server. Attempted reconnect 3 times. Giving up.
	at com.mysql.cj.jdbc.exceptions.SQLError.createSQLException(SQLError.java:110)
	at com.mysql.cj.jdbc.exceptions.SQLError.createSQLException(SQLError.java:97)
	at com.mysql.cj.jdbc.exceptions.SQLError.createSQLException(SQLError.java:89)
	at com.mysql.cj.jdbc.exceptions.SQLError.createSQLException(SQLError.java:63)
	at com.mysql.cj.jdbc.exceptions.SQLError.createSQLException(SQLError.java:73)
	at com.mysql.cj.jdbc.ConnectionImpl.connectWithRetries(ConnectionImpl.java:906)
	at com.mysql.cj.jdbc.ConnectionImpl.createNewIO(ConnectionImpl.java:831)
	at com.mysql.cj.jdbc.ConnectionImpl.<init>(ConnectionImpl.java:456)
	at com.mysql.cj.jdbc.ConnectionImpl.getInstance(ConnectionImpl.java:246)
	at com.mysql.cj.jdbc.NonRegisteringDriver.connect(NonRegisteringDriver.java:198)
	at com.zaxxer.hikari.util.DriverDataSource.getConnection(DriverDataSource.java:138)
	at com.zaxxer.hikari.pool.PoolBase.newConnection(PoolBase.java:364)
	at com.zaxxer.hikari.pool.PoolBase.newPoolEntry(PoolBase.java:206)
	at com.zaxxer.hikari.pool.HikariPool.createPoolEntry(HikariPool.java:476)
	at com.zaxxer.hikari.pool.HikariPool.checkFailFast(HikariPool.java:561)
	at com.zaxxer.hikari.pool.HikariPool.<init>(HikariPool.java:115)
	at com.zaxxer.hikari.HikariDataSource.getConnection(HikariDataSource.java:112)
	at org.springframework.jdbc.datasource.lookup.AbstractRoutingDataSource.getConnection(AbstractRoutingDataSource.java:194)
	at org.springframework.jdbc.datasource.DataSourceUtils.fetchConnection(DataSourceUtils.java:159)
	at org.springframework.jdbc.datasource.DataSourceUtils.doGetConnection(DataSourceUtils.java:117)
	at org.springframework.jdbc.datasource.DataSourceUtils.getConnection(DataSourceUtils.java:80)
	at org.mybatis.spring.transaction.SpringManagedTransaction.openConnection(SpringManagedTransaction.java:80)
	at org.mybatis.spring.transaction.SpringManagedTransaction.getConnection(SpringManagedTransaction.java:67)
	at org.apache.ibatis.executor.BaseExecutor.getConnection(BaseExecutor.java:337)
	at org.apache.ibatis.executor.SimpleExecutor.prepareStatement(SimpleExecutor.java:86)
	at org.apache.ibatis.executor.SimpleExecutor.doQuery(SimpleExecutor.java:62)
	at org.apache.ibatis.executor.BaseExecutor.queryFromDatabase(BaseExecutor.java:325)
	at org.apache.ibatis.executor.BaseExecutor.query(BaseExecutor.java:156)
	at org.apache.ibatis.executor.CachingExecutor.query(CachingExecutor.java:109)
	at org.apache.ibatis.executor.CachingExecutor.query(CachingExecutor.java:89)
	at org.apache.ibatis.session.defaults.DefaultSqlSession.selectList(DefaultSqlSession.java:147)
	at org.apache.ibatis.session.defaults.DefaultSqlSession.selectList(DefaultSqlSession.java:140)
	at java.base/jdk.internal.reflect.DirectMethodHandleAccessor.invoke(DirectMethodHandleAccessor.java:103)
	at java.base/java.lang.reflect.Method.invoke(Method.java:580)
	at org.mybatis.spring.SqlSessionTemplate$SqlSessionInterceptor.invoke(SqlSessionTemplate.java:427)
	at jdk.proxy2/jdk.proxy2.$Proxy111.selectList(Unknown Source)
	at org.mybatis.spring.SqlSessionTemplate.selectList(SqlSessionTemplate.java:224)
	at org.apache.ibatis.binding.MapperMethod.executeForMany(MapperMethod.java:147)
	at org.apache.ibatis.binding.MapperMethod.execute(MapperMethod.java:80)
	at org.apache.ibatis.binding.MapperProxy$PlainMethodInvoker.invoke(MapperProxy.java:152)
	at org.apache.ibatis.binding.MapperProxy.invoke(MapperProxy.java:85)
	at jdk.proxy2/jdk.proxy2.$Proxy137.queryNoSendMessageTaskList(Unknown Source)
	at java.base/jdk.internal.reflect.DirectMethodHandleAccessor.invoke(DirectMethodHandleAccessor.java:103)
	at java.base/java.lang.reflect.Method.invoke(Method.java:580)
	at org.springframework.aop.support.AopUtils.invokeJoinpointUsingReflection(AopUtils.java:344)
	at org.springframework.aop.framework.ReflectiveMethodInvocation.invokeJoinpoint(ReflectiveMethodInvocation.java:198)
	at org.springframework.aop.framework.ReflectiveMethodInvocation.proceed(ReflectiveMethodInvocation.java:163)
	at org.springframework.aop.interceptor.ExposeInvocationInterceptor.invoke(ExposeInvocationInterceptor.java:97)
	at org.springframework.aop.framework.ReflectiveMethodInvocation.proceed(ReflectiveMethodInvocation.java:186)
	at org.springframework.aop.framework.JdkDynamicAopProxy.invoke(JdkDynamicAopProxy.java:220)
	at jdk.proxy2/jdk.proxy2.$Proxy138.queryNoSendMessageTaskList(Unknown Source)
	at com.ztf.infrastructure.persistent.repository.TaskRepository.queryNoSendMessageTaskList(TaskRepository.java:28)
	at com.ztf.infrastructure.persistent.repository.TaskRepository$$FastClassBySpringCGLIB$$fbb170d8.invoke(<generated>)
	at org.springframework.cglib.proxy.MethodProxy.invoke(MethodProxy.java:218)
	at org.springframework.aop.framework.CglibAopProxy$CglibMethodInvocation.invokeJoinpoint(CglibAopProxy.java:793)
	at org.springframework.aop.framework.ReflectiveMethodInvocation.proceed(ReflectiveMethodInvocation.java:163)
	at org.springframework.aop.framework.CglibAopProxy$CglibMethodInvocation.proceed(CglibAopProxy.java:763)
	at org.springframework.dao.support.PersistenceExceptionTranslationInterceptor.invoke(PersistenceExceptionTranslationInterceptor.java:137)
	at org.springframework.aop.framework.ReflectiveMethodInvocation.proceed(ReflectiveMethodInvocation.java:186)
	at org.springframework.aop.framework.CglibAopProxy$CglibMethodInvocation.proceed(CglibAopProxy.java:763)
	at org.springframework.aop.framework.CglibAopProxy$DynamicAdvisedInterceptor.intercept(CglibAopProxy.java:708)
	at com.ztf.infrastructure.persistent.repository.TaskRepository$$EnhancerBySpringCGLIB$$5077fdfb.queryNoSendMessageTaskList(<generated>)
	at com.ztf.domain.task.service.TaskService.queryNoSendMessageTaskList(TaskService.java:31)
	at com.ztf.trigger.job.SendMessageTaskJob.lambda$exec$1(SendMessageTaskJob.java:40)
	at java.base/java.util.concurrent.ThreadPoolExecutor.runWorker(ThreadPoolExecutor.java:1144)
	at java.base/java.util.concurrent.ThreadPoolExecutor$Worker.run(ThreadPoolExecutor.java:642)
	at java.base/java.lang.Thread.run(Thread.java:1583)
Caused by: com.mysql.cj.exceptions.CJCommunicationsException: Communications link failure

The last packet sent successfully to the server was 0 milliseconds ago. The driver has not received any packets from the server.
	at java.base/jdk.internal.reflect.DirectConstructorHandleAccessor.newInstance(DirectConstructorHandleAccessor.java:62)
	at java.base/java.lang.reflect.Constructor.newInstanceWithCaller(Constructor.java:502)
	at java.base/java.lang.reflect.Constructor.newInstance(Constructor.java:486)
	at com.mysql.cj.exceptions.ExceptionFactory.createException(ExceptionFactory.java:61)
	at com.mysql.cj.exceptions.ExceptionFactory.createException(ExceptionFactory.java:105)
	at com.mysql.cj.exceptions.ExceptionFactory.createException(ExceptionFactory.java:151)
	at com.mysql.cj.exceptions.ExceptionFactory.createCommunicationsException(ExceptionFactory.java:167)
	at com.mysql.cj.protocol.a.NativeSocketConnection.connect(NativeSocketConnection.java:89)
	at com.mysql.cj.NativeSession.connect(NativeSession.java:144)
	at com.mysql.cj.jdbc.ConnectionImpl.connectWithRetries(ConnectionImpl.java:850)
	... 61 common frames omitted
Caused by: java.net.ConnectException: Connection refused: no further information
	at java.base/sun.nio.ch.Net.pollConnect(Native Method)
	at java.base/sun.nio.ch.Net.pollConnectNow(Net.java:682)
	at java.base/sun.nio.ch.NioSocketImpl.timedFinishConnect(NioSocketImpl.java:542)
	at java.base/sun.nio.ch.NioSocketImpl.connect(NioSocketImpl.java:592)
	at java.base/java.net.SocksSocketImpl.connect(SocksSocketImpl.java:327)
	at java.base/java.net.Socket.connect(Socket.java:751)
	at com.mysql.cj.protocol.StandardSocketFactory.connect(StandardSocketFactory.java:155)
	at com.mysql.cj.protocol.a.NativeSocketConnection.connect(NativeSocketConnection.java:63)
	... 63 common frames omitted
25-02-28.22:33:54.382 [main            ] INFO  BehaviorRebateServiceTest - Starting BehaviorRebateServiceTest using Java 21.0.1 on LAPTOP-EPDR54BH with PID 35768 (started by Saber in D:\javacode\marketing_platform\big-market-ztf\big-market\big-market-app)
25-02-28.22:33:54.383 [main            ] INFO  BehaviorRebateServiceTest - The following 1 profile is active: "dev"
25-02-28.22:33:55.514 [main            ] INFO  RepositoryConfigurationDelegate - Multiple Spring Data modules found, entering strict repository configuration mode
25-02-28.22:33:55.517 [main            ] INFO  RepositoryConfigurationDelegate - Bootstrapping Spring Data Redis repositories in DEFAULT mode.
25-02-28.22:33:55.569 [main            ] INFO  RepositoryConfigurationDelegate - Finished Spring Data repository scanning in 38 ms. Found 0 Redis repository interfaces.
25-02-28.22:33:56.776 [main            ] INFO  Version                - Redisson 3.26.0
25-02-28.22:33:57.236 [redisson-netty-1-4] INFO  ConnectionsHolder      - 1 connections initialized for 127.0.0.1/127.0.0.1:16379
25-02-28.22:33:57.259 [redisson-netty-1-13] INFO  ConnectionsHolder      - 5 connections initialized for 127.0.0.1/127.0.0.1:16379
25-02-28.22:34:00.899 [main            ] INFO  EndpointLinksResolver  - Exposing 1 endpoint(s) beneath base path '/actuator'
25-02-28.22:34:01.019 [main            ] INFO  CachingConnectionFactory - Attempting to connect to: [127.0.0.1:5672]
25-02-28.22:34:01.091 [main            ] INFO  CachingConnectionFactory - Created new connection: rabbitConnectionFactory#1f85904a:0/SimpleConnection@755033c5 [delegate=amqp://admin@127.0.0.1:5672/, localPort= 56818]
25-02-28.22:34:01.214 [main            ] INFO  BehaviorRebateServiceTest - Started BehaviorRebateServiceTest in 7.292 seconds (JVM running for 8.104)
25-02-28.22:34:01.548 [main            ] INFO  HikariDataSource       - Retail_HikariCP - Starting...
25-02-28.22:34:01.875 [main            ] INFO  HikariDataSource       - Retail_HikariCP - Start completed.
25-02-28.22:34:01.926 [main            ] INFO  HikariDataSource       - Retail_HikariCP - Starting...
25-02-28.22:34:01.954 [main            ] INFO  HikariDataSource       - Retail_HikariCP - Start completed.
25-02-28.22:34:02.327 [main            ] INFO  EventPublisher         - 发送MQ消息 topic:send_rebate message:{"data":{"bizId":"xiaofuge_sku_20240428","rebateConfig":"9011","rebateType":"sign","userId":"xiaofuge"},"id":"82314686624","timestamp":1740753241922}
25-02-28.22:34:02.346 [main            ] INFO  EventPublisher         - 发送MQ消息 topic:send_rebate message:{"data":{"bizId":"xiaofuge_integral_20240428","rebateConfig":"10","rebateType":"sign","userId":"xiaofuge"},"id":"93646683389","timestamp":1740753241924}
25-02-28.22:34:02.362 [main            ] INFO  BehaviorRebateServiceTest - 请求参数：{"behaviorTypeVO":"SIGN","outBusinessNo":"20240428","userId":"xiaofuge"}
25-02-28.22:34:02.368 [main            ] INFO  BehaviorRebateServiceTest - 测试结果：["672630385786","340987605919"]
25-02-28.22:34:02.392 [org.springframework.amqp.rabbit.RabbitListenerEndpointContainer#0-2] INFO  SimpleMessageListenerContainer - Waiting for workers to finish.
25-02-28.22:34:02.394 [org.springframework.amqp.rabbit.RabbitListenerEndpointContainer#1-2] INFO  SimpleMessageListenerContainer - Waiting for workers to finish.
25-02-28.22:34:03.214 [org.springframework.amqp.rabbit.RabbitListenerEndpointContainer#1-2] INFO  SimpleMessageListenerContainer - Successfully waited for workers to finish.
25-02-28.22:34:03.214 [org.springframework.amqp.rabbit.RabbitListenerEndpointContainer#0-2] INFO  SimpleMessageListenerContainer - Successfully waited for workers to finish.
25-02-28.22:34:03.216 [SpringApplicationShutdownHook] INFO  SimpleMessageListenerContainer - Shutdown ignored - container is already stopped
25-02-28.22:34:03.217 [SpringApplicationShutdownHook] INFO  SimpleMessageListenerContainer - Shutdown ignored - container is already stopped
25-04-03.22:58:03.067 [main            ] INFO  AwardServiceTest       - Starting AwardServiceTest using Java 21.0.1 on LAPTOP-EPDR54BH with PID 35020 (started by Saber in D:\javacode\marketing_platform\big-market-ztf\big-market\big-market-app)
25-04-03.22:58:03.068 [main            ] INFO  AwardServiceTest       - The following 1 profile is active: "dev"
25-04-03.22:58:04.450 [main            ] INFO  RepositoryConfigurationDelegate - Multiple Spring Data modules found, entering strict repository configuration mode
25-04-03.22:58:04.455 [main            ] INFO  RepositoryConfigurationDelegate - Bootstrapping Spring Data Redis repositories in DEFAULT mode.
25-04-03.22:58:04.526 [main            ] INFO  RepositoryConfigurationDelegate - Finished Spring Data repository scanning in 47 ms. Found 0 Redis repository interfaces.
25-04-03.22:58:05.980 [main            ] INFO  Version                - Redisson 3.26.0
25-04-03.22:58:06.394 [redisson-netty-1-4] INFO  ConnectionsHolder      - 1 connections initialized for 127.0.0.1/127.0.0.1:16379
25-04-03.22:58:06.426 [redisson-netty-1-13] INFO  ConnectionsHolder      - 5 connections initialized for 127.0.0.1/127.0.0.1:16379
25-04-03.22:58:12.987 [main            ] INFO  EndpointLinksResolver  - Exposing 1 endpoint(s) beneath base path '/actuator'
25-04-03.22:58:13.187 [main            ] INFO  CachingConnectionFactory - Attempting to connect to: [127.0.0.1:5672]
25-04-03.22:58:13.340 [main            ] INFO  CachingConnectionFactory - Created new connection: rabbitConnectionFactory#114b2414:0/SimpleConnection@78e59b04 [delegate=amqp://admin@127.0.0.1:5672/, localPort= 60860]
25-04-03.22:58:13.672 [main            ] INFO  AwardServiceTest       - Started AwardServiceTest in 11.198 seconds (JVM running for 12.208)
25-04-03.22:58:14.413 [main            ] INFO  HikariDataSource       - Retail_HikariCP - Starting...
25-04-03.22:58:14.963 [main            ] INFO  HikariDataSource       - Retail_HikariCP - Start completed.
25-04-03.22:58:15.017 [scheduling-1    ] INFO  UpdateActivitySkuStockJob - 定时任务，更新活动sku库存【延迟队列获取，降低对数据库的更新频次，不要产生竞争】
25-04-03.22:58:15.065 [pool-3-thread-1 ] INFO  HikariDataSource       - Retail_HikariCP - Starting...
25-04-03.22:58:15.066 [pool-3-thread-2 ] INFO  HikariDataSource       - Retail_HikariCP - Starting...
25-04-03.22:58:15.107 [pool-3-thread-1 ] INFO  HikariDataSource       - Retail_HikariCP - Start completed.
25-04-03.22:58:15.107 [pool-3-thread-2 ] INFO  HikariDataSource       - Retail_HikariCP - Start completed.
25-04-03.22:58:15.727 [main            ] WARN  AwardRepository        - 更新中奖记录，重复更新拦截 userId:xiaofuge giveOutPrizesAggregate:{"userAwardRecordEntity":{"awardId":101,"awardState":"complete","orderId":"690124733440","userId":"xiaofuge"},"userCreditAwardEntity":{"creditAmount":0.645,"userId":"xiaofuge"},"userId":"xiaofuge"}
25-04-03.22:58:15.783 [org.springframework.amqp.rabbit.RabbitListenerEndpointContainer#0-2] INFO  SimpleMessageListenerContainer - Waiting for workers to finish.
25-04-03.22:58:15.787 [org.springframework.amqp.rabbit.RabbitListenerEndpointContainer#1-2] INFO  SimpleMessageListenerContainer - Waiting for workers to finish.
25-04-03.22:58:15.790 [org.springframework.amqp.rabbit.RabbitListenerEndpointContainer#2-2] INFO  SimpleMessageListenerContainer - Waiting for workers to finish.
25-04-03.22:58:16.582 [org.springframework.amqp.rabbit.RabbitListenerEndpointContainer#0-2] INFO  SimpleMessageListenerContainer - Successfully waited for workers to finish.
25-04-03.22:58:16.621 [org.springframework.amqp.rabbit.RabbitListenerEndpointContainer#1-2] INFO  SimpleMessageListenerContainer - Successfully waited for workers to finish.
25-04-03.22:58:16.651 [org.springframework.amqp.rabbit.RabbitListenerEndpointContainer#2-2] INFO  SimpleMessageListenerContainer - Successfully waited for workers to finish.
25-04-03.22:58:16.662 [SpringApplicationShutdownHook] INFO  SimpleMessageListenerContainer - Shutdown ignored - container is already stopped
25-04-03.22:58:16.664 [SpringApplicationShutdownHook] INFO  SimpleMessageListenerContainer - Shutdown ignored - container is already stopped
25-04-03.22:58:16.665 [SpringApplicationShutdownHook] INFO  SimpleMessageListenerContainer - Shutdown ignored - container is already stopped
25-04-03.23:02:34.696 [main            ] INFO  AwardServiceTest       - Starting AwardServiceTest using Java 21.0.1 on LAPTOP-EPDR54BH with PID 37448 (started by Saber in D:\javacode\marketing_platform\big-market-ztf\big-market\big-market-app)
25-04-03.23:02:34.697 [main            ] INFO  AwardServiceTest       - The following 1 profile is active: "dev"
25-04-03.23:02:36.055 [main            ] INFO  RepositoryConfigurationDelegate - Multiple Spring Data modules found, entering strict repository configuration mode
25-04-03.23:02:36.058 [main            ] INFO  RepositoryConfigurationDelegate - Bootstrapping Spring Data Redis repositories in DEFAULT mode.
25-04-03.23:02:36.117 [main            ] INFO  RepositoryConfigurationDelegate - Finished Spring Data repository scanning in 44 ms. Found 0 Redis repository interfaces.
25-04-03.23:02:37.355 [main            ] INFO  Version                - Redisson 3.26.0
25-04-03.23:02:37.879 [redisson-netty-1-4] INFO  ConnectionsHolder      - 1 connections initialized for 127.0.0.1/127.0.0.1:16379
25-04-03.23:02:37.906 [redisson-netty-1-13] INFO  ConnectionsHolder      - 5 connections initialized for 127.0.0.1/127.0.0.1:16379
25-04-03.23:02:42.416 [main            ] INFO  EndpointLinksResolver  - Exposing 1 endpoint(s) beneath base path '/actuator'
25-04-03.23:02:42.576 [main            ] INFO  CachingConnectionFactory - Attempting to connect to: [127.0.0.1:5672]
25-04-03.23:02:42.653 [main            ] INFO  CachingConnectionFactory - Created new connection: rabbitConnectionFactory#4dad2363:0/SimpleConnection@5ed88e31 [delegate=amqp://admin@127.0.0.1:5672/, localPort= 61288]
25-04-03.23:02:42.811 [main            ] INFO  AwardServiceTest       - Started AwardServiceTest in 8.597 seconds (JVM running for 9.514)
25-04-03.23:02:43.251 [main            ] INFO  HikariDataSource       - Retail_HikariCP - Starting...
25-04-03.23:02:43.619 [main            ] INFO  HikariDataSource       - Retail_HikariCP - Start completed.
25-04-03.23:02:43.669 [main            ] INFO  HikariDataSource       - Retail_HikariCP - Starting...
25-04-03.23:02:43.703 [main            ] INFO  HikariDataSource       - Retail_HikariCP - Start completed.
25-04-03.23:02:44.094 [main            ] WARN  AwardRepository        - 更新中奖记录，重复更新拦截 userId:xiaofuge giveOutPrizesAggregate:{"userAwardRecordEntity":{"awardId":101,"awardState":"complete","orderId":"690124733440","userId":"xiaofuge"},"userCreditAwardEntity":{"creditAmount":0.929,"userId":"xiaofuge"},"userId":"xiaofuge"}
25-04-03.23:02:44.116 [org.springframework.amqp.rabbit.RabbitListenerEndpointContainer#0-2] INFO  SimpleMessageListenerContainer - Waiting for workers to finish.
25-04-03.23:02:44.118 [org.springframework.amqp.rabbit.RabbitListenerEndpointContainer#1-2] INFO  SimpleMessageListenerContainer - Waiting for workers to finish.
25-04-03.23:02:44.120 [org.springframework.amqp.rabbit.RabbitListenerEndpointContainer#2-2] INFO  SimpleMessageListenerContainer - Waiting for workers to finish.
25-04-03.23:02:44.803 [org.springframework.amqp.rabbit.RabbitListenerEndpointContainer#2-2] INFO  SimpleMessageListenerContainer - Successfully waited for workers to finish.
25-04-03.23:02:44.803 [org.springframework.amqp.rabbit.RabbitListenerEndpointContainer#1-2] INFO  SimpleMessageListenerContainer - Successfully waited for workers to finish.
25-04-03.23:02:44.803 [org.springframework.amqp.rabbit.RabbitListenerEndpointContainer#0-2] INFO  SimpleMessageListenerContainer - Successfully waited for workers to finish.
25-04-03.23:02:44.808 [SpringApplicationShutdownHook] INFO  SimpleMessageListenerContainer - Shutdown ignored - container is already stopped
25-04-03.23:02:44.810 [SpringApplicationShutdownHook] INFO  SimpleMessageListenerContainer - Shutdown ignored - container is already stopped
25-04-03.23:02:44.810 [SpringApplicationShutdownHook] INFO  SimpleMessageListenerContainer - Shutdown ignored - container is already stopped
25-04-03.23:18:39.419 [main            ] INFO  RaffleActivityControllerTest - Starting RaffleActivityControllerTest using Java 21.0.1 on LAPTOP-EPDR54BH with PID 14184 (started by Saber in D:\javacode\marketing_platform\big-market-ztf\big-market\big-market-app)
25-04-03.23:18:39.424 [main            ] INFO  RaffleActivityControllerTest - The following 1 profile is active: "dev"
25-04-03.23:18:40.726 [main            ] INFO  RepositoryConfigurationDelegate - Multiple Spring Data modules found, entering strict repository configuration mode
25-04-03.23:18:40.729 [main            ] INFO  RepositoryConfigurationDelegate - Bootstrapping Spring Data Redis repositories in DEFAULT mode.
25-04-03.23:18:40.786 [main            ] INFO  RepositoryConfigurationDelegate - Finished Spring Data repository scanning in 40 ms. Found 0 Redis repository interfaces.
25-04-03.23:18:42.140 [main            ] INFO  Version                - Redisson 3.26.0
25-04-03.23:18:42.519 [redisson-netty-1-4] INFO  ConnectionsHolder      - 1 connections initialized for 127.0.0.1/127.0.0.1:16379
25-04-03.23:18:42.550 [redisson-netty-1-13] INFO  ConnectionsHolder      - 5 connections initialized for 127.0.0.1/127.0.0.1:16379
25-04-03.23:18:48.266 [main            ] INFO  EndpointLinksResolver  - Exposing 1 endpoint(s) beneath base path '/actuator'
25-04-03.23:18:48.503 [main            ] INFO  CachingConnectionFactory - Attempting to connect to: [127.0.0.1:5672]
25-04-03.23:18:48.613 [main            ] INFO  CachingConnectionFactory - Created new connection: rabbitConnectionFactory#4dad2363:0/SimpleConnection@748fa354 [delegate=amqp://admin@127.0.0.1:5672/, localPort= 62747]
25-04-03.23:18:48.777 [main            ] INFO  RaffleActivityControllerTest - Started RaffleActivityControllerTest in 9.927 seconds (JVM running for 10.924)
25-04-03.23:18:49.630 [main            ] INFO  RaffleActivityController - 日历签到返利开始 userId:user003
25-04-03.23:18:49.675 [main            ] INFO  HikariDataSource       - Retail_HikariCP - Starting...
25-04-03.23:18:50.014 [scheduling-1    ] INFO  UpdateActivitySkuStockJob - 定时任务，更新活动sku库存【延迟队列获取，降低对数据库的更新频次，不要产生竞争】
25-04-03.23:18:50.162 [pool-3-thread-2 ] INFO  HikariDataSource       - Retail_HikariCP - Starting...
25-04-03.23:18:50.163 [pool-3-thread-1 ] INFO  HikariDataSource       - Retail_HikariCP - Starting...
25-04-03.23:18:50.398 [pool-3-thread-1 ] INFO  HikariDataSource       - Retail_HikariCP - Start completed.
25-04-03.23:18:50.398 [pool-3-thread-2 ] INFO  HikariDataSource       - Retail_HikariCP - Start completed.
25-04-03.23:18:50.402 [main            ] INFO  HikariDataSource       - Retail_HikariCP - Start completed.
25-04-03.23:18:51.333 [main            ] INFO  EventPublisher         - 发送MQ消息 topic:send_rebate message:{"data":{"bizId":"user003_sku_20250403","rebateConfig":"9011","rebateType":"sku","userId":"user003"},"id":"96499043978","timestamp":1743693530473}
25-04-03.23:18:51.364 [org.springframework.amqp.rabbit.RabbitListenerEndpointContainer#1-1] INFO  RebateMessageCustomer  - 监听用户行为返利消息 topic: send_rebate message: {"data":{"bizId":"user003_sku_20250403","rebateConfig":"9011","rebateType":"sku","userId":"user003"},"id":"96499043978","timestamp":1743693530473}
25-04-03.23:18:51.381 [main            ] INFO  EventPublisher         - 发送MQ消息 topic:send_rebate message:{"data":{"bizId":"user003_integral_20250403","rebateConfig":"10","rebateType":"integral","userId":"user003"},"id":"38556260961","timestamp":1743693530482}
25-04-03.23:18:51.402 [main            ] INFO  RaffleActivityController - 日历签到返利完成 userId:user003 orderIds: ["330250628951","019050009130"]
25-04-03.23:18:51.423 [main            ] INFO  RaffleActivityControllerTest - 测试结果：{"code":"0000","data":true,"info":"调用成功"}
25-04-03.23:18:51.524 [org.springframework.amqp.rabbit.RabbitListenerEndpointContainer#0-2] INFO  SimpleMessageListenerContainer - Waiting for workers to finish.
25-04-03.23:18:51.530 [org.springframework.amqp.rabbit.RabbitListenerEndpointContainer#1-2] INFO  SimpleMessageListenerContainer - Waiting for workers to finish.
25-04-03.23:18:51.536 [org.springframework.amqp.rabbit.RabbitListenerEndpointContainer#2-2] INFO  SimpleMessageListenerContainer - Waiting for workers to finish.
25-04-03.23:18:51.739 [org.springframework.amqp.rabbit.RabbitListenerEndpointContainer#0-2] INFO  SimpleMessageListenerContainer - Successfully waited for workers to finish.
25-04-03.23:18:51.765 [org.springframework.amqp.rabbit.RabbitListenerEndpointContainer#2-2] INFO  SimpleMessageListenerContainer - Successfully waited for workers to finish.
25-04-03.23:18:51.785 [org.springframework.amqp.rabbit.RabbitListenerEndpointContainer#1-1] INFO  ActionBaseActionChain  - 活动责任链-基础信息【有效期、状态】校验开始。
25-04-03.23:18:51.786 [org.springframework.amqp.rabbit.RabbitListenerEndpointContainer#1-1] INFO  ActivitySkuStockActionChain - 活动责任链-商品库存处理【校验&扣减】开始。
25-04-03.23:18:51.900 [org.springframework.amqp.rabbit.RabbitListenerEndpointContainer#1-2] INFO  SimpleMessageListenerContainer - Successfully waited for workers to finish.
25-04-03.23:18:51.913 [SpringApplicationShutdownHook] INFO  SimpleMessageListenerContainer - Shutdown ignored - container is already stopped
25-04-03.23:18:51.915 [SpringApplicationShutdownHook] INFO  SimpleMessageListenerContainer - Shutdown ignored - container is already stopped
25-04-03.23:18:51.916 [SpringApplicationShutdownHook] INFO  SimpleMessageListenerContainer - Shutdown ignored - container is already stopped
25-04-03.23:19:25.245 [main            ] INFO  RaffleActivityControllerTest - Starting RaffleActivityControllerTest using Java 21.0.1 on LAPTOP-EPDR54BH with PID 33632 (started by Saber in D:\javacode\marketing_platform\big-market-ztf\big-market\big-market-app)
25-04-03.23:19:25.247 [main            ] INFO  RaffleActivityControllerTest - The following 1 profile is active: "dev"
25-04-03.23:19:26.549 [main            ] INFO  RepositoryConfigurationDelegate - Multiple Spring Data modules found, entering strict repository configuration mode
25-04-03.23:19:26.553 [main            ] INFO  RepositoryConfigurationDelegate - Bootstrapping Spring Data Redis repositories in DEFAULT mode.
25-04-03.23:19:26.644 [main            ] INFO  RepositoryConfigurationDelegate - Finished Spring Data repository scanning in 57 ms. Found 0 Redis repository interfaces.
25-04-03.23:19:28.102 [main            ] INFO  Version                - Redisson 3.26.0
25-04-03.23:19:28.529 [redisson-netty-1-4] INFO  ConnectionsHolder      - 1 connections initialized for 127.0.0.1/127.0.0.1:16379
25-04-03.23:19:28.555 [redisson-netty-1-13] INFO  ConnectionsHolder      - 5 connections initialized for 127.0.0.1/127.0.0.1:16379
25-04-03.23:19:33.531 [main            ] INFO  EndpointLinksResolver  - Exposing 1 endpoint(s) beneath base path '/actuator'
25-04-03.23:19:33.778 [main            ] INFO  CachingConnectionFactory - Attempting to connect to: [127.0.0.1:5672]
25-04-03.23:19:33.915 [main            ] INFO  CachingConnectionFactory - Created new connection: rabbitConnectionFactory#114b2414:0/SimpleConnection@78e59b04 [delegate=amqp://admin@127.0.0.1:5672/, localPort= 62846]
25-04-03.23:19:34.107 [org.springframework.amqp.rabbit.RabbitListenerEndpointContainer#1-1] INFO  RebateMessageCustomer  - 监听用户行为返利消息 topic: send_rebate message: {"data":{"bizId":"user003_integral_20250403","rebateConfig":"10","rebateType":"integral","userId":"user003"},"id":"38556260961","timestamp":1743693530482}
25-04-03.23:19:34.152 [main            ] INFO  RaffleActivityControllerTest - Started RaffleActivityControllerTest in 9.367 seconds (JVM running for 10.228)
25-04-03.23:19:34.714 [org.springframework.amqp.rabbit.RabbitListenerEndpointContainer#1-1] INFO  RebateMessageCustomer  - 监听用户行为返利消息 - 非sku奖励暂时不处理 topic: send_rebate message: {"data":{"bizId":"user003_integral_20250403","rebateConfig":"10","rebateType":"integral","userId":"user003"},"id":"38556260961","timestamp":1743693530482}
25-04-03.23:19:34.897 [main            ] INFO  RaffleActivityController - 活动抽奖 userId:user003 activityId:100301
25-04-03.23:19:35.010 [main            ] INFO  HikariDataSource       - Retail_HikariCP - Starting...
25-04-03.23:19:35.014 [scheduling-1    ] INFO  UpdateActivitySkuStockJob - 定时任务，更新活动sku库存【延迟队列获取，降低对数据库的更新频次，不要产生竞争】
25-04-03.23:19:35.045 [pool-3-thread-2 ] INFO  HikariDataSource       - Retail_HikariCP - Starting...
25-04-03.23:19:35.568 [main            ] INFO  HikariDataSource       - Retail_HikariCP - Start completed.
25-04-03.23:19:35.568 [pool-3-thread-2 ] INFO  HikariDataSource       - Retail_HikariCP - Start completed.
25-04-03.23:19:35.775 [main            ] INFO  RaffleActivityController - 活动抽奖，创建订单 userId:user003 activityId:100301 orderId:547021526329
25-04-03.23:19:35.783 [main            ] INFO  HikariDataSource       - Retail_HikariCP - Starting...
25-04-03.23:19:35.826 [main            ] INFO  HikariDataSource       - Retail_HikariCP - Start completed.
25-04-03.23:19:35.870 [main            ] INFO  BlackListLogicChain    - 抽奖责任链-黑名单开始 userId: user003 strategyId: 100006 ruleModel: rule_blacklist
25-04-03.23:19:36.111 [main            ] INFO  BlackListLogicChain    - 抽奖责任链-黑名单接管 userId: user003 strategyId: 100006 ruleModel: rule_blacklist awardId: 101
25-04-03.23:19:36.122 [main            ] INFO  AbstractRaffleStrategy - 抽奖策略计算-责任链 user003 100006 101 rule_blacklist
25-04-03.23:19:36.341 [main            ] INFO  EventPublisher         - 发送MQ消息 topic:send_award message:{"data":{"awardId":101,"awardTitle":"随机积分","orderId":"547021526329","userId":"user003"},"id":"00081113569","timestamp":1743693576170}
25-04-03.23:19:36.346 [org.springframework.amqp.rabbit.RabbitListenerEndpointContainer#2-1] INFO  SendAwardCustomer      - 监听用户奖品发送消息 topic: send_award message: {"data":{"awardId":101,"awardTitle":"随机积分","orderId":"547021526329","userId":"user003"},"id":"00081113569","timestamp":1743693576170}
25-04-03.23:19:36.357 [main            ] INFO  RaffleActivityControllerTest - 请求参数：{"activityId":100301,"userId":"user003"}
25-04-03.23:19:36.364 [main            ] INFO  RaffleActivityControllerTest - 测试结果：{"code":"0000","data":{"awardId":101,"awardIndex":1,"awardTitle":"随机积分"},"info":"调用成功"}
25-04-03.23:19:40.023 [scheduling-1    ] INFO  UpdateActivitySkuStockJob - 定时任务，更新活动sku库存【延迟队列获取，降低对数据库的更新频次，不要产生竞争】
25-04-03.23:19:45.022 [scheduling-1    ] INFO  UpdateActivitySkuStockJob - 定时任务，更新活动sku库存【延迟队列获取，降低对数据库的更新频次，不要产生竞争】
25-04-03.23:19:50.017 [scheduling-1    ] INFO  UpdateActivitySkuStockJob - 定时任务，更新活动sku库存【延迟队列获取，降低对数据库的更新频次，不要产生竞争】
25-04-03.23:19:55.003 [scheduling-1    ] INFO  UpdateActivitySkuStockJob - 定时任务，更新活动sku库存【延迟队列获取，降低对数据库的更新频次，不要产生竞争】
25-04-03.23:20:00.014 [scheduling-1    ] INFO  UpdateActivitySkuStockJob - 定时任务，更新活动sku库存【延迟队列获取，降低对数据库的更新频次，不要产生竞争】
25-04-03.23:20:00.978 [org.springframework.amqp.rabbit.RabbitListenerEndpointContainer#0-2] INFO  SimpleMessageListenerContainer - Waiting for workers to finish.
25-04-03.23:20:00.981 [org.springframework.amqp.rabbit.RabbitListenerEndpointContainer#1-2] INFO  SimpleMessageListenerContainer - Waiting for workers to finish.
25-04-03.23:20:00.984 [org.springframework.amqp.rabbit.RabbitListenerEndpointContainer#2-2] INFO  SimpleMessageListenerContainer - Waiting for workers to finish.
25-04-03.23:20:01.299 [org.springframework.amqp.rabbit.RabbitListenerEndpointContainer#0-2] INFO  SimpleMessageListenerContainer - Successfully waited for workers to finish.
25-04-03.23:20:01.563 [org.springframework.amqp.rabbit.RabbitListenerEndpointContainer#2-2] INFO  SimpleMessageListenerContainer - Successfully waited for workers to finish.
25-04-03.23:20:01.920 [org.springframework.amqp.rabbit.RabbitListenerEndpointContainer#1-2] INFO  SimpleMessageListenerContainer - Successfully waited for workers to finish.
25-04-03.23:20:01.924 [SpringApplicationShutdownHook] INFO  SimpleMessageListenerContainer - Shutdown ignored - container is already stopped
25-04-03.23:20:01.925 [SpringApplicationShutdownHook] INFO  SimpleMessageListenerContainer - Shutdown ignored - container is already stopped
25-04-03.23:20:01.925 [SpringApplicationShutdownHook] INFO  SimpleMessageListenerContainer - Shutdown ignored - container is already stopped
25-04-03.23:20:05.156 [main            ] INFO  RaffleActivityControllerTest - Starting RaffleActivityControllerTest using Java 21.0.1 on LAPTOP-EPDR54BH with PID 23000 (started by Saber in D:\javacode\marketing_platform\big-market-ztf\big-market\big-market-app)
25-04-03.23:20:05.157 [main            ] INFO  RaffleActivityControllerTest - The following 1 profile is active: "dev"
25-04-03.23:20:06.414 [main            ] INFO  RepositoryConfigurationDelegate - Multiple Spring Data modules found, entering strict repository configuration mode
25-04-03.23:20:06.417 [main            ] INFO  RepositoryConfigurationDelegate - Bootstrapping Spring Data Redis repositories in DEFAULT mode.
25-04-03.23:20:06.479 [main            ] INFO  RepositoryConfigurationDelegate - Finished Spring Data repository scanning in 48 ms. Found 0 Redis repository interfaces.
25-04-03.23:20:07.889 [main            ] INFO  Version                - Redisson 3.26.0
25-04-03.23:20:08.401 [redisson-netty-1-4] INFO  ConnectionsHolder      - 1 connections initialized for 127.0.0.1/127.0.0.1:16379
25-04-03.23:20:08.424 [redisson-netty-1-13] INFO  ConnectionsHolder      - 5 connections initialized for 127.0.0.1/127.0.0.1:16379
25-04-03.23:20:12.401 [main            ] INFO  EndpointLinksResolver  - Exposing 1 endpoint(s) beneath base path '/actuator'
25-04-03.23:20:12.479 [main            ] INFO  CachingConnectionFactory - Attempting to connect to: [127.0.0.1:5672]
25-04-03.23:20:12.532 [main            ] INFO  CachingConnectionFactory - Created new connection: rabbitConnectionFactory#301d84f6:0/SimpleConnection@33986be7 [delegate=amqp://admin@127.0.0.1:5672/, localPort= 62991]
25-04-03.23:20:12.732 [main            ] INFO  RaffleActivityControllerTest - Started RaffleActivityControllerTest in 8.065 seconds (JVM running for 8.907)
25-04-03.23:20:13.071 [main            ] INFO  RaffleActivityController - 活动抽奖 userId:user003 activityId:100301
25-04-03.23:20:13.173 [main            ] INFO  HikariDataSource       - Retail_HikariCP - Starting...
25-04-03.23:20:13.518 [main            ] INFO  HikariDataSource       - Retail_HikariCP - Start completed.
25-04-03.23:20:13.620 [main            ] INFO  RaffleActivityController - 活动抽奖，创建订单 userId:user003 activityId:100301 orderId:337568172729
25-04-03.23:20:13.643 [main            ] INFO  BlackListLogicChain    - 抽奖责任链-黑名单开始 userId: user003 strategyId: 100006 ruleModel: rule_blacklist
25-04-03.23:20:13.716 [main            ] INFO  HikariDataSource       - Retail_HikariCP - Starting...
25-04-03.23:20:13.745 [main            ] INFO  HikariDataSource       - Retail_HikariCP - Start completed.
25-04-03.23:20:13.749 [main            ] INFO  BlackListLogicChain    - 抽奖责任链-黑名单接管 userId: user003 strategyId: 100006 ruleModel: rule_blacklist awardId: 101
25-04-03.23:20:13.752 [main            ] INFO  AbstractRaffleStrategy - 抽奖策略计算-责任链 user003 100006 101 rule_blacklist
25-04-03.23:20:13.981 [main            ] INFO  EventPublisher         - 发送MQ消息 topic:send_award message:{"data":{"awardId":101,"awardTitle":"随机积分","orderId":"337568172729","userId":"user003"},"id":"48370426542","timestamp":1743693613762}
25-04-03.23:20:13.989 [org.springframework.amqp.rabbit.RabbitListenerEndpointContainer#2-1] INFO  SendAwardCustomer      - 监听用户奖品发送消息 topic: send_award message: {"data":{"awardId":101,"awardTitle":"随机积分","orderId":"337568172729","userId":"user003"},"id":"48370426542","timestamp":1743693613762}
25-04-03.23:20:13.993 [main            ] INFO  RaffleActivityControllerTest - 请求参数：{"activityId":100301,"userId":"user003"}
25-04-03.23:20:13.998 [main            ] INFO  RaffleActivityControllerTest - 测试结果：{"code":"0000","data":{"awardId":101,"awardIndex":1,"awardTitle":"随机积分"},"info":"调用成功"}
25-04-03.23:20:15.015 [scheduling-1    ] INFO  UpdateActivitySkuStockJob - 定时任务，更新活动sku库存【延迟队列获取，降低对数据库的更新频次，不要产生竞争】
25-04-03.23:20:15.023 [pool-3-thread-2 ] INFO  HikariDataSource       - Retail_HikariCP - Starting...
25-04-03.23:20:15.072 [pool-3-thread-2 ] INFO  HikariDataSource       - Retail_HikariCP - Start completed.
25-04-03.23:20:20.014 [scheduling-1    ] INFO  UpdateActivitySkuStockJob - 定时任务，更新活动sku库存【延迟队列获取，降低对数据库的更新频次，不要产生竞争】
25-04-03.23:20:25.011 [scheduling-1    ] INFO  UpdateActivitySkuStockJob - 定时任务，更新活动sku库存【延迟队列获取，降低对数据库的更新频次，不要产生竞争】
25-04-03.23:20:30.002 [scheduling-1    ] INFO  UpdateActivitySkuStockJob - 定时任务，更新活动sku库存【延迟队列获取，降低对数据库的更新频次，不要产生竞争】
25-04-03.23:20:35.006 [scheduling-1    ] INFO  UpdateActivitySkuStockJob - 定时任务，更新活动sku库存【延迟队列获取，降低对数据库的更新频次，不要产生竞争】
25-04-03.23:20:40.014 [scheduling-1    ] INFO  UpdateActivitySkuStockJob - 定时任务，更新活动sku库存【延迟队列获取，降低对数据库的更新频次，不要产生竞争】
25-04-03.23:20:45.003 [scheduling-1    ] INFO  UpdateActivitySkuStockJob - 定时任务，更新活动sku库存【延迟队列获取，降低对数据库的更新频次，不要产生竞争】
25-04-03.23:20:50.014 [scheduling-1    ] INFO  UpdateActivitySkuStockJob - 定时任务，更新活动sku库存【延迟队列获取，降低对数据库的更新频次，不要产生竞争】
25-04-03.23:20:55.011 [scheduling-1    ] INFO  UpdateActivitySkuStockJob - 定时任务，更新活动sku库存【延迟队列获取，降低对数据库的更新频次，不要产生竞争】
25-04-03.23:21:00.004 [scheduling-1    ] INFO  UpdateActivitySkuStockJob - 定时任务，更新活动sku库存【延迟队列获取，降低对数据库的更新频次，不要产生竞争】
25-04-03.23:21:05.015 [scheduling-1    ] INFO  UpdateActivitySkuStockJob - 定时任务，更新活动sku库存【延迟队列获取，降低对数据库的更新频次，不要产生竞争】
25-04-03.23:21:10.010 [scheduling-1    ] INFO  UpdateActivitySkuStockJob - 定时任务，更新活动sku库存【延迟队列获取，降低对数据库的更新频次，不要产生竞争】
25-04-03.23:21:15.003 [scheduling-1    ] INFO  UpdateActivitySkuStockJob - 定时任务，更新活动sku库存【延迟队列获取，降低对数据库的更新频次，不要产生竞争】
25-04-03.23:21:20.011 [scheduling-1    ] INFO  UpdateActivitySkuStockJob - 定时任务，更新活动sku库存【延迟队列获取，降低对数据库的更新频次，不要产生竞争】
25-04-03.23:21:25.002 [scheduling-1    ] INFO  UpdateActivitySkuStockJob - 定时任务，更新活动sku库存【延迟队列获取，降低对数据库的更新频次，不要产生竞争】
25-04-03.23:21:26.503 [org.springframework.amqp.rabbit.RabbitListenerEndpointContainer#0-2] INFO  SimpleMessageListenerContainer - Waiting for workers to finish.
25-04-03.23:21:26.507 [org.springframework.amqp.rabbit.RabbitListenerEndpointContainer#1-2] INFO  SimpleMessageListenerContainer - Waiting for workers to finish.
25-04-03.23:21:26.512 [org.springframework.amqp.rabbit.RabbitListenerEndpointContainer#2-2] INFO  SimpleMessageListenerContainer - Waiting for workers to finish.
25-04-03.23:21:26.647 [org.springframework.amqp.rabbit.RabbitListenerEndpointContainer#2-2] INFO  SimpleMessageListenerContainer - Successfully waited for workers to finish.
25-04-03.23:21:27.280 [org.springframework.amqp.rabbit.RabbitListenerEndpointContainer#1-2] INFO  SimpleMessageListenerContainer - Successfully waited for workers to finish.
25-04-03.23:21:27.281 [org.springframework.amqp.rabbit.RabbitListenerEndpointContainer#0-2] INFO  SimpleMessageListenerContainer - Successfully waited for workers to finish.
25-04-03.23:21:27.288 [SpringApplicationShutdownHook] INFO  SimpleMessageListenerContainer - Shutdown ignored - container is already stopped
25-04-03.23:21:27.290 [SpringApplicationShutdownHook] INFO  SimpleMessageListenerContainer - Shutdown ignored - container is already stopped
25-04-03.23:21:27.290 [SpringApplicationShutdownHook] INFO  SimpleMessageListenerContainer - Shutdown ignored - container is already stopped
25-04-03.23:21:30.575 [main            ] INFO  RaffleActivityControllerTest - Starting RaffleActivityControllerTest using Java 21.0.1 on LAPTOP-EPDR54BH with PID 8012 (started by Saber in D:\javacode\marketing_platform\big-market-ztf\big-market\big-market-app)
25-04-03.23:21:30.576 [main            ] INFO  RaffleActivityControllerTest - The following 1 profile is active: "dev"
25-04-03.23:21:31.922 [main            ] INFO  RepositoryConfigurationDelegate - Multiple Spring Data modules found, entering strict repository configuration mode
25-04-03.23:21:31.925 [main            ] INFO  RepositoryConfigurationDelegate - Bootstrapping Spring Data Redis repositories in DEFAULT mode.
25-04-03.23:21:31.987 [main            ] INFO  RepositoryConfigurationDelegate - Finished Spring Data repository scanning in 46 ms. Found 0 Redis repository interfaces.
25-04-03.23:21:33.283 [main            ] INFO  Version                - Redisson 3.26.0
25-04-03.23:21:33.722 [redisson-netty-1-4] INFO  ConnectionsHolder      - 1 connections initialized for 127.0.0.1/127.0.0.1:16379
25-04-03.23:21:33.750 [redisson-netty-1-13] INFO  ConnectionsHolder      - 5 connections initialized for 127.0.0.1/127.0.0.1:16379
25-04-03.23:21:39.118 [main            ] INFO  EndpointLinksResolver  - Exposing 1 endpoint(s) beneath base path '/actuator'
25-04-03.23:21:39.362 [main            ] INFO  CachingConnectionFactory - Attempting to connect to: [127.0.0.1:5672]
25-04-03.23:21:39.532 [main            ] INFO  CachingConnectionFactory - Created new connection: rabbitConnectionFactory#4dad2363:0/SimpleConnection@748fa354 [delegate=amqp://admin@127.0.0.1:5672/, localPort= 63141]
25-04-03.23:21:39.702 [main            ] INFO  RaffleActivityControllerTest - Started RaffleActivityControllerTest in 9.682 seconds (JVM running for 10.588)
25-04-03.23:21:40.006 [scheduling-1    ] INFO  UpdateActivitySkuStockJob - 定时任务，更新活动sku库存【延迟队列获取，降低对数据库的更新频次，不要产生竞争】
25-04-03.23:21:40.272 [pool-3-thread-1 ] INFO  HikariDataSource       - Retail_HikariCP - Starting...
25-04-03.23:21:40.272 [pool-3-thread-2 ] INFO  HikariDataSource       - Retail_HikariCP - Starting...
25-04-03.23:21:40.716 [main            ] INFO  RaffleActivityController - 活动抽奖 userId:user003 activityId:100301
25-04-03.23:21:40.922 [pool-3-thread-2 ] INFO  HikariDataSource       - Retail_HikariCP - Start completed.
25-04-03.23:21:40.922 [pool-3-thread-1 ] INFO  HikariDataSource       - Retail_HikariCP - Start completed.
25-04-03.23:21:41.213 [main            ] INFO  RaffleActivityController - 活动抽奖，创建订单 userId:user003 activityId:100301 orderId:230539529250
25-04-03.23:21:41.225 [main            ] INFO  BlackListLogicChain    - 抽奖责任链-黑名单开始 userId: user003 strategyId: 100006 ruleModel: rule_blacklist
25-04-03.23:21:41.413 [main            ] INFO  HikariDataSource       - Retail_HikariCP - Starting...
25-04-03.23:21:41.447 [main            ] INFO  HikariDataSource       - Retail_HikariCP - Start completed.
25-04-03.23:21:41.453 [main            ] INFO  BlackListLogicChain    - 抽奖责任链-黑名单接管 userId: user003 strategyId: 100006 ruleModel: rule_blacklist awardId: 101
25-04-03.23:21:41.455 [main            ] INFO  AbstractRaffleStrategy - 抽奖策略计算-责任链 user003 100006 101 rule_blacklist
25-04-03.23:21:42.010 [main            ] INFO  EventPublisher         - 发送MQ消息 topic:send_award message:{"data":{"awardId":101,"awardTitle":"随机积分","orderId":"230539529250","userId":"user003"},"id":"90120809656","timestamp":1743693701464}
25-04-03.23:21:42.045 [main            ] INFO  RaffleActivityControllerTest - 请求参数：{"activityId":100301,"userId":"user003"}
25-04-03.23:21:42.057 [main            ] INFO  RaffleActivityControllerTest - 测试结果：{"code":"0000","data":{"awardId":101,"awardIndex":1,"awardTitle":"随机积分"},"info":"调用成功"}
25-04-03.23:21:42.066 [org.springframework.amqp.rabbit.RabbitListenerEndpointContainer#2-1] INFO  SendAwardCustomer      - 监听用户奖品发送消息 topic: send_award message: {"data":{"awardId":101,"awardTitle":"随机积分","orderId":"230539529250","userId":"user003"},"id":"90120809656","timestamp":1743693701464}
25-04-03.23:21:45.010 [scheduling-1    ] INFO  UpdateActivitySkuStockJob - 定时任务，更新活动sku库存【延迟队列获取，降低对数据库的更新频次，不要产生竞争】
25-04-03.23:21:50.021 [scheduling-1    ] INFO  UpdateActivitySkuStockJob - 定时任务，更新活动sku库存【延迟队列获取，降低对数据库的更新频次，不要产生竞争】
25-04-03.23:21:55.019 [scheduling-1    ] INFO  UpdateActivitySkuStockJob - 定时任务，更新活动sku库存【延迟队列获取，降低对数据库的更新频次，不要产生竞争】
25-04-03.23:22:00.016 [scheduling-1    ] INFO  UpdateActivitySkuStockJob - 定时任务，更新活动sku库存【延迟队列获取，降低对数据库的更新频次，不要产生竞争】
25-04-03.23:22:05.007 [scheduling-1    ] INFO  UpdateActivitySkuStockJob - 定时任务，更新活动sku库存【延迟队列获取，降低对数据库的更新频次，不要产生竞争】
25-04-03.23:22:10.014 [scheduling-1    ] INFO  UpdateActivitySkuStockJob - 定时任务，更新活动sku库存【延迟队列获取，降低对数据库的更新频次，不要产生竞争】
25-04-03.23:22:15.014 [scheduling-1    ] INFO  UpdateActivitySkuStockJob - 定时任务，更新活动sku库存【延迟队列获取，降低对数据库的更新频次，不要产生竞争】
25-04-03.23:22:20.006 [scheduling-1    ] INFO  UpdateActivitySkuStockJob - 定时任务，更新活动sku库存【延迟队列获取，降低对数据库的更新频次，不要产生竞争】
25-04-03.23:22:25.003 [scheduling-1    ] INFO  UpdateActivitySkuStockJob - 定时任务，更新活动sku库存【延迟队列获取，降低对数据库的更新频次，不要产生竞争】
25-04-03.23:22:30.015 [scheduling-1    ] INFO  UpdateActivitySkuStockJob - 定时任务，更新活动sku库存【延迟队列获取，降低对数据库的更新频次，不要产生竞争】
25-04-03.23:22:35.026 [scheduling-1    ] INFO  UpdateActivitySkuStockJob - 定时任务，更新活动sku库存【延迟队列获取，降低对数据库的更新频次，不要产生竞争】
25-04-03.23:22:40.005 [scheduling-1    ] INFO  UpdateActivitySkuStockJob - 定时任务，更新活动sku库存【延迟队列获取，降低对数据库的更新频次，不要产生竞争】
25-04-03.23:22:45.007 [scheduling-1    ] INFO  UpdateActivitySkuStockJob - 定时任务，更新活动sku库存【延迟队列获取，降低对数据库的更新频次，不要产生竞争】
25-04-03.23:22:50.001 [scheduling-1    ] INFO  UpdateActivitySkuStockJob - 定时任务，更新活动sku库存【延迟队列获取，降低对数据库的更新频次，不要产生竞争】
25-04-03.23:22:55.014 [scheduling-1    ] INFO  UpdateActivitySkuStockJob - 定时任务，更新活动sku库存【延迟队列获取，降低对数据库的更新频次，不要产生竞争】
25-04-03.23:23:00.019 [scheduling-1    ] INFO  UpdateActivitySkuStockJob - 定时任务，更新活动sku库存【延迟队列获取，降低对数据库的更新频次，不要产生竞争】
25-04-03.23:23:05.014 [scheduling-1    ] INFO  UpdateActivitySkuStockJob - 定时任务，更新活动sku库存【延迟队列获取，降低对数据库的更新频次，不要产生竞争】
25-04-03.23:23:10.010 [scheduling-1    ] INFO  UpdateActivitySkuStockJob - 定时任务，更新活动sku库存【延迟队列获取，降低对数据库的更新频次，不要产生竞争】
25-04-03.23:23:15.000 [scheduling-1    ] INFO  UpdateActivitySkuStockJob - 定时任务，更新活动sku库存【延迟队列获取，降低对数据库的更新频次，不要产生竞争】
25-04-03.23:23:20.005 [scheduling-1    ] INFO  UpdateActivitySkuStockJob - 定时任务，更新活动sku库存【延迟队列获取，降低对数据库的更新频次，不要产生竞争】
25-04-03.23:23:25.019 [scheduling-1    ] INFO  UpdateActivitySkuStockJob - 定时任务，更新活动sku库存【延迟队列获取，降低对数据库的更新频次，不要产生竞争】
25-04-03.23:23:30.010 [scheduling-1    ] INFO  UpdateActivitySkuStockJob - 定时任务，更新活动sku库存【延迟队列获取，降低对数据库的更新频次，不要产生竞争】
25-04-03.23:23:35.009 [scheduling-1    ] INFO  UpdateActivitySkuStockJob - 定时任务，更新活动sku库存【延迟队列获取，降低对数据库的更新频次，不要产生竞争】
25-04-03.23:23:40.006 [scheduling-1    ] INFO  UpdateActivitySkuStockJob - 定时任务，更新活动sku库存【延迟队列获取，降低对数据库的更新频次，不要产生竞争】
25-04-03.23:23:45.007 [scheduling-1    ] INFO  UpdateActivitySkuStockJob - 定时任务，更新活动sku库存【延迟队列获取，降低对数据库的更新频次，不要产生竞争】
25-04-03.23:23:50.015 [scheduling-1    ] INFO  UpdateActivitySkuStockJob - 定时任务，更新活动sku库存【延迟队列获取，降低对数据库的更新频次，不要产生竞争】
25-04-03.23:23:55.018 [scheduling-1    ] INFO  UpdateActivitySkuStockJob - 定时任务，更新活动sku库存【延迟队列获取，降低对数据库的更新频次，不要产生竞争】
25-04-03.23:24:00.014 [scheduling-1    ] INFO  UpdateActivitySkuStockJob - 定时任务，更新活动sku库存【延迟队列获取，降低对数据库的更新频次，不要产生竞争】
25-04-03.23:24:05.017 [scheduling-1    ] INFO  UpdateActivitySkuStockJob - 定时任务，更新活动sku库存【延迟队列获取，降低对数据库的更新频次，不要产生竞争】
25-04-03.23:24:10.012 [scheduling-1    ] INFO  UpdateActivitySkuStockJob - 定时任务，更新活动sku库存【延迟队列获取，降低对数据库的更新频次，不要产生竞争】
25-04-03.23:24:15.013 [scheduling-1    ] INFO  UpdateActivitySkuStockJob - 定时任务，更新活动sku库存【延迟队列获取，降低对数据库的更新频次，不要产生竞争】
25-04-03.23:24:20.012 [scheduling-1    ] INFO  UpdateActivitySkuStockJob - 定时任务，更新活动sku库存【延迟队列获取，降低对数据库的更新频次，不要产生竞争】
25-04-03.23:24:25.010 [scheduling-1    ] INFO  UpdateActivitySkuStockJob - 定时任务，更新活动sku库存【延迟队列获取，降低对数据库的更新频次，不要产生竞争】
25-04-03.23:24:30.004 [scheduling-1    ] INFO  UpdateActivitySkuStockJob - 定时任务，更新活动sku库存【延迟队列获取，降低对数据库的更新频次，不要产生竞争】
25-04-03.23:24:35.011 [scheduling-1    ] INFO  UpdateActivitySkuStockJob - 定时任务，更新活动sku库存【延迟队列获取，降低对数据库的更新频次，不要产生竞争】
25-04-03.23:24:40.004 [scheduling-1    ] INFO  UpdateActivitySkuStockJob - 定时任务，更新活动sku库存【延迟队列获取，降低对数据库的更新频次，不要产生竞争】
25-04-03.23:24:45.007 [scheduling-1    ] INFO  UpdateActivitySkuStockJob - 定时任务，更新活动sku库存【延迟队列获取，降低对数据库的更新频次，不要产生竞争】
25-04-03.23:24:50.008 [scheduling-1    ] INFO  UpdateActivitySkuStockJob - 定时任务，更新活动sku库存【延迟队列获取，降低对数据库的更新频次，不要产生竞争】
25-04-03.23:24:55.005 [scheduling-1    ] INFO  UpdateActivitySkuStockJob - 定时任务，更新活动sku库存【延迟队列获取，降低对数据库的更新频次，不要产生竞争】
25-04-03.23:25:00.014 [scheduling-1    ] INFO  UpdateActivitySkuStockJob - 定时任务，更新活动sku库存【延迟队列获取，降低对数据库的更新频次，不要产生竞争】
25-04-03.23:25:05.008 [scheduling-1    ] INFO  UpdateActivitySkuStockJob - 定时任务，更新活动sku库存【延迟队列获取，降低对数据库的更新频次，不要产生竞争】
25-04-03.23:25:10.013 [scheduling-1    ] INFO  UpdateActivitySkuStockJob - 定时任务，更新活动sku库存【延迟队列获取，降低对数据库的更新频次，不要产生竞争】
25-04-03.23:25:15.011 [scheduling-1    ] INFO  UpdateActivitySkuStockJob - 定时任务，更新活动sku库存【延迟队列获取，降低对数据库的更新频次，不要产生竞争】
25-04-03.23:25:20.006 [scheduling-1    ] INFO  UpdateActivitySkuStockJob - 定时任务，更新活动sku库存【延迟队列获取，降低对数据库的更新频次，不要产生竞争】
25-04-03.23:25:25.010 [scheduling-1    ] INFO  UpdateActivitySkuStockJob - 定时任务，更新活动sku库存【延迟队列获取，降低对数据库的更新频次，不要产生竞争】
25-04-03.23:25:30.012 [scheduling-1    ] INFO  UpdateActivitySkuStockJob - 定时任务，更新活动sku库存【延迟队列获取，降低对数据库的更新频次，不要产生竞争】
25-04-03.23:25:35.008 [scheduling-1    ] INFO  UpdateActivitySkuStockJob - 定时任务，更新活动sku库存【延迟队列获取，降低对数据库的更新频次，不要产生竞争】
25-04-03.23:25:40.005 [scheduling-1    ] INFO  UpdateActivitySkuStockJob - 定时任务，更新活动sku库存【延迟队列获取，降低对数据库的更新频次，不要产生竞争】
25-04-03.23:25:45.000 [scheduling-1    ] INFO  UpdateActivitySkuStockJob - 定时任务，更新活动sku库存【延迟队列获取，降低对数据库的更新频次，不要产生竞争】
25-04-03.23:25:50.015 [scheduling-1    ] INFO  UpdateActivitySkuStockJob - 定时任务，更新活动sku库存【延迟队列获取，降低对数据库的更新频次，不要产生竞争】
25-04-03.23:25:55.011 [scheduling-1    ] INFO  UpdateActivitySkuStockJob - 定时任务，更新活动sku库存【延迟队列获取，降低对数据库的更新频次，不要产生竞争】
25-04-03.23:26:00.013 [scheduling-1    ] INFO  UpdateActivitySkuStockJob - 定时任务，更新活动sku库存【延迟队列获取，降低对数据库的更新频次，不要产生竞争】
25-04-03.23:26:05.011 [scheduling-1    ] INFO  UpdateActivitySkuStockJob - 定时任务，更新活动sku库存【延迟队列获取，降低对数据库的更新频次，不要产生竞争】
25-04-03.23:26:10.008 [scheduling-1    ] INFO  UpdateActivitySkuStockJob - 定时任务，更新活动sku库存【延迟队列获取，降低对数据库的更新频次，不要产生竞争】
25-04-03.23:26:15.012 [scheduling-1    ] INFO  UpdateActivitySkuStockJob - 定时任务，更新活动sku库存【延迟队列获取，降低对数据库的更新频次，不要产生竞争】
25-04-03.23:26:20.001 [scheduling-1    ] INFO  UpdateActivitySkuStockJob - 定时任务，更新活动sku库存【延迟队列获取，降低对数据库的更新频次，不要产生竞争】
25-04-03.23:26:25.014 [scheduling-1    ] INFO  UpdateActivitySkuStockJob - 定时任务，更新活动sku库存【延迟队列获取，降低对数据库的更新频次，不要产生竞争】
25-04-03.23:26:30.004 [scheduling-1    ] INFO  UpdateActivitySkuStockJob - 定时任务，更新活动sku库存【延迟队列获取，降低对数据库的更新频次，不要产生竞争】
25-04-03.23:26:35.017 [scheduling-1    ] INFO  UpdateActivitySkuStockJob - 定时任务，更新活动sku库存【延迟队列获取，降低对数据库的更新频次，不要产生竞争】
25-04-03.23:26:38.354 [org.springframework.amqp.rabbit.RabbitListenerEndpointContainer#0-2] INFO  SimpleMessageListenerContainer - Waiting for workers to finish.
25-04-03.23:26:38.357 [org.springframework.amqp.rabbit.RabbitListenerEndpointContainer#1-2] INFO  SimpleMessageListenerContainer - Waiting for workers to finish.
25-04-03.23:26:38.359 [org.springframework.amqp.rabbit.RabbitListenerEndpointContainer#2-2] INFO  SimpleMessageListenerContainer - Waiting for workers to finish.
25-04-03.23:26:38.730 [org.springframework.amqp.rabbit.RabbitListenerEndpointContainer#1-2] INFO  SimpleMessageListenerContainer - Successfully waited for workers to finish.
25-04-03.23:26:38.741 [org.springframework.amqp.rabbit.RabbitListenerEndpointContainer#0-2] INFO  SimpleMessageListenerContainer - Successfully waited for workers to finish.
25-04-03.23:26:39.130 [org.springframework.amqp.rabbit.RabbitListenerEndpointContainer#2-2] INFO  SimpleMessageListenerContainer - Successfully waited for workers to finish.
25-04-03.23:26:39.135 [SpringApplicationShutdownHook] INFO  SimpleMessageListenerContainer - Shutdown ignored - container is already stopped
25-04-03.23:26:39.136 [SpringApplicationShutdownHook] INFO  SimpleMessageListenerContainer - Shutdown ignored - container is already stopped
25-04-03.23:26:39.136 [SpringApplicationShutdownHook] INFO  SimpleMessageListenerContainer - Shutdown ignored - container is already stopped
25-04-03.23:26:44.817 [main            ] INFO  RaffleActivityControllerTest - Starting RaffleActivityControllerTest using Java 21.0.1 on LAPTOP-EPDR54BH with PID 1728 (started by Saber in D:\javacode\marketing_platform\big-market-ztf\big-market\big-market-app)
25-04-03.23:26:44.818 [main            ] INFO  RaffleActivityControllerTest - The following 1 profile is active: "dev"
25-04-03.23:26:46.157 [main            ] INFO  RepositoryConfigurationDelegate - Multiple Spring Data modules found, entering strict repository configuration mode
25-04-03.23:26:46.160 [main            ] INFO  RepositoryConfigurationDelegate - Bootstrapping Spring Data Redis repositories in DEFAULT mode.
25-04-03.23:26:46.223 [main            ] INFO  RepositoryConfigurationDelegate - Finished Spring Data repository scanning in 44 ms. Found 0 Redis repository interfaces.
25-04-03.23:26:47.661 [main            ] INFO  Version                - Redisson 3.26.0
25-04-03.23:26:48.173 [redisson-netty-1-5] INFO  ConnectionsHolder      - 1 connections initialized for 127.0.0.1/127.0.0.1:16379
25-04-03.23:26:48.217 [redisson-netty-1-13] INFO  ConnectionsHolder      - 5 connections initialized for 127.0.0.1/127.0.0.1:16379
25-04-03.23:26:53.374 [main            ] INFO  EndpointLinksResolver  - Exposing 1 endpoint(s) beneath base path '/actuator'
25-04-03.23:26:53.517 [main            ] INFO  CachingConnectionFactory - Attempting to connect to: [127.0.0.1:5672]
25-04-03.23:26:53.568 [main            ] INFO  CachingConnectionFactory - Created new connection: rabbitConnectionFactory#174cb0d8:0/SimpleConnection@238d27ef [delegate=amqp://admin@127.0.0.1:5672/, localPort= 63524]
25-04-03.23:26:53.759 [main            ] INFO  RaffleActivityControllerTest - Started RaffleActivityControllerTest in 9.57 seconds (JVM running for 11.498)
25-04-03.23:26:54.120 [main            ] INFO  RaffleActivityController - 活动抽奖 userId:user003 activityId:100301
25-04-03.23:26:54.239 [main            ] INFO  HikariDataSource       - Retail_HikariCP - Starting...
25-04-03.23:26:54.616 [main            ] INFO  HikariDataSource       - Retail_HikariCP - Start completed.
25-04-03.23:26:54.727 [main            ] INFO  RaffleActivityController - 活动抽奖，创建订单 userId:user003 activityId:100301 orderId:052083789296
25-04-03.23:26:54.754 [main            ] INFO  BlackListLogicChain    - 抽奖责任链-黑名单开始 userId: user003 strategyId: 100006 ruleModel: rule_blacklist
25-04-03.23:26:54.821 [main            ] INFO  HikariDataSource       - Retail_HikariCP - Starting...
25-04-03.23:26:54.856 [main            ] INFO  HikariDataSource       - Retail_HikariCP - Start completed.
25-04-03.23:26:54.861 [main            ] INFO  BlackListLogicChain    - 抽奖责任链-黑名单接管 userId: user003 strategyId: 100006 ruleModel: rule_blacklist awardId: 101
25-04-03.23:26:54.863 [main            ] INFO  AbstractRaffleStrategy - 抽奖策略计算-责任链 user003 100006 101 rule_blacklist
25-04-03.23:27:14.113 [Retail_HikariCP housekeeper] WARN  HikariPool             - Retail_HikariCP - Thread starvation or clock leap detected (housekeeper delta=49s257ms123µs800ns).
25-04-03.23:27:14.119 [scheduling-1    ] INFO  UpdateActivitySkuStockJob - 定时任务，更新活动sku库存【延迟队列获取，降低对数据库的更新频次，不要产生竞争】
25-04-03.23:27:14.125 [pool-3-thread-2 ] INFO  HikariDataSource       - Retail_HikariCP - Starting...
25-04-03.23:29:02.696 [Retail_HikariCP housekeeper] WARN  HikariPool             - Retail_HikariCP - Thread starvation or clock leap detected (housekeeper delta=1m48s583ms345µs100ns).
25-04-03.23:29:02.697 [Retail_HikariCP housekeeper] WARN  HikariPool             - Retail_HikariCP - Thread starvation or clock leap detected (housekeeper delta=2m7s976ms562µs600ns).
25-04-03.23:29:02.702 [scheduling-1    ] INFO  UpdateActivitySkuStockJob - 定时任务，更新活动sku库存【延迟队列获取，降低对数据库的更新频次，不要产生竞争】
25-04-03.23:29:02.705 [pool-3-thread-2 ] INFO  HikariDataSource       - Retail_HikariCP - Start completed.
25-04-03.23:29:02.776 [org.springframework.amqp.rabbit.RabbitListenerEndpointContainer#0-2] INFO  SimpleMessageListenerContainer - Waiting for workers to finish.
25-04-03.23:29:02.778 [org.springframework.amqp.rabbit.RabbitListenerEndpointContainer#1-2] INFO  SimpleMessageListenerContainer - Waiting for workers to finish.
25-04-03.23:29:02.780 [org.springframework.amqp.rabbit.RabbitListenerEndpointContainer#2-2] INFO  SimpleMessageListenerContainer - Waiting for workers to finish.
25-04-03.23:29:03.057 [main            ] INFO  EventPublisher         - 发送MQ消息 topic:send_award message:{"data":{"awardId":101,"awardTitle":"随机积分","orderId":"052083789296","userId":"user003"},"id":"11774520581","timestamp":1743694034132}
25-04-03.23:29:03.070 [main            ] INFO  RaffleActivityControllerTest - 请求参数：{"activityId":100301,"userId":"user003"}
25-04-03.23:29:03.074 [main            ] INFO  RaffleActivityControllerTest - 测试结果：{"code":"0000","data":{"awardId":101,"awardIndex":1,"awardTitle":"随机积分"},"info":"调用成功"}
25-04-03.23:29:03.717 [org.springframework.amqp.rabbit.RabbitListenerEndpointContainer#0-2] INFO  SimpleMessageListenerContainer - Successfully waited for workers to finish.
25-04-03.23:29:03.718 [org.springframework.amqp.rabbit.RabbitListenerEndpointContainer#1-2] INFO  SimpleMessageListenerContainer - Successfully waited for workers to finish.
25-04-03.23:29:03.718 [org.springframework.amqp.rabbit.RabbitListenerEndpointContainer#2-2] INFO  SimpleMessageListenerContainer - Successfully waited for workers to finish.
25-04-03.23:29:03.722 [SpringApplicationShutdownHook] INFO  SimpleMessageListenerContainer - Shutdown ignored - container is already stopped
25-04-03.23:29:03.723 [SpringApplicationShutdownHook] INFO  SimpleMessageListenerContainer - Shutdown ignored - container is already stopped
25-04-03.23:29:03.723 [SpringApplicationShutdownHook] INFO  SimpleMessageListenerContainer - Shutdown ignored - container is already stopped
25-04-03.23:29:26.011 [main            ] INFO  RaffleActivityControllerTest - Starting RaffleActivityControllerTest using Java 21.0.1 on LAPTOP-EPDR54BH with PID 37744 (started by Saber in D:\javacode\marketing_platform\big-market-ztf\big-market\big-market-app)
25-04-03.23:29:26.012 [main            ] INFO  RaffleActivityControllerTest - The following 1 profile is active: "dev"
25-04-03.23:29:27.320 [main            ] INFO  RepositoryConfigurationDelegate - Multiple Spring Data modules found, entering strict repository configuration mode
25-04-03.23:29:27.323 [main            ] INFO  RepositoryConfigurationDelegate - Bootstrapping Spring Data Redis repositories in DEFAULT mode.
25-04-03.23:29:27.386 [main            ] INFO  RepositoryConfigurationDelegate - Finished Spring Data repository scanning in 44 ms. Found 0 Redis repository interfaces.
25-04-03.23:29:28.668 [main            ] INFO  Version                - Redisson 3.26.0
25-04-03.23:29:29.134 [redisson-netty-1-4] INFO  ConnectionsHolder      - 1 connections initialized for 127.0.0.1/127.0.0.1:16379
25-04-03.23:29:29.170 [redisson-netty-1-13] INFO  ConnectionsHolder      - 5 connections initialized for 127.0.0.1/127.0.0.1:16379
25-04-03.23:29:33.624 [main            ] INFO  EndpointLinksResolver  - Exposing 1 endpoint(s) beneath base path '/actuator'
25-04-03.23:29:33.754 [main            ] INFO  CachingConnectionFactory - Attempting to connect to: [127.0.0.1:5672]
25-04-03.23:29:33.839 [main            ] INFO  CachingConnectionFactory - Created new connection: rabbitConnectionFactory#4dad2363:0/SimpleConnection@748fa354 [delegate=amqp://admin@127.0.0.1:5672/, localPort= 63804]
25-04-03.23:29:33.963 [org.springframework.amqp.rabbit.RabbitListenerEndpointContainer#2-1] INFO  SendAwardCustomer      - 监听用户奖品发送消息 topic: send_award message: {"data":{"awardId":101,"awardTitle":"随机积分","orderId":"052083789296","userId":"user003"},"id":"11774520581","timestamp":1743694034132}
25-04-03.23:29:33.967 [main            ] INFO  RaffleActivityControllerTest - Started RaffleActivityControllerTest in 8.449 seconds (JVM running for 9.315)
25-04-03.23:29:34.247 [org.springframework.amqp.rabbit.RabbitListenerEndpointContainer#2-1] INFO  HikariDataSource       - Retail_HikariCP - Starting...
25-04-03.23:29:34.366 [main            ] INFO  RaffleActivityController - 活动抽奖 userId:user003 activityId:100301
25-04-03.23:29:34.556 [main            ] INFO  HikariDataSource       - Retail_HikariCP - Starting...
25-04-03.23:29:34.682 [main            ] INFO  HikariDataSource       - Retail_HikariCP - Start completed.
25-04-03.23:29:34.684 [org.springframework.amqp.rabbit.RabbitListenerEndpointContainer#2-1] INFO  HikariDataSource       - Retail_HikariCP - Start completed.
25-04-03.23:29:34.927 [main            ] INFO  RaffleActivityController - 活动抽奖，创建订单 userId:user003 activityId:100301 orderId:469989585893
25-04-03.23:29:34.962 [main            ] INFO  BlackListLogicChain    - 抽奖责任链-黑名单开始 userId: user003 strategyId: 100006 ruleModel: rule_blacklist
25-04-03.23:29:35.005 [scheduling-1    ] INFO  UpdateActivitySkuStockJob - 定时任务，更新活动sku库存【延迟队列获取，降低对数据库的更新频次，不要产生竞争】
25-04-03.23:29:35.011 [pool-3-thread-2 ] INFO  HikariDataSource       - Retail_HikariCP - Starting...
25-04-03.23:29:35.037 [pool-3-thread-2 ] INFO  HikariDataSource       - Retail_HikariCP - Start completed.
25-04-03.23:29:35.161 [main            ] INFO  BlackListLogicChain    - 抽奖责任链-黑名单接管 userId: user003 strategyId: 100006 ruleModel: rule_blacklist awardId: 101
25-04-03.23:29:35.166 [main            ] INFO  AbstractRaffleStrategy - 抽奖策略计算-责任链 user003 100006 101 rule_blacklist
25-04-03.23:29:35.345 [main            ] INFO  EventPublisher         - 发送MQ消息 topic:send_award message:{"data":{"awardConfig":"0.01,1","awardId":101,"awardTitle":"随机积分","orderId":"469989585893","userId":"user003"},"id":"01916732198","timestamp":1743694175185}
25-04-03.23:29:35.347 [org.springframework.amqp.rabbit.RabbitListenerEndpointContainer#2-1] INFO  SendAwardCustomer      - 监听用户奖品发送消息 topic: send_award message: {"data":{"awardConfig":"0.01,1","awardId":101,"awardTitle":"随机积分","orderId":"469989585893","userId":"user003"},"id":"01916732198","timestamp":1743694175185}
25-04-03.23:29:35.358 [main            ] INFO  RaffleActivityControllerTest - 请求参数：{"activityId":100301,"userId":"user003"}
25-04-03.23:29:35.362 [main            ] INFO  RaffleActivityControllerTest - 测试结果：{"code":"0000","data":{"awardId":101,"awardIndex":1,"awardTitle":"随机积分"},"info":"调用成功"}
25-04-03.23:29:40.015 [scheduling-1    ] INFO  UpdateActivitySkuStockJob - 定时任务，更新活动sku库存【延迟队列获取，降低对数据库的更新频次，不要产生竞争】
25-04-03.23:29:45.000 [scheduling-1    ] INFO  UpdateActivitySkuStockJob - 定时任务，更新活动sku库存【延迟队列获取，降低对数据库的更新频次，不要产生竞争】
25-04-03.23:29:50.010 [scheduling-1    ] INFO  UpdateActivitySkuStockJob - 定时任务，更新活动sku库存【延迟队列获取，降低对数据库的更新频次，不要产生竞争】
25-04-03.23:29:55.011 [scheduling-1    ] INFO  UpdateActivitySkuStockJob - 定时任务，更新活动sku库存【延迟队列获取，降低对数据库的更新频次，不要产生竞争】
25-04-03.23:30:00.014 [scheduling-1    ] INFO  UpdateActivitySkuStockJob - 定时任务，更新活动sku库存【延迟队列获取，降低对数据库的更新频次，不要产生竞争】
25-04-03.23:30:05.006 [scheduling-1    ] INFO  UpdateActivitySkuStockJob - 定时任务，更新活动sku库存【延迟队列获取，降低对数据库的更新频次，不要产生竞争】
25-04-03.23:30:10.010 [scheduling-1    ] INFO  UpdateActivitySkuStockJob - 定时任务，更新活动sku库存【延迟队列获取，降低对数据库的更新频次，不要产生竞争】
25-04-03.23:30:15.003 [scheduling-1    ] INFO  UpdateActivitySkuStockJob - 定时任务，更新活动sku库存【延迟队列获取，降低对数据库的更新频次，不要产生竞争】
25-04-03.23:30:20.014 [scheduling-1    ] INFO  UpdateActivitySkuStockJob - 定时任务，更新活动sku库存【延迟队列获取，降低对数据库的更新频次，不要产生竞争】
25-04-03.23:30:25.011 [scheduling-1    ] INFO  UpdateActivitySkuStockJob - 定时任务，更新活动sku库存【延迟队列获取，降低对数据库的更新频次，不要产生竞争】
25-04-03.23:30:30.013 [scheduling-1    ] INFO  UpdateActivitySkuStockJob - 定时任务，更新活动sku库存【延迟队列获取，降低对数据库的更新频次，不要产生竞争】
25-04-03.23:30:35.011 [scheduling-1    ] INFO  UpdateActivitySkuStockJob - 定时任务，更新活动sku库存【延迟队列获取，降低对数据库的更新频次，不要产生竞争】
25-04-03.23:30:40.004 [scheduling-1    ] INFO  UpdateActivitySkuStockJob - 定时任务，更新活动sku库存【延迟队列获取，降低对数据库的更新频次，不要产生竞争】
25-04-03.23:30:45.007 [scheduling-1    ] INFO  UpdateActivitySkuStockJob - 定时任务，更新活动sku库存【延迟队列获取，降低对数据库的更新频次，不要产生竞争】
25-04-03.23:30:50.014 [scheduling-1    ] INFO  UpdateActivitySkuStockJob - 定时任务，更新活动sku库存【延迟队列获取，降低对数据库的更新频次，不要产生竞争】
25-04-03.23:30:55.007 [scheduling-1    ] INFO  UpdateActivitySkuStockJob - 定时任务，更新活动sku库存【延迟队列获取，降低对数据库的更新频次，不要产生竞争】
25-04-03.23:31:00.015 [scheduling-1    ] INFO  UpdateActivitySkuStockJob - 定时任务，更新活动sku库存【延迟队列获取，降低对数据库的更新频次，不要产生竞争】
25-04-03.23:31:05.014 [scheduling-1    ] INFO  UpdateActivitySkuStockJob - 定时任务，更新活动sku库存【延迟队列获取，降低对数据库的更新频次，不要产生竞争】
25-04-03.23:31:10.005 [scheduling-1    ] INFO  UpdateActivitySkuStockJob - 定时任务，更新活动sku库存【延迟队列获取，降低对数据库的更新频次，不要产生竞争】
25-04-03.23:31:15.011 [scheduling-1    ] INFO  UpdateActivitySkuStockJob - 定时任务，更新活动sku库存【延迟队列获取，降低对数据库的更新频次，不要产生竞争】
25-04-03.23:31:20.018 [scheduling-1    ] INFO  UpdateActivitySkuStockJob - 定时任务，更新活动sku库存【延迟队列获取，降低对数据库的更新频次，不要产生竞争】
25-04-03.23:31:25.014 [scheduling-1    ] INFO  UpdateActivitySkuStockJob - 定时任务，更新活动sku库存【延迟队列获取，降低对数据库的更新频次，不要产生竞争】
25-04-03.23:31:30.009 [scheduling-1    ] INFO  UpdateActivitySkuStockJob - 定时任务，更新活动sku库存【延迟队列获取，降低对数据库的更新频次，不要产生竞争】
25-04-03.23:31:35.013 [scheduling-1    ] INFO  UpdateActivitySkuStockJob - 定时任务，更新活动sku库存【延迟队列获取，降低对数据库的更新频次，不要产生竞争】
25-04-03.23:31:40.008 [scheduling-1    ] INFO  UpdateActivitySkuStockJob - 定时任务，更新活动sku库存【延迟队列获取，降低对数据库的更新频次，不要产生竞争】
25-04-03.23:31:45.016 [scheduling-1    ] INFO  UpdateActivitySkuStockJob - 定时任务，更新活动sku库存【延迟队列获取，降低对数据库的更新频次，不要产生竞争】
25-04-03.23:31:50.015 [scheduling-1    ] INFO  UpdateActivitySkuStockJob - 定时任务，更新活动sku库存【延迟队列获取，降低对数据库的更新频次，不要产生竞争】
25-04-03.23:31:55.003 [scheduling-1    ] INFO  UpdateActivitySkuStockJob - 定时任务，更新活动sku库存【延迟队列获取，降低对数据库的更新频次，不要产生竞争】
25-04-03.23:32:00.003 [scheduling-1    ] INFO  UpdateActivitySkuStockJob - 定时任务，更新活动sku库存【延迟队列获取，降低对数据库的更新频次，不要产生竞争】
25-04-03.23:32:05.012 [scheduling-1    ] INFO  UpdateActivitySkuStockJob - 定时任务，更新活动sku库存【延迟队列获取，降低对数据库的更新频次，不要产生竞争】
25-04-03.23:32:10.006 [scheduling-1    ] INFO  UpdateActivitySkuStockJob - 定时任务，更新活动sku库存【延迟队列获取，降低对数据库的更新频次，不要产生竞争】
25-04-03.23:32:15.007 [scheduling-1    ] INFO  UpdateActivitySkuStockJob - 定时任务，更新活动sku库存【延迟队列获取，降低对数据库的更新频次，不要产生竞争】
25-04-03.23:32:20.011 [scheduling-1    ] INFO  UpdateActivitySkuStockJob - 定时任务，更新活动sku库存【延迟队列获取，降低对数据库的更新频次，不要产生竞争】
25-04-03.23:32:23.728 [org.springframework.amqp.rabbit.RabbitListenerEndpointContainer#0-2] INFO  SimpleMessageListenerContainer - Waiting for workers to finish.
25-04-03.23:32:23.731 [org.springframework.amqp.rabbit.RabbitListenerEndpointContainer#1-2] INFO  SimpleMessageListenerContainer - Waiting for workers to finish.
25-04-03.23:32:23.734 [org.springframework.amqp.rabbit.RabbitListenerEndpointContainer#2-2] INFO  SimpleMessageListenerContainer - Waiting for workers to finish.
25-04-03.23:32:24.087 [org.springframework.amqp.rabbit.RabbitListenerEndpointContainer#1-2] INFO  SimpleMessageListenerContainer - Successfully waited for workers to finish.
25-04-03.23:32:24.087 [org.springframework.amqp.rabbit.RabbitListenerEndpointContainer#0-2] INFO  SimpleMessageListenerContainer - Successfully waited for workers to finish.
25-04-03.23:32:24.522 [org.springframework.amqp.rabbit.RabbitListenerEndpointContainer#2-2] INFO  SimpleMessageListenerContainer - Successfully waited for workers to finish.
25-04-03.23:32:24.526 [SpringApplicationShutdownHook] INFO  SimpleMessageListenerContainer - Shutdown ignored - container is already stopped
25-04-03.23:32:24.526 [SpringApplicationShutdownHook] INFO  SimpleMessageListenerContainer - Shutdown ignored - container is already stopped
25-04-03.23:32:24.526 [SpringApplicationShutdownHook] INFO  SimpleMessageListenerContainer - Shutdown ignored - container is already stopped
25-04-03.23:32:31.504 [main            ] INFO  RaffleActivityControllerTest - Starting RaffleActivityControllerTest using Java 21.0.1 on LAPTOP-EPDR54BH with PID 37128 (started by Saber in D:\javacode\marketing_platform\big-market-ztf\big-market\big-market-app)
25-04-03.23:32:31.505 [main            ] INFO  RaffleActivityControllerTest - The following 1 profile is active: "dev"
25-04-03.23:32:32.724 [main            ] INFO  RepositoryConfigurationDelegate - Multiple Spring Data modules found, entering strict repository configuration mode
25-04-03.23:32:32.727 [main            ] INFO  RepositoryConfigurationDelegate - Bootstrapping Spring Data Redis repositories in DEFAULT mode.
25-04-03.23:32:32.794 [main            ] INFO  RepositoryConfigurationDelegate - Finished Spring Data repository scanning in 48 ms. Found 0 Redis repository interfaces.
25-04-03.23:32:34.135 [main            ] INFO  Version                - Redisson 3.26.0
25-04-03.23:32:34.523 [redisson-netty-1-4] INFO  ConnectionsHolder      - 1 connections initialized for 127.0.0.1/127.0.0.1:16379
25-04-03.23:32:34.549 [redisson-netty-1-13] INFO  ConnectionsHolder      - 5 connections initialized for 127.0.0.1/127.0.0.1:16379
25-04-03.23:32:39.367 [main            ] INFO  EndpointLinksResolver  - Exposing 1 endpoint(s) beneath base path '/actuator'
25-04-03.23:32:39.631 [main            ] INFO  CachingConnectionFactory - Attempting to connect to: [127.0.0.1:5672]
25-04-03.23:32:39.789 [main            ] INFO  CachingConnectionFactory - Created new connection: rabbitConnectionFactory#311a09b2:0/SimpleConnection@748fa354 [delegate=amqp://admin@127.0.0.1:5672/, localPort= 64080]
25-04-03.23:32:40.088 [main            ] INFO  RaffleActivityControllerTest - Started RaffleActivityControllerTest in 9.171 seconds (JVM running for 10.218)
25-04-03.23:32:40.833 [main            ] INFO  RaffleActivityController - 活动抽奖 userId:user003 activityId:100301
25-04-03.23:32:41.008 [main            ] INFO  HikariDataSource       - Retail_HikariCP - Starting...
25-04-03.23:32:41.547 [main            ] INFO  HikariDataSource       - Retail_HikariCP - Start completed.
25-04-03.23:32:41.707 [main            ] INFO  RaffleActivityController - 活动抽奖，创建订单 userId:user003 activityId:100301 orderId:590395972820
25-04-03.23:32:41.726 [main            ] INFO  BlackListLogicChain    - 抽奖责任链-黑名单开始 userId: user003 strategyId: 100006 ruleModel: rule_blacklist
25-04-03.23:32:41.915 [main            ] INFO  HikariDataSource       - Retail_HikariCP - Starting...
25-04-03.23:32:41.955 [main            ] INFO  HikariDataSource       - Retail_HikariCP - Start completed.
25-04-03.23:32:41.960 [main            ] INFO  BlackListLogicChain    - 抽奖责任链-黑名单接管 userId: user003 strategyId: 100006 ruleModel: rule_blacklist awardId: 101
25-04-03.23:32:41.965 [main            ] INFO  AbstractRaffleStrategy - 抽奖策略计算-责任链 user003 100006 101 rule_blacklist
25-04-03.23:32:42.449 [main            ] INFO  EventPublisher         - 发送MQ消息 topic:send_award message:{"data":{"awardConfig":"0.01,1","awardId":101,"awardTitle":"随机积分","orderId":"590395972820","userId":"user003"},"id":"84261674322","timestamp":1743694361988}
25-04-03.23:32:42.459 [org.springframework.amqp.rabbit.RabbitListenerEndpointContainer#2-1] INFO  SendAwardCustomer      - 监听用户奖品发送消息 topic: send_award message: {"data":{"awardConfig":"0.01,1","awardId":101,"awardTitle":"随机积分","orderId":"590395972820","userId":"user003"},"id":"84261674322","timestamp":1743694361988}
25-04-03.23:32:42.469 [main            ] INFO  RaffleActivityControllerTest - 请求参数：{"activityId":100301,"userId":"user003"}
25-04-03.23:32:42.478 [main            ] INFO  RaffleActivityControllerTest - 测试结果：{"code":"0000","data":{"awardId":101,"awardIndex":1,"awardTitle":"随机积分"},"info":"调用成功"}
25-04-03.23:32:45.007 [scheduling-1    ] INFO  UpdateActivitySkuStockJob - 定时任务，更新活动sku库存【延迟队列获取，降低对数据库的更新频次，不要产生竞争】
25-04-03.23:32:45.030 [pool-3-thread-2 ] INFO  HikariDataSource       - Retail_HikariCP - Starting...
25-04-03.23:32:45.082 [pool-3-thread-2 ] INFO  HikariDataSource       - Retail_HikariCP - Start completed.
25-04-03.23:32:50.016 [scheduling-1    ] INFO  UpdateActivitySkuStockJob - 定时任务，更新活动sku库存【延迟队列获取，降低对数据库的更新频次，不要产生竞争】
25-04-03.23:32:55.000 [scheduling-1    ] INFO  UpdateActivitySkuStockJob - 定时任务，更新活动sku库存【延迟队列获取，降低对数据库的更新频次，不要产生竞争】
25-04-03.23:32:56.802 [org.springframework.amqp.rabbit.RabbitListenerEndpointContainer#0-2] INFO  SimpleMessageListenerContainer - Waiting for workers to finish.
25-04-03.23:32:56.807 [org.springframework.amqp.rabbit.RabbitListenerEndpointContainer#1-2] INFO  SimpleMessageListenerContainer - Waiting for workers to finish.
25-04-03.23:32:56.813 [org.springframework.amqp.rabbit.RabbitListenerEndpointContainer#2-2] INFO  SimpleMessageListenerContainer - Waiting for workers to finish.
25-04-03.23:32:57.135 [org.springframework.amqp.rabbit.RabbitListenerEndpointContainer#1-2] INFO  SimpleMessageListenerContainer - Successfully waited for workers to finish.
25-04-03.23:32:57.135 [org.springframework.amqp.rabbit.RabbitListenerEndpointContainer#0-2] INFO  SimpleMessageListenerContainer - Successfully waited for workers to finish.
25-04-03.23:32:57.629 [org.springframework.amqp.rabbit.RabbitListenerEndpointContainer#2-2] INFO  SimpleMessageListenerContainer - Successfully waited for workers to finish.
25-04-03.23:32:57.634 [SpringApplicationShutdownHook] INFO  SimpleMessageListenerContainer - Shutdown ignored - container is already stopped
25-04-03.23:32:57.636 [SpringApplicationShutdownHook] INFO  SimpleMessageListenerContainer - Shutdown ignored - container is already stopped
25-04-03.23:32:57.636 [SpringApplicationShutdownHook] INFO  SimpleMessageListenerContainer - Shutdown ignored - container is already stopped
25-04-03.23:33:00.906 [main            ] INFO  RaffleActivityControllerTest - Starting RaffleActivityControllerTest using Java 21.0.1 on LAPTOP-EPDR54BH with PID 10092 (started by Saber in D:\javacode\marketing_platform\big-market-ztf\big-market\big-market-app)
25-04-03.23:33:00.907 [main            ] INFO  RaffleActivityControllerTest - The following 1 profile is active: "dev"
25-04-03.23:33:02.139 [main            ] INFO  RepositoryConfigurationDelegate - Multiple Spring Data modules found, entering strict repository configuration mode
25-04-03.23:33:02.142 [main            ] INFO  RepositoryConfigurationDelegate - Bootstrapping Spring Data Redis repositories in DEFAULT mode.
25-04-03.23:33:02.197 [main            ] INFO  RepositoryConfigurationDelegate - Finished Spring Data repository scanning in 40 ms. Found 0 Redis repository interfaces.
25-04-03.23:33:03.398 [main            ] INFO  Version                - Redisson 3.26.0
25-04-03.23:33:03.900 [redisson-netty-1-4] INFO  ConnectionsHolder      - 1 connections initialized for 127.0.0.1/127.0.0.1:16379
25-04-03.23:33:03.930 [redisson-netty-1-13] INFO  ConnectionsHolder      - 5 connections initialized for 127.0.0.1/127.0.0.1:16379
25-04-03.23:33:08.553 [main            ] INFO  EndpointLinksResolver  - Exposing 1 endpoint(s) beneath base path '/actuator'
25-04-03.23:33:08.721 [main            ] INFO  CachingConnectionFactory - Attempting to connect to: [127.0.0.1:5672]
25-04-03.23:33:08.841 [main            ] INFO  CachingConnectionFactory - Created new connection: rabbitConnectionFactory#114b2414:0/SimpleConnection@78e59b04 [delegate=amqp://admin@127.0.0.1:5672/, localPort= 64177]
25-04-03.23:33:09.039 [main            ] INFO  RaffleActivityControllerTest - Started RaffleActivityControllerTest in 8.615 seconds (JVM running for 9.468)
25-04-03.23:33:09.379 [main            ] INFO  RaffleActivityController - 活动抽奖 userId:user003 activityId:100301
25-04-03.23:33:09.480 [main            ] INFO  HikariDataSource       - Retail_HikariCP - Starting...
25-04-03.23:33:09.806 [main            ] INFO  HikariDataSource       - Retail_HikariCP - Start completed.
25-04-03.23:33:09.916 [main            ] INFO  RaffleActivityController - 活动抽奖，创建订单 userId:user003 activityId:100301 orderId:394001869057
25-04-03.23:33:09.932 [main            ] INFO  BlackListLogicChain    - 抽奖责任链-黑名单开始 userId: user003 strategyId: 100006 ruleModel: rule_blacklist
25-04-03.23:33:10.005 [scheduling-1    ] INFO  UpdateActivitySkuStockJob - 定时任务，更新活动sku库存【延迟队列获取，降低对数据库的更新频次，不要产生竞争】
25-04-03.23:33:10.020 [pool-3-thread-2 ] INFO  HikariDataSource       - Retail_HikariCP - Starting...
25-04-03.23:33:10.026 [main            ] INFO  HikariDataSource       - Retail_HikariCP - Starting...
25-04-03.23:33:10.046 [pool-3-thread-2 ] INFO  HikariDataSource       - Retail_HikariCP - Start completed.
25-04-03.23:33:10.058 [main            ] INFO  HikariDataSource       - Retail_HikariCP - Start completed.
25-04-03.23:33:10.063 [main            ] INFO  BlackListLogicChain    - 抽奖责任链-黑名单接管 userId: user003 strategyId: 100006 ruleModel: rule_blacklist awardId: 101
25-04-03.23:33:10.065 [main            ] INFO  AbstractRaffleStrategy - 抽奖策略计算-责任链 user003 100006 101 rule_blacklist
25-04-03.23:33:10.361 [main            ] INFO  EventPublisher         - 发送MQ消息 topic:send_award message:{"data":{"awardConfig":"0.01,1","awardId":101,"awardTitle":"随机积分","orderId":"394001869057","userId":"user003"},"id":"84915364672","timestamp":1743694390074}
25-04-03.23:33:10.370 [org.springframework.amqp.rabbit.RabbitListenerEndpointContainer#2-1] INFO  SendAwardCustomer      - 监听用户奖品发送消息 topic: send_award message: {"data":{"awardConfig":"0.01,1","awardId":101,"awardTitle":"随机积分","orderId":"394001869057","userId":"user003"},"id":"84915364672","timestamp":1743694390074}
25-04-03.23:33:10.375 [main            ] INFO  RaffleActivityControllerTest - 请求参数：{"activityId":100301,"userId":"user003"}
25-04-03.23:33:10.378 [main            ] INFO  RaffleActivityControllerTest - 测试结果：{"code":"0000","data":{"awardId":101,"awardIndex":1,"awardTitle":"随机积分"},"info":"调用成功"}
25-04-03.23:33:15.009 [scheduling-1    ] INFO  UpdateActivitySkuStockJob - 定时任务，更新活动sku库存【延迟队列获取，降低对数据库的更新频次，不要产生竞争】
25-04-03.23:33:20.010 [scheduling-1    ] INFO  UpdateActivitySkuStockJob - 定时任务，更新活动sku库存【延迟队列获取，降低对数据库的更新频次，不要产生竞争】
25-04-03.23:33:25.010 [scheduling-1    ] INFO  UpdateActivitySkuStockJob - 定时任务，更新活动sku库存【延迟队列获取，降低对数据库的更新频次，不要产生竞争】
25-04-03.23:33:30.009 [scheduling-1    ] INFO  UpdateActivitySkuStockJob - 定时任务，更新活动sku库存【延迟队列获取，降低对数据库的更新频次，不要产生竞争】
25-04-03.23:33:35.013 [scheduling-1    ] INFO  UpdateActivitySkuStockJob - 定时任务，更新活动sku库存【延迟队列获取，降低对数据库的更新频次，不要产生竞争】
25-04-03.23:33:40.019 [scheduling-1    ] INFO  UpdateActivitySkuStockJob - 定时任务，更新活动sku库存【延迟队列获取，降低对数据库的更新频次，不要产生竞争】
25-04-03.23:33:45.006 [scheduling-1    ] INFO  UpdateActivitySkuStockJob - 定时任务，更新活动sku库存【延迟队列获取，降低对数据库的更新频次，不要产生竞争】
25-04-03.23:33:50.006 [scheduling-1    ] INFO  UpdateActivitySkuStockJob - 定时任务，更新活动sku库存【延迟队列获取，降低对数据库的更新频次，不要产生竞争】
25-04-03.23:33:50.947 [main            ] INFO  AwardServiceTest       - Starting AwardServiceTest using Java 21.0.1 on LAPTOP-EPDR54BH with PID 35908 (started by Saber in D:\javacode\marketing_platform\big-market-ztf\big-market\big-market-app)
25-04-03.23:33:50.948 [main            ] INFO  AwardServiceTest       - The following 1 profile is active: "dev"
25-04-03.23:33:52.287 [main            ] INFO  RepositoryConfigurationDelegate - Multiple Spring Data modules found, entering strict repository configuration mode
25-04-03.23:33:52.291 [main            ] INFO  RepositoryConfigurationDelegate - Bootstrapping Spring Data Redis repositories in DEFAULT mode.
25-04-03.23:33:52.362 [main            ] INFO  RepositoryConfigurationDelegate - Finished Spring Data repository scanning in 54 ms. Found 0 Redis repository interfaces.
25-04-03.23:33:53.740 [main            ] INFO  Version                - Redisson 3.26.0
25-04-03.23:33:54.206 [redisson-netty-1-4] INFO  ConnectionsHolder      - 1 connections initialized for 127.0.0.1/127.0.0.1:16379
25-04-03.23:33:54.236 [redisson-netty-1-13] INFO  ConnectionsHolder      - 5 connections initialized for 127.0.0.1/127.0.0.1:16379
25-04-03.23:33:55.012 [scheduling-1    ] INFO  UpdateActivitySkuStockJob - 定时任务，更新活动sku库存【延迟队列获取，降低对数据库的更新频次，不要产生竞争】
25-04-03.23:33:58.716 [main            ] INFO  EndpointLinksResolver  - Exposing 1 endpoint(s) beneath base path '/actuator'
25-04-03.23:33:58.828 [main            ] INFO  CachingConnectionFactory - Attempting to connect to: [127.0.0.1:5672]
25-04-03.23:33:58.879 [main            ] INFO  CachingConnectionFactory - Created new connection: rabbitConnectionFactory#4dad2363:0/SimpleConnection@748fa354 [delegate=amqp://admin@127.0.0.1:5672/, localPort= 64284]
25-04-03.23:33:59.011 [main            ] INFO  AwardServiceTest       - Started AwardServiceTest in 8.571 seconds (JVM running for 9.49)
25-04-03.23:33:59.387 [main            ] INFO  HikariDataSource       - Retail_HikariCP - Starting...
25-04-03.23:33:59.733 [main            ] INFO  HikariDataSource       - Retail_HikariCP - Start completed.
25-04-03.23:33:59.772 [main            ] INFO  HikariDataSource       - Retail_HikariCP - Starting...
25-04-03.23:33:59.798 [main            ] INFO  HikariDataSource       - Retail_HikariCP - Start completed.
25-04-03.23:34:00.016 [scheduling-1    ] INFO  UpdateActivitySkuStockJob - 定时任务，更新活动sku库存【延迟队列获取，降低对数据库的更新频次，不要产生竞争】
25-04-03.23:34:00.016 [scheduling-1    ] INFO  UpdateActivitySkuStockJob - 定时任务，更新活动sku库存【延迟队列获取，降低对数据库的更新频次，不要产生竞争】
25-04-03.23:34:00.049 [pool-3-thread-2 ] INFO  HikariDataSource       - Retail_HikariCP - Starting...
25-04-03.23:34:00.074 [pool-3-thread-2 ] INFO  HikariDataSource       - Retail_HikariCP - Start completed.
25-04-03.23:34:00.299 [main            ] WARN  AwardRepository        - 更新中奖记录，重复更新拦截 userId:xiaofuge giveOutPrizesAggregate:{"userAwardRecordEntity":{"awardId":101,"awardState":"complete","orderId":"690124733440","userId":"xiaofuge"},"userCreditAwardEntity":{"creditAmount":0.446,"userId":"xiaofuge"},"userId":"xiaofuge"}
25-04-03.23:34:00.324 [org.springframework.amqp.rabbit.RabbitListenerEndpointContainer#0-2] INFO  SimpleMessageListenerContainer - Waiting for workers to finish.
25-04-03.23:34:00.326 [org.springframework.amqp.rabbit.RabbitListenerEndpointContainer#1-2] INFO  SimpleMessageListenerContainer - Waiting for workers to finish.
25-04-03.23:34:00.328 [org.springframework.amqp.rabbit.RabbitListenerEndpointContainer#2-2] INFO  SimpleMessageListenerContainer - Waiting for workers to finish.
25-04-03.23:34:01.004 [org.springframework.amqp.rabbit.RabbitListenerEndpointContainer#1-2] INFO  SimpleMessageListenerContainer - Successfully waited for workers to finish.
25-04-03.23:34:01.005 [org.springframework.amqp.rabbit.RabbitListenerEndpointContainer#0-2] INFO  SimpleMessageListenerContainer - Successfully waited for workers to finish.
25-04-03.23:34:01.015 [org.springframework.amqp.rabbit.RabbitListenerEndpointContainer#2-2] INFO  SimpleMessageListenerContainer - Successfully waited for workers to finish.
25-04-03.23:34:01.018 [SpringApplicationShutdownHook] INFO  SimpleMessageListenerContainer - Shutdown ignored - container is already stopped
25-04-03.23:34:01.020 [SpringApplicationShutdownHook] INFO  SimpleMessageListenerContainer - Shutdown ignored - container is already stopped
25-04-03.23:34:01.020 [SpringApplicationShutdownHook] INFO  SimpleMessageListenerContainer - Shutdown ignored - container is already stopped
25-04-03.23:34:05.015 [scheduling-1    ] INFO  UpdateActivitySkuStockJob - 定时任务，更新活动sku库存【延迟队列获取，降低对数据库的更新频次，不要产生竞争】
25-04-03.23:34:10.005 [scheduling-1    ] INFO  UpdateActivitySkuStockJob - 定时任务，更新活动sku库存【延迟队列获取，降低对数据库的更新频次，不要产生竞争】
25-04-03.23:34:15.006 [scheduling-1    ] INFO  UpdateActivitySkuStockJob - 定时任务，更新活动sku库存【延迟队列获取，降低对数据库的更新频次，不要产生竞争】
25-04-03.23:34:20.006 [scheduling-1    ] INFO  UpdateActivitySkuStockJob - 定时任务，更新活动sku库存【延迟队列获取，降低对数据库的更新频次，不要产生竞争】
25-04-03.23:34:25.004 [scheduling-1    ] INFO  UpdateActivitySkuStockJob - 定时任务，更新活动sku库存【延迟队列获取，降低对数据库的更新频次，不要产生竞争】
25-04-03.23:34:30.002 [scheduling-1    ] INFO  UpdateActivitySkuStockJob - 定时任务，更新活动sku库存【延迟队列获取，降低对数据库的更新频次，不要产生竞争】
25-04-03.23:34:35.007 [scheduling-1    ] INFO  UpdateActivitySkuStockJob - 定时任务，更新活动sku库存【延迟队列获取，降低对数据库的更新频次，不要产生竞争】
25-04-03.23:34:40.013 [scheduling-1    ] INFO  UpdateActivitySkuStockJob - 定时任务，更新活动sku库存【延迟队列获取，降低对数据库的更新频次，不要产生竞争】
25-04-03.23:34:45.018 [scheduling-1    ] INFO  UpdateActivitySkuStockJob - 定时任务，更新活动sku库存【延迟队列获取，降低对数据库的更新频次，不要产生竞争】
25-04-03.23:34:50.013 [scheduling-1    ] INFO  UpdateActivitySkuStockJob - 定时任务，更新活动sku库存【延迟队列获取，降低对数据库的更新频次，不要产生竞争】
25-04-03.23:34:55.008 [scheduling-1    ] INFO  UpdateActivitySkuStockJob - 定时任务，更新活动sku库存【延迟队列获取，降低对数据库的更新频次，不要产生竞争】
25-04-03.23:35:00.001 [scheduling-1    ] INFO  UpdateActivitySkuStockJob - 定时任务，更新活动sku库存【延迟队列获取，降低对数据库的更新频次，不要产生竞争】
25-04-03.23:35:05.009 [scheduling-1    ] INFO  UpdateActivitySkuStockJob - 定时任务，更新活动sku库存【延迟队列获取，降低对数据库的更新频次，不要产生竞争】
25-04-03.23:35:10.005 [scheduling-1    ] INFO  UpdateActivitySkuStockJob - 定时任务，更新活动sku库存【延迟队列获取，降低对数据库的更新频次，不要产生竞争】
25-04-03.23:35:15.014 [scheduling-1    ] INFO  UpdateActivitySkuStockJob - 定时任务，更新活动sku库存【延迟队列获取，降低对数据库的更新频次，不要产生竞争】
25-04-03.23:35:20.003 [scheduling-1    ] INFO  UpdateActivitySkuStockJob - 定时任务，更新活动sku库存【延迟队列获取，降低对数据库的更新频次，不要产生竞争】
25-04-03.23:35:25.007 [scheduling-1    ] INFO  UpdateActivitySkuStockJob - 定时任务，更新活动sku库存【延迟队列获取，降低对数据库的更新频次，不要产生竞争】
25-04-03.23:35:30.014 [scheduling-1    ] INFO  UpdateActivitySkuStockJob - 定时任务，更新活动sku库存【延迟队列获取，降低对数据库的更新频次，不要产生竞争】
25-04-03.23:35:35.021 [scheduling-1    ] INFO  UpdateActivitySkuStockJob - 定时任务，更新活动sku库存【延迟队列获取，降低对数据库的更新频次，不要产生竞争】
25-04-03.23:35:40.010 [scheduling-1    ] INFO  UpdateActivitySkuStockJob - 定时任务，更新活动sku库存【延迟队列获取，降低对数据库的更新频次，不要产生竞争】
25-04-03.23:35:45.011 [scheduling-1    ] INFO  UpdateActivitySkuStockJob - 定时任务，更新活动sku库存【延迟队列获取，降低对数据库的更新频次，不要产生竞争】
25-04-03.23:35:50.009 [scheduling-1    ] INFO  UpdateActivitySkuStockJob - 定时任务，更新活动sku库存【延迟队列获取，降低对数据库的更新频次，不要产生竞争】
25-04-03.23:35:55.013 [scheduling-1    ] INFO  UpdateActivitySkuStockJob - 定时任务，更新活动sku库存【延迟队列获取，降低对数据库的更新频次，不要产生竞争】
25-04-03.23:36:00.000 [scheduling-1    ] INFO  UpdateActivitySkuStockJob - 定时任务，更新活动sku库存【延迟队列获取，降低对数据库的更新频次，不要产生竞争】
25-04-03.23:36:05.007 [scheduling-1    ] INFO  UpdateActivitySkuStockJob - 定时任务，更新活动sku库存【延迟队列获取，降低对数据库的更新频次，不要产生竞争】
25-04-03.23:36:10.001 [scheduling-1    ] INFO  UpdateActivitySkuStockJob - 定时任务，更新活动sku库存【延迟队列获取，降低对数据库的更新频次，不要产生竞争】
25-04-03.23:36:15.012 [scheduling-1    ] INFO  UpdateActivitySkuStockJob - 定时任务，更新活动sku库存【延迟队列获取，降低对数据库的更新频次，不要产生竞争】
25-04-03.23:36:20.007 [scheduling-1    ] INFO  UpdateActivitySkuStockJob - 定时任务，更新活动sku库存【延迟队列获取，降低对数据库的更新频次，不要产生竞争】
25-04-03.23:36:25.011 [scheduling-1    ] INFO  UpdateActivitySkuStockJob - 定时任务，更新活动sku库存【延迟队列获取，降低对数据库的更新频次，不要产生竞争】
25-04-03.23:36:30.013 [scheduling-1    ] INFO  UpdateActivitySkuStockJob - 定时任务，更新活动sku库存【延迟队列获取，降低对数据库的更新频次，不要产生竞争】
25-04-03.23:36:35.004 [scheduling-1    ] INFO  UpdateActivitySkuStockJob - 定时任务，更新活动sku库存【延迟队列获取，降低对数据库的更新频次，不要产生竞争】
25-04-03.23:36:40.007 [scheduling-1    ] INFO  UpdateActivitySkuStockJob - 定时任务，更新活动sku库存【延迟队列获取，降低对数据库的更新频次，不要产生竞争】
25-04-03.23:36:45.008 [scheduling-1    ] INFO  UpdateActivitySkuStockJob - 定时任务，更新活动sku库存【延迟队列获取，降低对数据库的更新频次，不要产生竞争】
25-04-03.23:36:50.010 [scheduling-1    ] INFO  UpdateActivitySkuStockJob - 定时任务，更新活动sku库存【延迟队列获取，降低对数据库的更新频次，不要产生竞争】
25-04-03.23:36:55.004 [scheduling-1    ] INFO  UpdateActivitySkuStockJob - 定时任务，更新活动sku库存【延迟队列获取，降低对数据库的更新频次，不要产生竞争】
25-04-03.23:37:00.015 [scheduling-1    ] INFO  UpdateActivitySkuStockJob - 定时任务，更新活动sku库存【延迟队列获取，降低对数据库的更新频次，不要产生竞争】
25-04-03.23:37:05.009 [scheduling-1    ] INFO  UpdateActivitySkuStockJob - 定时任务，更新活动sku库存【延迟队列获取，降低对数据库的更新频次，不要产生竞争】
25-04-03.23:37:10.012 [scheduling-1    ] INFO  UpdateActivitySkuStockJob - 定时任务，更新活动sku库存【延迟队列获取，降低对数据库的更新频次，不要产生竞争】
25-04-03.23:37:15.011 [scheduling-1    ] INFO  UpdateActivitySkuStockJob - 定时任务，更新活动sku库存【延迟队列获取，降低对数据库的更新频次，不要产生竞争】
25-04-03.23:37:20.012 [scheduling-1    ] INFO  UpdateActivitySkuStockJob - 定时任务，更新活动sku库存【延迟队列获取，降低对数据库的更新频次，不要产生竞争】
25-04-03.23:37:25.004 [scheduling-1    ] INFO  UpdateActivitySkuStockJob - 定时任务，更新活动sku库存【延迟队列获取，降低对数据库的更新频次，不要产生竞争】
25-04-03.23:37:30.001 [scheduling-1    ] INFO  UpdateActivitySkuStockJob - 定时任务，更新活动sku库存【延迟队列获取，降低对数据库的更新频次，不要产生竞争】
25-04-03.23:37:35.015 [scheduling-1    ] INFO  UpdateActivitySkuStockJob - 定时任务，更新活动sku库存【延迟队列获取，降低对数据库的更新频次，不要产生竞争】
25-04-03.23:37:40.013 [scheduling-1    ] INFO  UpdateActivitySkuStockJob - 定时任务，更新活动sku库存【延迟队列获取，降低对数据库的更新频次，不要产生竞争】
25-04-03.23:37:45.005 [scheduling-1    ] INFO  UpdateActivitySkuStockJob - 定时任务，更新活动sku库存【延迟队列获取，降低对数据库的更新频次，不要产生竞争】
25-04-03.23:37:50.010 [scheduling-1    ] INFO  UpdateActivitySkuStockJob - 定时任务，更新活动sku库存【延迟队列获取，降低对数据库的更新频次，不要产生竞争】
25-04-03.23:37:55.011 [scheduling-1    ] INFO  UpdateActivitySkuStockJob - 定时任务，更新活动sku库存【延迟队列获取，降低对数据库的更新频次，不要产生竞争】
25-04-03.23:38:00.009 [scheduling-1    ] INFO  UpdateActivitySkuStockJob - 定时任务，更新活动sku库存【延迟队列获取，降低对数据库的更新频次，不要产生竞争】
25-04-03.23:38:05.013 [scheduling-1    ] INFO  UpdateActivitySkuStockJob - 定时任务，更新活动sku库存【延迟队列获取，降低对数据库的更新频次，不要产生竞争】
25-04-03.23:38:10.018 [scheduling-1    ] INFO  UpdateActivitySkuStockJob - 定时任务，更新活动sku库存【延迟队列获取，降低对数据库的更新频次，不要产生竞争】
25-04-03.23:38:15.013 [scheduling-1    ] INFO  UpdateActivitySkuStockJob - 定时任务，更新活动sku库存【延迟队列获取，降低对数据库的更新频次，不要产生竞争】
25-04-03.23:38:20.008 [scheduling-1    ] INFO  UpdateActivitySkuStockJob - 定时任务，更新活动sku库存【延迟队列获取，降低对数据库的更新频次，不要产生竞争】
25-04-03.23:38:25.021 [scheduling-1    ] INFO  UpdateActivitySkuStockJob - 定时任务，更新活动sku库存【延迟队列获取，降低对数据库的更新频次，不要产生竞争】
25-04-03.23:38:30.015 [scheduling-1    ] INFO  UpdateActivitySkuStockJob - 定时任务，更新活动sku库存【延迟队列获取，降低对数据库的更新频次，不要产生竞争】
25-04-03.23:38:35.017 [scheduling-1    ] INFO  UpdateActivitySkuStockJob - 定时任务，更新活动sku库存【延迟队列获取，降低对数据库的更新频次，不要产生竞争】
25-04-03.23:38:40.001 [scheduling-1    ] INFO  UpdateActivitySkuStockJob - 定时任务，更新活动sku库存【延迟队列获取，降低对数据库的更新频次，不要产生竞争】
25-04-03.23:38:45.020 [scheduling-1    ] INFO  UpdateActivitySkuStockJob - 定时任务，更新活动sku库存【延迟队列获取，降低对数据库的更新频次，不要产生竞争】
25-04-03.23:38:50.013 [scheduling-1    ] INFO  UpdateActivitySkuStockJob - 定时任务，更新活动sku库存【延迟队列获取，降低对数据库的更新频次，不要产生竞争】
25-04-03.23:38:55.005 [scheduling-1    ] INFO  UpdateActivitySkuStockJob - 定时任务，更新活动sku库存【延迟队列获取，降低对数据库的更新频次，不要产生竞争】
25-04-03.23:39:00.006 [scheduling-1    ] INFO  UpdateActivitySkuStockJob - 定时任务，更新活动sku库存【延迟队列获取，降低对数据库的更新频次，不要产生竞争】
25-04-03.23:39:05.013 [scheduling-1    ] INFO  UpdateActivitySkuStockJob - 定时任务，更新活动sku库存【延迟队列获取，降低对数据库的更新频次，不要产生竞争】
25-04-03.23:39:10.009 [scheduling-1    ] INFO  UpdateActivitySkuStockJob - 定时任务，更新活动sku库存【延迟队列获取，降低对数据库的更新频次，不要产生竞争】
25-04-03.23:39:15.013 [scheduling-1    ] INFO  UpdateActivitySkuStockJob - 定时任务，更新活动sku库存【延迟队列获取，降低对数据库的更新频次，不要产生竞争】
25-04-03.23:39:20.002 [scheduling-1    ] INFO  UpdateActivitySkuStockJob - 定时任务，更新活动sku库存【延迟队列获取，降低对数据库的更新频次，不要产生竞争】
25-04-03.23:39:25.009 [scheduling-1    ] INFO  UpdateActivitySkuStockJob - 定时任务，更新活动sku库存【延迟队列获取，降低对数据库的更新频次，不要产生竞争】
25-04-03.23:39:30.012 [scheduling-1    ] INFO  UpdateActivitySkuStockJob - 定时任务，更新活动sku库存【延迟队列获取，降低对数据库的更新频次，不要产生竞争】
25-04-03.23:39:35.008 [scheduling-1    ] INFO  UpdateActivitySkuStockJob - 定时任务，更新活动sku库存【延迟队列获取，降低对数据库的更新频次，不要产生竞争】
25-04-03.23:39:40.019 [scheduling-1    ] INFO  UpdateActivitySkuStockJob - 定时任务，更新活动sku库存【延迟队列获取，降低对数据库的更新频次，不要产生竞争】
25-04-03.23:39:45.001 [scheduling-1    ] INFO  UpdateActivitySkuStockJob - 定时任务，更新活动sku库存【延迟队列获取，降低对数据库的更新频次，不要产生竞争】
25-04-03.23:39:50.007 [scheduling-1    ] INFO  UpdateActivitySkuStockJob - 定时任务，更新活动sku库存【延迟队列获取，降低对数据库的更新频次，不要产生竞争】
25-04-03.23:39:55.015 [scheduling-1    ] INFO  UpdateActivitySkuStockJob - 定时任务，更新活动sku库存【延迟队列获取，降低对数据库的更新频次，不要产生竞争】
25-04-03.23:40:00.018 [scheduling-1    ] INFO  UpdateActivitySkuStockJob - 定时任务，更新活动sku库存【延迟队列获取，降低对数据库的更新频次，不要产生竞争】
25-04-03.23:40:05.014 [scheduling-1    ] INFO  UpdateActivitySkuStockJob - 定时任务，更新活动sku库存【延迟队列获取，降低对数据库的更新频次，不要产生竞争】
25-04-03.23:40:10.001 [scheduling-1    ] INFO  UpdateActivitySkuStockJob - 定时任务，更新活动sku库存【延迟队列获取，降低对数据库的更新频次，不要产生竞争】
25-04-03.23:40:15.014 [scheduling-1    ] INFO  UpdateActivitySkuStockJob - 定时任务，更新活动sku库存【延迟队列获取，降低对数据库的更新频次，不要产生竞争】
25-04-03.23:40:20.002 [scheduling-1    ] INFO  UpdateActivitySkuStockJob - 定时任务，更新活动sku库存【延迟队列获取，降低对数据库的更新频次，不要产生竞争】
25-04-03.23:40:25.016 [scheduling-1    ] INFO  UpdateActivitySkuStockJob - 定时任务，更新活动sku库存【延迟队列获取，降低对数据库的更新频次，不要产生竞争】
25-04-03.23:40:30.006 [scheduling-1    ] INFO  UpdateActivitySkuStockJob - 定时任务，更新活动sku库存【延迟队列获取，降低对数据库的更新频次，不要产生竞争】
25-04-03.23:40:35.017 [scheduling-1    ] INFO  UpdateActivitySkuStockJob - 定时任务，更新活动sku库存【延迟队列获取，降低对数据库的更新频次，不要产生竞争】
25-04-03.23:40:40.006 [scheduling-1    ] INFO  UpdateActivitySkuStockJob - 定时任务，更新活动sku库存【延迟队列获取，降低对数据库的更新频次，不要产生竞争】
25-04-03.23:40:45.011 [scheduling-1    ] INFO  UpdateActivitySkuStockJob - 定时任务，更新活动sku库存【延迟队列获取，降低对数据库的更新频次，不要产生竞争】
25-04-03.23:40:50.016 [scheduling-1    ] INFO  UpdateActivitySkuStockJob - 定时任务，更新活动sku库存【延迟队列获取，降低对数据库的更新频次，不要产生竞争】
25-04-03.23:40:55.008 [scheduling-1    ] INFO  UpdateActivitySkuStockJob - 定时任务，更新活动sku库存【延迟队列获取，降低对数据库的更新频次，不要产生竞争】
25-04-03.23:41:00.002 [scheduling-1    ] INFO  UpdateActivitySkuStockJob - 定时任务，更新活动sku库存【延迟队列获取，降低对数据库的更新频次，不要产生竞争】
25-04-03.23:41:05.010 [scheduling-1    ] INFO  UpdateActivitySkuStockJob - 定时任务，更新活动sku库存【延迟队列获取，降低对数据库的更新频次，不要产生竞争】
25-04-03.23:41:10.002 [scheduling-1    ] INFO  UpdateActivitySkuStockJob - 定时任务，更新活动sku库存【延迟队列获取，降低对数据库的更新频次，不要产生竞争】
25-04-03.23:41:15.010 [scheduling-1    ] INFO  UpdateActivitySkuStockJob - 定时任务，更新活动sku库存【延迟队列获取，降低对数据库的更新频次，不要产生竞争】
25-04-03.23:41:20.011 [scheduling-1    ] INFO  UpdateActivitySkuStockJob - 定时任务，更新活动sku库存【延迟队列获取，降低对数据库的更新频次，不要产生竞争】
25-04-03.23:41:25.016 [scheduling-1    ] INFO  UpdateActivitySkuStockJob - 定时任务，更新活动sku库存【延迟队列获取，降低对数据库的更新频次，不要产生竞争】
25-04-03.23:41:30.014 [scheduling-1    ] INFO  UpdateActivitySkuStockJob - 定时任务，更新活动sku库存【延迟队列获取，降低对数据库的更新频次，不要产生竞争】
25-04-03.23:41:35.008 [scheduling-1    ] INFO  UpdateActivitySkuStockJob - 定时任务，更新活动sku库存【延迟队列获取，降低对数据库的更新频次，不要产生竞争】
25-04-03.23:41:40.019 [scheduling-1    ] INFO  UpdateActivitySkuStockJob - 定时任务，更新活动sku库存【延迟队列获取，降低对数据库的更新频次，不要产生竞争】
25-04-03.23:41:45.016 [scheduling-1    ] INFO  UpdateActivitySkuStockJob - 定时任务，更新活动sku库存【延迟队列获取，降低对数据库的更新频次，不要产生竞争】
25-04-03.23:41:50.011 [scheduling-1    ] INFO  UpdateActivitySkuStockJob - 定时任务，更新活动sku库存【延迟队列获取，降低对数据库的更新频次，不要产生竞争】
25-04-03.23:41:55.002 [scheduling-1    ] INFO  UpdateActivitySkuStockJob - 定时任务，更新活动sku库存【延迟队列获取，降低对数据库的更新频次，不要产生竞争】
25-04-03.23:42:00.012 [scheduling-1    ] INFO  UpdateActivitySkuStockJob - 定时任务，更新活动sku库存【延迟队列获取，降低对数据库的更新频次，不要产生竞争】
25-04-03.23:42:05.010 [scheduling-1    ] INFO  UpdateActivitySkuStockJob - 定时任务，更新活动sku库存【延迟队列获取，降低对数据库的更新频次，不要产生竞争】
25-04-03.23:42:10.007 [scheduling-1    ] INFO  UpdateActivitySkuStockJob - 定时任务，更新活动sku库存【延迟队列获取，降低对数据库的更新频次，不要产生竞争】
25-04-03.23:42:15.013 [scheduling-1    ] INFO  UpdateActivitySkuStockJob - 定时任务，更新活动sku库存【延迟队列获取，降低对数据库的更新频次，不要产生竞争】
25-04-03.23:42:20.013 [scheduling-1    ] INFO  UpdateActivitySkuStockJob - 定时任务，更新活动sku库存【延迟队列获取，降低对数据库的更新频次，不要产生竞争】
25-04-03.23:42:25.006 [scheduling-1    ] INFO  UpdateActivitySkuStockJob - 定时任务，更新活动sku库存【延迟队列获取，降低对数据库的更新频次，不要产生竞争】
25-04-03.23:42:30.003 [scheduling-1    ] INFO  UpdateActivitySkuStockJob - 定时任务，更新活动sku库存【延迟队列获取，降低对数据库的更新频次，不要产生竞争】
25-04-03.23:42:35.014 [scheduling-1    ] INFO  UpdateActivitySkuStockJob - 定时任务，更新活动sku库存【延迟队列获取，降低对数据库的更新频次，不要产生竞争】
25-04-03.23:42:40.011 [scheduling-1    ] INFO  UpdateActivitySkuStockJob - 定时任务，更新活动sku库存【延迟队列获取，降低对数据库的更新频次，不要产生竞争】
25-04-03.23:42:45.020 [scheduling-1    ] INFO  UpdateActivitySkuStockJob - 定时任务，更新活动sku库存【延迟队列获取，降低对数据库的更新频次，不要产生竞争】
25-04-03.23:42:50.009 [scheduling-1    ] INFO  UpdateActivitySkuStockJob - 定时任务，更新活动sku库存【延迟队列获取，降低对数据库的更新频次，不要产生竞争】
25-04-03.23:42:55.011 [scheduling-1    ] INFO  UpdateActivitySkuStockJob - 定时任务，更新活动sku库存【延迟队列获取，降低对数据库的更新频次，不要产生竞争】
25-04-03.23:43:00.010 [scheduling-1    ] INFO  UpdateActivitySkuStockJob - 定时任务，更新活动sku库存【延迟队列获取，降低对数据库的更新频次，不要产生竞争】
25-04-03.23:43:05.013 [scheduling-1    ] INFO  UpdateActivitySkuStockJob - 定时任务，更新活动sku库存【延迟队列获取，降低对数据库的更新频次，不要产生竞争】
25-04-03.23:43:10.002 [scheduling-1    ] INFO  UpdateActivitySkuStockJob - 定时任务，更新活动sku库存【延迟队列获取，降低对数据库的更新频次，不要产生竞争】
25-04-03.23:43:15.014 [scheduling-1    ] INFO  UpdateActivitySkuStockJob - 定时任务，更新活动sku库存【延迟队列获取，降低对数据库的更新频次，不要产生竞争】
25-04-03.23:43:20.006 [scheduling-1    ] INFO  UpdateActivitySkuStockJob - 定时任务，更新活动sku库存【延迟队列获取，降低对数据库的更新频次，不要产生竞争】
25-04-03.23:43:25.009 [scheduling-1    ] INFO  UpdateActivitySkuStockJob - 定时任务，更新活动sku库存【延迟队列获取，降低对数据库的更新频次，不要产生竞争】
25-04-03.23:43:30.008 [scheduling-1    ] INFO  UpdateActivitySkuStockJob - 定时任务，更新活动sku库存【延迟队列获取，降低对数据库的更新频次，不要产生竞争】
25-04-03.23:43:35.008 [scheduling-1    ] INFO  UpdateActivitySkuStockJob - 定时任务，更新活动sku库存【延迟队列获取，降低对数据库的更新频次，不要产生竞争】
25-04-03.23:43:40.005 [scheduling-1    ] INFO  UpdateActivitySkuStockJob - 定时任务，更新活动sku库存【延迟队列获取，降低对数据库的更新频次，不要产生竞争】
25-04-03.23:43:45.021 [scheduling-1    ] INFO  UpdateActivitySkuStockJob - 定时任务，更新活动sku库存【延迟队列获取，降低对数据库的更新频次，不要产生竞争】
25-04-03.23:43:50.012 [scheduling-1    ] INFO  UpdateActivitySkuStockJob - 定时任务，更新活动sku库存【延迟队列获取，降低对数据库的更新频次，不要产生竞争】
25-04-03.23:43:55.006 [scheduling-1    ] INFO  UpdateActivitySkuStockJob - 定时任务，更新活动sku库存【延迟队列获取，降低对数据库的更新频次，不要产生竞争】
25-04-03.23:44:00.003 [scheduling-1    ] INFO  UpdateActivitySkuStockJob - 定时任务，更新活动sku库存【延迟队列获取，降低对数据库的更新频次，不要产生竞争】
25-04-03.23:44:05.016 [scheduling-1    ] INFO  UpdateActivitySkuStockJob - 定时任务，更新活动sku库存【延迟队列获取，降低对数据库的更新频次，不要产生竞争】
25-04-03.23:44:10.006 [scheduling-1    ] INFO  UpdateActivitySkuStockJob - 定时任务，更新活动sku库存【延迟队列获取，降低对数据库的更新频次，不要产生竞争】
25-04-03.23:44:15.013 [scheduling-1    ] INFO  UpdateActivitySkuStockJob - 定时任务，更新活动sku库存【延迟队列获取，降低对数据库的更新频次，不要产生竞争】
25-04-03.23:44:20.013 [scheduling-1    ] INFO  UpdateActivitySkuStockJob - 定时任务，更新活动sku库存【延迟队列获取，降低对数据库的更新频次，不要产生竞争】
25-04-03.23:44:25.014 [scheduling-1    ] INFO  UpdateActivitySkuStockJob - 定时任务，更新活动sku库存【延迟队列获取，降低对数据库的更新频次，不要产生竞争】
25-04-03.23:44:30.018 [scheduling-1    ] INFO  UpdateActivitySkuStockJob - 定时任务，更新活动sku库存【延迟队列获取，降低对数据库的更新频次，不要产生竞争】
25-04-03.23:44:35.011 [scheduling-1    ] INFO  UpdateActivitySkuStockJob - 定时任务，更新活动sku库存【延迟队列获取，降低对数据库的更新频次，不要产生竞争】
25-04-03.23:44:40.014 [scheduling-1    ] INFO  UpdateActivitySkuStockJob - 定时任务，更新活动sku库存【延迟队列获取，降低对数据库的更新频次，不要产生竞争】
25-04-03.23:44:45.006 [scheduling-1    ] INFO  UpdateActivitySkuStockJob - 定时任务，更新活动sku库存【延迟队列获取，降低对数据库的更新频次，不要产生竞争】
25-04-03.23:44:50.015 [scheduling-1    ] INFO  UpdateActivitySkuStockJob - 定时任务，更新活动sku库存【延迟队列获取，降低对数据库的更新频次，不要产生竞争】
25-04-03.23:44:55.004 [scheduling-1    ] INFO  UpdateActivitySkuStockJob - 定时任务，更新活动sku库存【延迟队列获取，降低对数据库的更新频次，不要产生竞争】
25-04-03.23:45:00.006 [scheduling-1    ] INFO  UpdateActivitySkuStockJob - 定时任务，更新活动sku库存【延迟队列获取，降低对数据库的更新频次，不要产生竞争】
25-04-03.23:45:05.011 [scheduling-1    ] INFO  UpdateActivitySkuStockJob - 定时任务，更新活动sku库存【延迟队列获取，降低对数据库的更新频次，不要产生竞争】
25-04-03.23:45:10.007 [scheduling-1    ] INFO  UpdateActivitySkuStockJob - 定时任务，更新活动sku库存【延迟队列获取，降低对数据库的更新频次，不要产生竞争】
25-04-03.23:45:15.007 [scheduling-1    ] INFO  UpdateActivitySkuStockJob - 定时任务，更新活动sku库存【延迟队列获取，降低对数据库的更新频次，不要产生竞争】
25-04-03.23:45:20.018 [scheduling-1    ] INFO  UpdateActivitySkuStockJob - 定时任务，更新活动sku库存【延迟队列获取，降低对数据库的更新频次，不要产生竞争】
25-04-03.23:45:25.014 [scheduling-1    ] INFO  UpdateActivitySkuStockJob - 定时任务，更新活动sku库存【延迟队列获取，降低对数据库的更新频次，不要产生竞争】
25-04-03.23:45:30.008 [scheduling-1    ] INFO  UpdateActivitySkuStockJob - 定时任务，更新活动sku库存【延迟队列获取，降低对数据库的更新频次，不要产生竞争】
25-04-03.23:45:35.006 [scheduling-1    ] INFO  UpdateActivitySkuStockJob - 定时任务，更新活动sku库存【延迟队列获取，降低对数据库的更新频次，不要产生竞争】
25-04-03.23:45:40.013 [scheduling-1    ] INFO  UpdateActivitySkuStockJob - 定时任务，更新活动sku库存【延迟队列获取，降低对数据库的更新频次，不要产生竞争】
25-04-03.23:45:45.014 [scheduling-1    ] INFO  UpdateActivitySkuStockJob - 定时任务，更新活动sku库存【延迟队列获取，降低对数据库的更新频次，不要产生竞争】
25-04-03.23:45:50.005 [scheduling-1    ] INFO  UpdateActivitySkuStockJob - 定时任务，更新活动sku库存【延迟队列获取，降低对数据库的更新频次，不要产生竞争】
25-04-03.23:45:55.009 [scheduling-1    ] INFO  UpdateActivitySkuStockJob - 定时任务，更新活动sku库存【延迟队列获取，降低对数据库的更新频次，不要产生竞争】
25-04-03.23:46:00.006 [scheduling-1    ] INFO  UpdateActivitySkuStockJob - 定时任务，更新活动sku库存【延迟队列获取，降低对数据库的更新频次，不要产生竞争】
25-04-03.23:46:05.015 [scheduling-1    ] INFO  UpdateActivitySkuStockJob - 定时任务，更新活动sku库存【延迟队列获取，降低对数据库的更新频次，不要产生竞争】
25-04-03.23:46:10.011 [scheduling-1    ] INFO  UpdateActivitySkuStockJob - 定时任务，更新活动sku库存【延迟队列获取，降低对数据库的更新频次，不要产生竞争】
25-04-03.23:46:15.015 [scheduling-1    ] INFO  UpdateActivitySkuStockJob - 定时任务，更新活动sku库存【延迟队列获取，降低对数据库的更新频次，不要产生竞争】
25-04-03.23:46:20.015 [scheduling-1    ] INFO  UpdateActivitySkuStockJob - 定时任务，更新活动sku库存【延迟队列获取，降低对数据库的更新频次，不要产生竞争】
25-04-03.23:46:25.016 [scheduling-1    ] INFO  UpdateActivitySkuStockJob - 定时任务，更新活动sku库存【延迟队列获取，降低对数据库的更新频次，不要产生竞争】
25-04-03.23:46:30.011 [scheduling-1    ] INFO  UpdateActivitySkuStockJob - 定时任务，更新活动sku库存【延迟队列获取，降低对数据库的更新频次，不要产生竞争】
25-04-03.23:46:35.010 [scheduling-1    ] INFO  UpdateActivitySkuStockJob - 定时任务，更新活动sku库存【延迟队列获取，降低对数据库的更新频次，不要产生竞争】
25-04-03.23:46:40.018 [scheduling-1    ] INFO  UpdateActivitySkuStockJob - 定时任务，更新活动sku库存【延迟队列获取，降低对数据库的更新频次，不要产生竞争】
25-04-03.23:46:45.008 [scheduling-1    ] INFO  UpdateActivitySkuStockJob - 定时任务，更新活动sku库存【延迟队列获取，降低对数据库的更新频次，不要产生竞争】
25-04-03.23:46:50.012 [scheduling-1    ] INFO  UpdateActivitySkuStockJob - 定时任务，更新活动sku库存【延迟队列获取，降低对数据库的更新频次，不要产生竞争】
25-04-03.23:46:55.009 [scheduling-1    ] INFO  UpdateActivitySkuStockJob - 定时任务，更新活动sku库存【延迟队列获取，降低对数据库的更新频次，不要产生竞争】
25-04-03.23:47:00.006 [scheduling-1    ] INFO  UpdateActivitySkuStockJob - 定时任务，更新活动sku库存【延迟队列获取，降低对数据库的更新频次，不要产生竞争】
25-04-03.23:47:05.015 [scheduling-1    ] INFO  UpdateActivitySkuStockJob - 定时任务，更新活动sku库存【延迟队列获取，降低对数据库的更新频次，不要产生竞争】
25-04-03.23:47:10.002 [scheduling-1    ] INFO  UpdateActivitySkuStockJob - 定时任务，更新活动sku库存【延迟队列获取，降低对数据库的更新频次，不要产生竞争】
25-04-03.23:47:15.008 [scheduling-1    ] INFO  UpdateActivitySkuStockJob - 定时任务，更新活动sku库存【延迟队列获取，降低对数据库的更新频次，不要产生竞争】
25-04-03.23:47:20.007 [scheduling-1    ] INFO  UpdateActivitySkuStockJob - 定时任务，更新活动sku库存【延迟队列获取，降低对数据库的更新频次，不要产生竞争】
25-04-03.23:47:25.004 [scheduling-1    ] INFO  UpdateActivitySkuStockJob - 定时任务，更新活动sku库存【延迟队列获取，降低对数据库的更新频次，不要产生竞争】
25-04-03.23:47:30.004 [scheduling-1    ] INFO  UpdateActivitySkuStockJob - 定时任务，更新活动sku库存【延迟队列获取，降低对数据库的更新频次，不要产生竞争】
25-04-03.23:47:35.007 [scheduling-1    ] INFO  UpdateActivitySkuStockJob - 定时任务，更新活动sku库存【延迟队列获取，降低对数据库的更新频次，不要产生竞争】
25-04-03.23:47:40.011 [scheduling-1    ] INFO  UpdateActivitySkuStockJob - 定时任务，更新活动sku库存【延迟队列获取，降低对数据库的更新频次，不要产生竞争】
25-04-03.23:47:45.019 [scheduling-1    ] INFO  UpdateActivitySkuStockJob - 定时任务，更新活动sku库存【延迟队列获取，降低对数据库的更新频次，不要产生竞争】
25-04-03.23:47:50.011 [scheduling-1    ] INFO  UpdateActivitySkuStockJob - 定时任务，更新活动sku库存【延迟队列获取，降低对数据库的更新频次，不要产生竞争】
25-04-03.23:47:55.009 [scheduling-1    ] INFO  UpdateActivitySkuStockJob - 定时任务，更新活动sku库存【延迟队列获取，降低对数据库的更新频次，不要产生竞争】
25-04-03.23:48:00.004 [scheduling-1    ] INFO  UpdateActivitySkuStockJob - 定时任务，更新活动sku库存【延迟队列获取，降低对数据库的更新频次，不要产生竞争】
25-04-03.23:48:05.010 [scheduling-1    ] INFO  UpdateActivitySkuStockJob - 定时任务，更新活动sku库存【延迟队列获取，降低对数据库的更新频次，不要产生竞争】
25-04-03.23:48:10.004 [scheduling-1    ] INFO  UpdateActivitySkuStockJob - 定时任务，更新活动sku库存【延迟队列获取，降低对数据库的更新频次，不要产生竞争】
25-04-03.23:48:15.011 [scheduling-1    ] INFO  UpdateActivitySkuStockJob - 定时任务，更新活动sku库存【延迟队列获取，降低对数据库的更新频次，不要产生竞争】
25-04-03.23:48:20.005 [scheduling-1    ] INFO  UpdateActivitySkuStockJob - 定时任务，更新活动sku库存【延迟队列获取，降低对数据库的更新频次，不要产生竞争】
25-04-03.23:48:25.014 [scheduling-1    ] INFO  UpdateActivitySkuStockJob - 定时任务，更新活动sku库存【延迟队列获取，降低对数据库的更新频次，不要产生竞争】
25-04-03.23:48:30.003 [scheduling-1    ] INFO  UpdateActivitySkuStockJob - 定时任务，更新活动sku库存【延迟队列获取，降低对数据库的更新频次，不要产生竞争】
25-04-03.23:48:35.008 [scheduling-1    ] INFO  UpdateActivitySkuStockJob - 定时任务，更新活动sku库存【延迟队列获取，降低对数据库的更新频次，不要产生竞争】
25-04-03.23:48:40.013 [scheduling-1    ] INFO  UpdateActivitySkuStockJob - 定时任务，更新活动sku库存【延迟队列获取，降低对数据库的更新频次，不要产生竞争】
25-04-03.23:48:45.005 [scheduling-1    ] INFO  UpdateActivitySkuStockJob - 定时任务，更新活动sku库存【延迟队列获取，降低对数据库的更新频次，不要产生竞争】
25-04-03.23:48:50.001 [scheduling-1    ] INFO  UpdateActivitySkuStockJob - 定时任务，更新活动sku库存【延迟队列获取，降低对数据库的更新频次，不要产生竞争】
25-04-03.23:48:55.004 [scheduling-1    ] INFO  UpdateActivitySkuStockJob - 定时任务，更新活动sku库存【延迟队列获取，降低对数据库的更新频次，不要产生竞争】
25-04-03.23:49:00.005 [scheduling-1    ] INFO  UpdateActivitySkuStockJob - 定时任务，更新活动sku库存【延迟队列获取，降低对数据库的更新频次，不要产生竞争】
25-04-03.23:49:05.011 [scheduling-1    ] INFO  UpdateActivitySkuStockJob - 定时任务，更新活动sku库存【延迟队列获取，降低对数据库的更新频次，不要产生竞争】
25-04-03.23:49:10.013 [scheduling-1    ] INFO  UpdateActivitySkuStockJob - 定时任务，更新活动sku库存【延迟队列获取，降低对数据库的更新频次，不要产生竞争】
25-04-03.23:49:15.005 [scheduling-1    ] INFO  UpdateActivitySkuStockJob - 定时任务，更新活动sku库存【延迟队列获取，降低对数据库的更新频次，不要产生竞争】
25-04-03.23:49:20.010 [scheduling-1    ] INFO  UpdateActivitySkuStockJob - 定时任务，更新活动sku库存【延迟队列获取，降低对数据库的更新频次，不要产生竞争】
25-04-03.23:49:25.011 [scheduling-1    ] INFO  UpdateActivitySkuStockJob - 定时任务，更新活动sku库存【延迟队列获取，降低对数据库的更新频次，不要产生竞争】
25-04-03.23:49:30.006 [scheduling-1    ] INFO  UpdateActivitySkuStockJob - 定时任务，更新活动sku库存【延迟队列获取，降低对数据库的更新频次，不要产生竞争】
25-04-03.23:49:35.015 [scheduling-1    ] INFO  UpdateActivitySkuStockJob - 定时任务，更新活动sku库存【延迟队列获取，降低对数据库的更新频次，不要产生竞争】
25-04-03.23:49:40.015 [scheduling-1    ] INFO  UpdateActivitySkuStockJob - 定时任务，更新活动sku库存【延迟队列获取，降低对数据库的更新频次，不要产生竞争】
25-04-03.23:49:45.015 [scheduling-1    ] INFO  UpdateActivitySkuStockJob - 定时任务，更新活动sku库存【延迟队列获取，降低对数据库的更新频次，不要产生竞争】
25-04-03.23:49:50.009 [scheduling-1    ] INFO  UpdateActivitySkuStockJob - 定时任务，更新活动sku库存【延迟队列获取，降低对数据库的更新频次，不要产生竞争】
25-04-03.23:49:55.011 [scheduling-1    ] INFO  UpdateActivitySkuStockJob - 定时任务，更新活动sku库存【延迟队列获取，降低对数据库的更新频次，不要产生竞争】
25-04-03.23:50:00.006 [scheduling-1    ] INFO  UpdateActivitySkuStockJob - 定时任务，更新活动sku库存【延迟队列获取，降低对数据库的更新频次，不要产生竞争】
25-04-03.23:50:05.018 [scheduling-1    ] INFO  UpdateActivitySkuStockJob - 定时任务，更新活动sku库存【延迟队列获取，降低对数据库的更新频次，不要产生竞争】
25-04-03.23:50:10.012 [scheduling-1    ] INFO  UpdateActivitySkuStockJob - 定时任务，更新活动sku库存【延迟队列获取，降低对数据库的更新频次，不要产生竞争】
25-04-03.23:50:15.006 [scheduling-1    ] INFO  UpdateActivitySkuStockJob - 定时任务，更新活动sku库存【延迟队列获取，降低对数据库的更新频次，不要产生竞争】
25-04-03.23:50:20.000 [scheduling-1    ] INFO  UpdateActivitySkuStockJob - 定时任务，更新活动sku库存【延迟队列获取，降低对数据库的更新频次，不要产生竞争】
25-04-03.23:50:25.012 [scheduling-1    ] INFO  UpdateActivitySkuStockJob - 定时任务，更新活动sku库存【延迟队列获取，降低对数据库的更新频次，不要产生竞争】
25-04-03.23:50:30.014 [scheduling-1    ] INFO  UpdateActivitySkuStockJob - 定时任务，更新活动sku库存【延迟队列获取，降低对数据库的更新频次，不要产生竞争】
25-04-03.23:50:35.005 [scheduling-1    ] INFO  UpdateActivitySkuStockJob - 定时任务，更新活动sku库存【延迟队列获取，降低对数据库的更新频次，不要产生竞争】
25-04-03.23:50:40.003 [scheduling-1    ] INFO  UpdateActivitySkuStockJob - 定时任务，更新活动sku库存【延迟队列获取，降低对数据库的更新频次，不要产生竞争】
25-04-03.23:50:45.003 [scheduling-1    ] INFO  UpdateActivitySkuStockJob - 定时任务，更新活动sku库存【延迟队列获取，降低对数据库的更新频次，不要产生竞争】
25-04-03.23:50:50.007 [scheduling-1    ] INFO  UpdateActivitySkuStockJob - 定时任务，更新活动sku库存【延迟队列获取，降低对数据库的更新频次，不要产生竞争】
25-04-03.23:50:55.006 [scheduling-1    ] INFO  UpdateActivitySkuStockJob - 定时任务，更新活动sku库存【延迟队列获取，降低对数据库的更新频次，不要产生竞争】
25-04-03.23:51:00.007 [scheduling-1    ] INFO  UpdateActivitySkuStockJob - 定时任务，更新活动sku库存【延迟队列获取，降低对数据库的更新频次，不要产生竞争】
25-04-03.23:51:05.012 [scheduling-1    ] INFO  UpdateActivitySkuStockJob - 定时任务，更新活动sku库存【延迟队列获取，降低对数据库的更新频次，不要产生竞争】
25-04-03.23:51:10.011 [scheduling-1    ] INFO  UpdateActivitySkuStockJob - 定时任务，更新活动sku库存【延迟队列获取，降低对数据库的更新频次，不要产生竞争】
25-04-03.23:51:15.004 [scheduling-1    ] INFO  UpdateActivitySkuStockJob - 定时任务，更新活动sku库存【延迟队列获取，降低对数据库的更新频次，不要产生竞争】
25-04-03.23:51:20.014 [scheduling-1    ] INFO  UpdateActivitySkuStockJob - 定时任务，更新活动sku库存【延迟队列获取，降低对数据库的更新频次，不要产生竞争】
25-04-03.23:51:25.012 [scheduling-1    ] INFO  UpdateActivitySkuStockJob - 定时任务，更新活动sku库存【延迟队列获取，降低对数据库的更新频次，不要产生竞争】
25-04-03.23:51:30.006 [scheduling-1    ] INFO  UpdateActivitySkuStockJob - 定时任务，更新活动sku库存【延迟队列获取，降低对数据库的更新频次，不要产生竞争】
25-04-03.23:51:35.003 [scheduling-1    ] INFO  UpdateActivitySkuStockJob - 定时任务，更新活动sku库存【延迟队列获取，降低对数据库的更新频次，不要产生竞争】
25-04-03.23:51:40.001 [scheduling-1    ] INFO  UpdateActivitySkuStockJob - 定时任务，更新活动sku库存【延迟队列获取，降低对数据库的更新频次，不要产生竞争】
25-04-03.23:51:45.006 [scheduling-1    ] INFO  UpdateActivitySkuStockJob - 定时任务，更新活动sku库存【延迟队列获取，降低对数据库的更新频次，不要产生竞争】
25-04-03.23:51:50.013 [scheduling-1    ] INFO  UpdateActivitySkuStockJob - 定时任务，更新活动sku库存【延迟队列获取，降低对数据库的更新频次，不要产生竞争】
25-04-03.23:51:55.010 [scheduling-1    ] INFO  UpdateActivitySkuStockJob - 定时任务，更新活动sku库存【延迟队列获取，降低对数据库的更新频次，不要产生竞争】
25-04-03.23:52:00.004 [scheduling-1    ] INFO  UpdateActivitySkuStockJob - 定时任务，更新活动sku库存【延迟队列获取，降低对数据库的更新频次，不要产生竞争】
25-04-03.23:52:05.005 [scheduling-1    ] INFO  UpdateActivitySkuStockJob - 定时任务，更新活动sku库存【延迟队列获取，降低对数据库的更新频次，不要产生竞争】
25-04-03.23:52:10.011 [scheduling-1    ] INFO  UpdateActivitySkuStockJob - 定时任务，更新活动sku库存【延迟队列获取，降低对数据库的更新频次，不要产生竞争】
25-04-03.23:52:15.009 [scheduling-1    ] INFO  UpdateActivitySkuStockJob - 定时任务，更新活动sku库存【延迟队列获取，降低对数据库的更新频次，不要产生竞争】
25-04-03.23:52:20.004 [scheduling-1    ] INFO  UpdateActivitySkuStockJob - 定时任务，更新活动sku库存【延迟队列获取，降低对数据库的更新频次，不要产生竞争】
25-04-03.23:52:25.005 [scheduling-1    ] INFO  UpdateActivitySkuStockJob - 定时任务，更新活动sku库存【延迟队列获取，降低对数据库的更新频次，不要产生竞争】
25-04-03.23:52:30.012 [scheduling-1    ] INFO  UpdateActivitySkuStockJob - 定时任务，更新活动sku库存【延迟队列获取，降低对数据库的更新频次，不要产生竞争】
25-04-03.23:52:35.013 [scheduling-1    ] INFO  UpdateActivitySkuStockJob - 定时任务，更新活动sku库存【延迟队列获取，降低对数据库的更新频次，不要产生竞争】
25-04-03.23:52:40.016 [scheduling-1    ] INFO  UpdateActivitySkuStockJob - 定时任务，更新活动sku库存【延迟队列获取，降低对数据库的更新频次，不要产生竞争】
25-04-03.23:52:45.018 [scheduling-1    ] INFO  UpdateActivitySkuStockJob - 定时任务，更新活动sku库存【延迟队列获取，降低对数据库的更新频次，不要产生竞争】
25-04-03.23:52:50.014 [scheduling-1    ] INFO  UpdateActivitySkuStockJob - 定时任务，更新活动sku库存【延迟队列获取，降低对数据库的更新频次，不要产生竞争】
25-04-03.23:52:55.014 [scheduling-1    ] INFO  UpdateActivitySkuStockJob - 定时任务，更新活动sku库存【延迟队列获取，降低对数据库的更新频次，不要产生竞争】
25-04-03.23:53:00.006 [scheduling-1    ] INFO  UpdateActivitySkuStockJob - 定时任务，更新活动sku库存【延迟队列获取，降低对数据库的更新频次，不要产生竞争】
25-04-03.23:53:05.003 [scheduling-1    ] INFO  UpdateActivitySkuStockJob - 定时任务，更新活动sku库存【延迟队列获取，降低对数据库的更新频次，不要产生竞争】
25-04-03.23:53:10.009 [scheduling-1    ] INFO  UpdateActivitySkuStockJob - 定时任务，更新活动sku库存【延迟队列获取，降低对数据库的更新频次，不要产生竞争】
25-04-03.23:53:15.005 [scheduling-1    ] INFO  UpdateActivitySkuStockJob - 定时任务，更新活动sku库存【延迟队列获取，降低对数据库的更新频次，不要产生竞争】
25-04-03.23:53:20.006 [scheduling-1    ] INFO  UpdateActivitySkuStockJob - 定时任务，更新活动sku库存【延迟队列获取，降低对数据库的更新频次，不要产生竞争】
25-04-03.23:53:25.010 [scheduling-1    ] INFO  UpdateActivitySkuStockJob - 定时任务，更新活动sku库存【延迟队列获取，降低对数据库的更新频次，不要产生竞争】
25-04-03.23:53:30.008 [scheduling-1    ] INFO  UpdateActivitySkuStockJob - 定时任务，更新活动sku库存【延迟队列获取，降低对数据库的更新频次，不要产生竞争】
25-04-03.23:53:35.019 [scheduling-1    ] INFO  UpdateActivitySkuStockJob - 定时任务，更新活动sku库存【延迟队列获取，降低对数据库的更新频次，不要产生竞争】
25-04-03.23:53:40.015 [scheduling-1    ] INFO  UpdateActivitySkuStockJob - 定时任务，更新活动sku库存【延迟队列获取，降低对数据库的更新频次，不要产生竞争】
25-04-03.23:53:45.005 [scheduling-1    ] INFO  UpdateActivitySkuStockJob - 定时任务，更新活动sku库存【延迟队列获取，降低对数据库的更新频次，不要产生竞争】
25-04-03.23:53:50.007 [scheduling-1    ] INFO  UpdateActivitySkuStockJob - 定时任务，更新活动sku库存【延迟队列获取，降低对数据库的更新频次，不要产生竞争】
25-04-03.23:53:55.012 [scheduling-1    ] INFO  UpdateActivitySkuStockJob - 定时任务，更新活动sku库存【延迟队列获取，降低对数据库的更新频次，不要产生竞争】
25-04-03.23:54:00.012 [scheduling-1    ] INFO  UpdateActivitySkuStockJob - 定时任务，更新活动sku库存【延迟队列获取，降低对数据库的更新频次，不要产生竞争】
25-04-03.23:54:05.011 [scheduling-1    ] INFO  UpdateActivitySkuStockJob - 定时任务，更新活动sku库存【延迟队列获取，降低对数据库的更新频次，不要产生竞争】
25-04-03.23:54:10.010 [scheduling-1    ] INFO  UpdateActivitySkuStockJob - 定时任务，更新活动sku库存【延迟队列获取，降低对数据库的更新频次，不要产生竞争】
25-04-03.23:54:15.012 [scheduling-1    ] INFO  UpdateActivitySkuStockJob - 定时任务，更新活动sku库存【延迟队列获取，降低对数据库的更新频次，不要产生竞争】
25-04-03.23:54:20.005 [scheduling-1    ] INFO  UpdateActivitySkuStockJob - 定时任务，更新活动sku库存【延迟队列获取，降低对数据库的更新频次，不要产生竞争】
25-04-03.23:54:25.017 [scheduling-1    ] INFO  UpdateActivitySkuStockJob - 定时任务，更新活动sku库存【延迟队列获取，降低对数据库的更新频次，不要产生竞争】
25-04-03.23:54:30.013 [scheduling-1    ] INFO  UpdateActivitySkuStockJob - 定时任务，更新活动sku库存【延迟队列获取，降低对数据库的更新频次，不要产生竞争】
25-04-03.23:54:35.013 [scheduling-1    ] INFO  UpdateActivitySkuStockJob - 定时任务，更新活动sku库存【延迟队列获取，降低对数据库的更新频次，不要产生竞争】
25-04-03.23:54:40.004 [scheduling-1    ] INFO  UpdateActivitySkuStockJob - 定时任务，更新活动sku库存【延迟队列获取，降低对数据库的更新频次，不要产生竞争】
25-04-03.23:54:45.005 [scheduling-1    ] INFO  UpdateActivitySkuStockJob - 定时任务，更新活动sku库存【延迟队列获取，降低对数据库的更新频次，不要产生竞争】
25-04-03.23:54:50.009 [scheduling-1    ] INFO  UpdateActivitySkuStockJob - 定时任务，更新活动sku库存【延迟队列获取，降低对数据库的更新频次，不要产生竞争】
25-04-03.23:54:55.017 [scheduling-1    ] INFO  UpdateActivitySkuStockJob - 定时任务，更新活动sku库存【延迟队列获取，降低对数据库的更新频次，不要产生竞争】
25-04-03.23:55:00.000 [scheduling-1    ] INFO  UpdateActivitySkuStockJob - 定时任务，更新活动sku库存【延迟队列获取，降低对数据库的更新频次，不要产生竞争】
25-04-03.23:55:05.003 [scheduling-1    ] INFO  UpdateActivitySkuStockJob - 定时任务，更新活动sku库存【延迟队列获取，降低对数据库的更新频次，不要产生竞争】
25-04-03.23:55:10.011 [scheduling-1    ] INFO  UpdateActivitySkuStockJob - 定时任务，更新活动sku库存【延迟队列获取，降低对数据库的更新频次，不要产生竞争】
25-04-03.23:55:15.008 [scheduling-1    ] INFO  UpdateActivitySkuStockJob - 定时任务，更新活动sku库存【延迟队列获取，降低对数据库的更新频次，不要产生竞争】
25-04-03.23:55:20.011 [scheduling-1    ] INFO  UpdateActivitySkuStockJob - 定时任务，更新活动sku库存【延迟队列获取，降低对数据库的更新频次，不要产生竞争】
25-04-03.23:55:25.006 [scheduling-1    ] INFO  UpdateActivitySkuStockJob - 定时任务，更新活动sku库存【延迟队列获取，降低对数据库的更新频次，不要产生竞争】
25-04-03.23:55:30.011 [scheduling-1    ] INFO  UpdateActivitySkuStockJob - 定时任务，更新活动sku库存【延迟队列获取，降低对数据库的更新频次，不要产生竞争】
25-04-03.23:55:35.008 [scheduling-1    ] INFO  UpdateActivitySkuStockJob - 定时任务，更新活动sku库存【延迟队列获取，降低对数据库的更新频次，不要产生竞争】
25-04-03.23:55:40.018 [scheduling-1    ] INFO  UpdateActivitySkuStockJob - 定时任务，更新活动sku库存【延迟队列获取，降低对数据库的更新频次，不要产生竞争】
25-04-03.23:55:45.016 [scheduling-1    ] INFO  UpdateActivitySkuStockJob - 定时任务，更新活动sku库存【延迟队列获取，降低对数据库的更新频次，不要产生竞争】
25-04-03.23:55:50.000 [scheduling-1    ] INFO  UpdateActivitySkuStockJob - 定时任务，更新活动sku库存【延迟队列获取，降低对数据库的更新频次，不要产生竞争】
25-04-03.23:55:55.010 [scheduling-1    ] INFO  UpdateActivitySkuStockJob - 定时任务，更新活动sku库存【延迟队列获取，降低对数据库的更新频次，不要产生竞争】
25-04-03.23:56:00.014 [scheduling-1    ] INFO  UpdateActivitySkuStockJob - 定时任务，更新活动sku库存【延迟队列获取，降低对数据库的更新频次，不要产生竞争】
25-04-03.23:56:05.009 [scheduling-1    ] INFO  UpdateActivitySkuStockJob - 定时任务，更新活动sku库存【延迟队列获取，降低对数据库的更新频次，不要产生竞争】
25-04-03.23:56:10.014 [scheduling-1    ] INFO  UpdateActivitySkuStockJob - 定时任务，更新活动sku库存【延迟队列获取，降低对数据库的更新频次，不要产生竞争】
25-04-03.23:56:15.012 [scheduling-1    ] INFO  UpdateActivitySkuStockJob - 定时任务，更新活动sku库存【延迟队列获取，降低对数据库的更新频次，不要产生竞争】
25-04-03.23:56:20.011 [scheduling-1    ] INFO  UpdateActivitySkuStockJob - 定时任务，更新活动sku库存【延迟队列获取，降低对数据库的更新频次，不要产生竞争】
25-04-03.23:56:25.007 [scheduling-1    ] INFO  UpdateActivitySkuStockJob - 定时任务，更新活动sku库存【延迟队列获取，降低对数据库的更新频次，不要产生竞争】
25-04-03.23:56:30.010 [scheduling-1    ] INFO  UpdateActivitySkuStockJob - 定时任务，更新活动sku库存【延迟队列获取，降低对数据库的更新频次，不要产生竞争】
25-04-03.23:56:35.010 [scheduling-1    ] INFO  UpdateActivitySkuStockJob - 定时任务，更新活动sku库存【延迟队列获取，降低对数据库的更新频次，不要产生竞争】
25-04-03.23:56:40.008 [scheduling-1    ] INFO  UpdateActivitySkuStockJob - 定时任务，更新活动sku库存【延迟队列获取，降低对数据库的更新频次，不要产生竞争】
25-04-03.23:56:45.015 [scheduling-1    ] INFO  UpdateActivitySkuStockJob - 定时任务，更新活动sku库存【延迟队列获取，降低对数据库的更新频次，不要产生竞争】
25-04-03.23:56:50.011 [scheduling-1    ] INFO  UpdateActivitySkuStockJob - 定时任务，更新活动sku库存【延迟队列获取，降低对数据库的更新频次，不要产生竞争】
25-04-03.23:56:55.004 [scheduling-1    ] INFO  UpdateActivitySkuStockJob - 定时任务，更新活动sku库存【延迟队列获取，降低对数据库的更新频次，不要产生竞争】
25-04-03.23:57:00.018 [scheduling-1    ] INFO  UpdateActivitySkuStockJob - 定时任务，更新活动sku库存【延迟队列获取，降低对数据库的更新频次，不要产生竞争】
25-04-03.23:57:05.011 [scheduling-1    ] INFO  UpdateActivitySkuStockJob - 定时任务，更新活动sku库存【延迟队列获取，降低对数据库的更新频次，不要产生竞争】
25-04-03.23:57:10.015 [scheduling-1    ] INFO  UpdateActivitySkuStockJob - 定时任务，更新活动sku库存【延迟队列获取，降低对数据库的更新频次，不要产生竞争】
25-04-03.23:57:15.013 [scheduling-1    ] INFO  UpdateActivitySkuStockJob - 定时任务，更新活动sku库存【延迟队列获取，降低对数据库的更新频次，不要产生竞争】
25-04-03.23:57:20.000 [scheduling-1    ] INFO  UpdateActivitySkuStockJob - 定时任务，更新活动sku库存【延迟队列获取，降低对数据库的更新频次，不要产生竞争】
25-04-03.23:57:25.012 [scheduling-1    ] INFO  UpdateActivitySkuStockJob - 定时任务，更新活动sku库存【延迟队列获取，降低对数据库的更新频次，不要产生竞争】
25-04-03.23:57:30.018 [scheduling-1    ] INFO  UpdateActivitySkuStockJob - 定时任务，更新活动sku库存【延迟队列获取，降低对数据库的更新频次，不要产生竞争】
25-04-03.23:57:35.010 [scheduling-1    ] INFO  UpdateActivitySkuStockJob - 定时任务，更新活动sku库存【延迟队列获取，降低对数据库的更新频次，不要产生竞争】
25-04-03.23:57:40.013 [scheduling-1    ] INFO  UpdateActivitySkuStockJob - 定时任务，更新活动sku库存【延迟队列获取，降低对数据库的更新频次，不要产生竞争】
25-04-03.23:57:45.003 [scheduling-1    ] INFO  UpdateActivitySkuStockJob - 定时任务，更新活动sku库存【延迟队列获取，降低对数据库的更新频次，不要产生竞争】
25-04-03.23:57:50.011 [scheduling-1    ] INFO  UpdateActivitySkuStockJob - 定时任务，更新活动sku库存【延迟队列获取，降低对数据库的更新频次，不要产生竞争】
25-04-03.23:57:55.009 [scheduling-1    ] INFO  UpdateActivitySkuStockJob - 定时任务，更新活动sku库存【延迟队列获取，降低对数据库的更新频次，不要产生竞争】
25-04-03.23:58:00.011 [scheduling-1    ] INFO  UpdateActivitySkuStockJob - 定时任务，更新活动sku库存【延迟队列获取，降低对数据库的更新频次，不要产生竞争】
25-04-03.23:58:05.018 [scheduling-1    ] INFO  UpdateActivitySkuStockJob - 定时任务，更新活动sku库存【延迟队列获取，降低对数据库的更新频次，不要产生竞争】
25-04-03.23:58:10.017 [scheduling-1    ] INFO  UpdateActivitySkuStockJob - 定时任务，更新活动sku库存【延迟队列获取，降低对数据库的更新频次，不要产生竞争】
25-04-03.23:58:15.018 [scheduling-1    ] INFO  UpdateActivitySkuStockJob - 定时任务，更新活动sku库存【延迟队列获取，降低对数据库的更新频次，不要产生竞争】
25-04-03.23:58:20.004 [scheduling-1    ] INFO  UpdateActivitySkuStockJob - 定时任务，更新活动sku库存【延迟队列获取，降低对数据库的更新频次，不要产生竞争】
25-04-03.23:58:25.009 [scheduling-1    ] INFO  UpdateActivitySkuStockJob - 定时任务，更新活动sku库存【延迟队列获取，降低对数据库的更新频次，不要产生竞争】
25-04-03.23:58:30.004 [scheduling-1    ] INFO  UpdateActivitySkuStockJob - 定时任务，更新活动sku库存【延迟队列获取，降低对数据库的更新频次，不要产生竞争】
25-04-03.23:58:35.015 [scheduling-1    ] INFO  UpdateActivitySkuStockJob - 定时任务，更新活动sku库存【延迟队列获取，降低对数据库的更新频次，不要产生竞争】
25-04-03.23:58:40.010 [scheduling-1    ] INFO  UpdateActivitySkuStockJob - 定时任务，更新活动sku库存【延迟队列获取，降低对数据库的更新频次，不要产生竞争】
25-04-03.23:58:45.017 [scheduling-1    ] INFO  UpdateActivitySkuStockJob - 定时任务，更新活动sku库存【延迟队列获取，降低对数据库的更新频次，不要产生竞争】
25-04-03.23:58:50.010 [scheduling-1    ] INFO  UpdateActivitySkuStockJob - 定时任务，更新活动sku库存【延迟队列获取，降低对数据库的更新频次，不要产生竞争】
25-04-03.23:58:55.015 [scheduling-1    ] INFO  UpdateActivitySkuStockJob - 定时任务，更新活动sku库存【延迟队列获取，降低对数据库的更新频次，不要产生竞争】
25-04-03.23:59:00.010 [scheduling-1    ] INFO  UpdateActivitySkuStockJob - 定时任务，更新活动sku库存【延迟队列获取，降低对数据库的更新频次，不要产生竞争】
25-04-03.23:59:05.013 [scheduling-1    ] INFO  UpdateActivitySkuStockJob - 定时任务，更新活动sku库存【延迟队列获取，降低对数据库的更新频次，不要产生竞争】
25-04-03.23:59:10.011 [scheduling-1    ] INFO  UpdateActivitySkuStockJob - 定时任务，更新活动sku库存【延迟队列获取，降低对数据库的更新频次，不要产生竞争】
25-04-03.23:59:15.013 [scheduling-1    ] INFO  UpdateActivitySkuStockJob - 定时任务，更新活动sku库存【延迟队列获取，降低对数据库的更新频次，不要产生竞争】
25-04-03.23:59:20.006 [scheduling-1    ] INFO  UpdateActivitySkuStockJob - 定时任务，更新活动sku库存【延迟队列获取，降低对数据库的更新频次，不要产生竞争】
25-04-03.23:59:25.009 [scheduling-1    ] INFO  UpdateActivitySkuStockJob - 定时任务，更新活动sku库存【延迟队列获取，降低对数据库的更新频次，不要产生竞争】
25-04-03.23:59:30.011 [scheduling-1    ] INFO  UpdateActivitySkuStockJob - 定时任务，更新活动sku库存【延迟队列获取，降低对数据库的更新频次，不要产生竞争】
25-04-03.23:59:35.001 [scheduling-1    ] INFO  UpdateActivitySkuStockJob - 定时任务，更新活动sku库存【延迟队列获取，降低对数据库的更新频次，不要产生竞争】
25-04-03.23:59:40.004 [scheduling-1    ] INFO  UpdateActivitySkuStockJob - 定时任务，更新活动sku库存【延迟队列获取，降低对数据库的更新频次，不要产生竞争】
25-04-03.23:59:45.015 [scheduling-1    ] INFO  UpdateActivitySkuStockJob - 定时任务，更新活动sku库存【延迟队列获取，降低对数据库的更新频次，不要产生竞争】
25-04-03.23:59:50.002 [scheduling-1    ] INFO  UpdateActivitySkuStockJob - 定时任务，更新活动sku库存【延迟队列获取，降低对数据库的更新频次，不要产生竞争】
25-04-03.23:59:55.007 [scheduling-1    ] INFO  UpdateActivitySkuStockJob - 定时任务，更新活动sku库存【延迟队列获取，降低对数据库的更新频次，不要产生竞争】
