25-04-22.19:43:55.007 [main            ] INFO  RaffleActivityAccountQuotaServiceTest - Starting RaffleActivityAccountQuotaServiceTest using Java 21.0.1 on LAPTOP-EPDR54BH with PID 15684 (started by Saber in D:\javacode\marketing_platform\big-market-ztf\big-market\big-market-app)
25-04-22.19:43:55.008 [main            ] INFO  RaffleActivityAccountQuotaServiceTest - The following 1 profile is active: "dev"
25-04-22.19:43:56.278 [main            ] INFO  RepositoryConfigurationDelegate - Multiple Spring Data modules found, entering strict repository configuration mode
25-04-22.19:43:56.282 [main            ] INFO  RepositoryConfigurationDelegate - Bootstrapping Spring Data Redis repositories in DEFAULT mode.
25-04-22.19:43:56.350 [main            ] INFO  RepositoryConfigurationDelegate - Finished Spring Data repository scanning in 51 ms. Found 0 Redis repository interfaces.
25-04-22.19:43:57.631 [main            ] INFO  Version                - Redisson 3.26.0
25-04-22.19:44:01.143 [main            ] WARN  GenericWebApplicationContext - Exception encountered during context initialization - cancelling refresh attempt: org.springframework.beans.factory.BeanCreationException: Error creating bean with name 'raffleActivityController': Injection of resource dependencies failed; nested exception is org.springframework.beans.factory.UnsatisfiedDependencyException: Error creating bean with name 'raffleActivityPartakeService' defined in file [D:\javacode\marketing_platform\big-market-ztf\big-market\big-market-domain\target\classes\com\ztf\domain\activity\service\partake\RaffleActivityPartakeService.class]: Unsatisfied dependency expressed through constructor parameter 0; nested exception is org.springframework.beans.factory.BeanCreationException: Error creating bean with name 'activityRepository': Injection of resource dependencies failed; nested exception is org.springframework.beans.factory.BeanCreationException: Error creating bean with name 'redissonService': Injection of resource dependencies failed; nested exception is org.springframework.beans.factory.BeanCreationException: Error creating bean with name 'redissonClient' defined in class path resource [com/ztf/config/RedisClientConfig.class]: Bean instantiation via factory method failed; nested exception is org.springframework.beans.BeanInstantiationException: Failed to instantiate [org.redisson.api.RedissonClient]: Factory method 'redissonClient' threw exception; nested exception is org.redisson.client.RedisConnectionException: java.util.concurrent.ExecutionException: org.redisson.client.RedisConnectionException: Unable to connect to Redis server: 127.0.0.1/127.0.0.1:16379
25-04-22.19:44:01.168 [main            ] INFO  ConditionEvaluationReportLoggingListener - 

Error starting ApplicationContext. To display the conditions report re-run your application with 'debug' enabled.
25-04-22.19:44:01.201 [main            ] ERROR SpringApplication      - Application run failed
org.springframework.beans.factory.BeanCreationException: Error creating bean with name 'raffleActivityController': Injection of resource dependencies failed; nested exception is org.springframework.beans.factory.UnsatisfiedDependencyException: Error creating bean with name 'raffleActivityPartakeService' defined in file [D:\javacode\marketing_platform\big-market-ztf\big-market\big-market-domain\target\classes\com\ztf\domain\activity\service\partake\RaffleActivityPartakeService.class]: Unsatisfied dependency expressed through constructor parameter 0; nested exception is org.springframework.beans.factory.BeanCreationException: Error creating bean with name 'activityRepository': Injection of resource dependencies failed; nested exception is org.springframework.beans.factory.BeanCreationException: Error creating bean with name 'redissonService': Injection of resource dependencies failed; nested exception is org.springframework.beans.factory.BeanCreationException: Error creating bean with name 'redissonClient' defined in class path resource [com/ztf/config/RedisClientConfig.class]: Bean instantiation via factory method failed; nested exception is org.springframework.beans.BeanInstantiationException: Failed to instantiate [org.redisson.api.RedissonClient]: Factory method 'redissonClient' threw exception; nested exception is org.redisson.client.RedisConnectionException: java.util.concurrent.ExecutionException: org.redisson.client.RedisConnectionException: Unable to connect to Redis server: 127.0.0.1/127.0.0.1:16379
	at org.springframework.context.annotation.CommonAnnotationBeanPostProcessor.postProcessProperties(CommonAnnotationBeanPostProcessor.java:332)
	at org.springframework.beans.factory.support.AbstractAutowireCapableBeanFactory.populateBean(AbstractAutowireCapableBeanFactory.java:1431)
	at org.springframework.beans.factory.support.AbstractAutowireCapableBeanFactory.doCreateBean(AbstractAutowireCapableBeanFactory.java:619)
	at org.springframework.beans.factory.support.AbstractAutowireCapableBeanFactory.createBean(AbstractAutowireCapableBeanFactory.java:542)
	at org.springframework.beans.factory.support.AbstractBeanFactory.lambda$doGetBean$0(AbstractBeanFactory.java:335)
	at org.springframework.beans.factory.support.DefaultSingletonBeanRegistry.getSingleton(DefaultSingletonBeanRegistry.java:234)
	at org.springframework.beans.factory.support.AbstractBeanFactory.doGetBean(AbstractBeanFactory.java:333)
	at org.springframework.beans.factory.support.AbstractBeanFactory.getBean(AbstractBeanFactory.java:208)
	at org.springframework.beans.factory.support.DefaultListableBeanFactory.preInstantiateSingletons(DefaultListableBeanFactory.java:955)
	at org.springframework.context.support.AbstractApplicationContext.finishBeanFactoryInitialization(AbstractApplicationContext.java:920)
	at org.springframework.context.support.AbstractApplicationContext.refresh(AbstractApplicationContext.java:583)
	at org.springframework.boot.SpringApplication.refresh(SpringApplication.java:731)
	at org.springframework.boot.SpringApplication.refreshContext(SpringApplication.java:408)
	at org.springframework.boot.SpringApplication.run(SpringApplication.java:307)
	at org.springframework.boot.test.context.SpringBootContextLoader.loadContext(SpringBootContextLoader.java:136)
	at org.springframework.test.context.cache.DefaultCacheAwareContextLoaderDelegate.loadContextInternal(DefaultCacheAwareContextLoaderDelegate.java:141)
	at org.springframework.test.context.cache.DefaultCacheAwareContextLoaderDelegate.loadContext(DefaultCacheAwareContextLoaderDelegate.java:90)
	at org.springframework.test.context.support.DefaultTestContext.getApplicationContext(DefaultTestContext.java:124)
	at org.springframework.test.context.web.ServletTestExecutionListener.setUpRequestContextIfNecessary(ServletTestExecutionListener.java:190)
	at org.springframework.test.context.web.ServletTestExecutionListener.prepareTestInstance(ServletTestExecutionListener.java:132)
	at org.springframework.test.context.TestContextManager.prepareTestInstance(TestContextManager.java:248)
	at org.springframework.test.context.junit4.SpringJUnit4ClassRunner.createTest(SpringJUnit4ClassRunner.java:227)
	at org.springframework.test.context.junit4.SpringJUnit4ClassRunner$1.runReflectiveCall(SpringJUnit4ClassRunner.java:289)
	at org.junit.internal.runners.model.ReflectiveCallable.run(ReflectiveCallable.java:12)
	at org.springframework.test.context.junit4.SpringJUnit4ClassRunner.methodBlock(SpringJUnit4ClassRunner.java:291)
	at org.springframework.test.context.junit4.SpringJUnit4ClassRunner.runChild(SpringJUnit4ClassRunner.java:246)
	at org.springframework.test.context.junit4.SpringJUnit4ClassRunner.runChild(SpringJUnit4ClassRunner.java:97)
	at org.junit.runners.ParentRunner$4.run(ParentRunner.java:331)
	at org.junit.runners.ParentRunner$1.schedule(ParentRunner.java:79)
	at org.junit.runners.ParentRunner.runChildren(ParentRunner.java:329)
	at org.junit.runners.ParentRunner.access$100(ParentRunner.java:66)
	at org.junit.runners.ParentRunner$2.evaluate(ParentRunner.java:293)
	at org.springframework.test.context.junit4.statements.RunBeforeTestClassCallbacks.evaluate(RunBeforeTestClassCallbacks.java:61)
	at org.springframework.test.context.junit4.statements.RunAfterTestClassCallbacks.evaluate(RunAfterTestClassCallbacks.java:70)
	at org.junit.runners.ParentRunner$3.evaluate(ParentRunner.java:306)
	at org.junit.runners.ParentRunner.run(ParentRunner.java:413)
	at org.springframework.test.context.junit4.SpringJUnit4ClassRunner.run(SpringJUnit4ClassRunner.java:190)
	at org.junit.runner.JUnitCore.run(JUnitCore.java:137)
	at com.intellij.junit4.JUnit4IdeaTestRunner.startRunnerWithArgs(JUnit4IdeaTestRunner.java:69)
	at com.intellij.rt.junit.IdeaTestRunner$Repeater$1.execute(IdeaTestRunner.java:38)
	at com.intellij.rt.execution.junit.TestsRepeater.repeat(TestsRepeater.java:11)
	at com.intellij.rt.junit.IdeaTestRunner$Repeater.startRunnerWithArgs(IdeaTestRunner.java:35)
	at com.intellij.rt.junit.JUnitStarter.prepareStreamsAndStart(JUnitStarter.java:232)
	at com.intellij.rt.junit.JUnitStarter.main(JUnitStarter.java:55)
Caused by: org.springframework.beans.factory.UnsatisfiedDependencyException: Error creating bean with name 'raffleActivityPartakeService' defined in file [D:\javacode\marketing_platform\big-market-ztf\big-market\big-market-domain\target\classes\com\ztf\domain\activity\service\partake\RaffleActivityPartakeService.class]: Unsatisfied dependency expressed through constructor parameter 0; nested exception is org.springframework.beans.factory.BeanCreationException: Error creating bean with name 'activityRepository': Injection of resource dependencies failed; nested exception is org.springframework.beans.factory.BeanCreationException: Error creating bean with name 'redissonService': Injection of resource dependencies failed; nested exception is org.springframework.beans.factory.BeanCreationException: Error creating bean with name 'redissonClient' defined in class path resource [com/ztf/config/RedisClientConfig.class]: Bean instantiation via factory method failed; nested exception is org.springframework.beans.BeanInstantiationException: Failed to instantiate [org.redisson.api.RedissonClient]: Factory method 'redissonClient' threw exception; nested exception is org.redisson.client.RedisConnectionException: java.util.concurrent.ExecutionException: org.redisson.client.RedisConnectionException: Unable to connect to Redis server: 127.0.0.1/127.0.0.1:16379
	at org.springframework.beans.factory.support.ConstructorResolver.createArgumentArray(ConstructorResolver.java:800)
	at org.springframework.beans.factory.support.ConstructorResolver.autowireConstructor(ConstructorResolver.java:229)
	at org.springframework.beans.factory.support.AbstractAutowireCapableBeanFactory.autowireConstructor(AbstractAutowireCapableBeanFactory.java:1372)
	at org.springframework.beans.factory.support.AbstractAutowireCapableBeanFactory.createBeanInstance(AbstractAutowireCapableBeanFactory.java:1222)
	at org.springframework.beans.factory.support.AbstractAutowireCapableBeanFactory.doCreateBean(AbstractAutowireCapableBeanFactory.java:582)
	at org.springframework.beans.factory.support.AbstractAutowireCapableBeanFactory.createBean(AbstractAutowireCapableBeanFactory.java:542)
	at org.springframework.beans.factory.support.AbstractBeanFactory.lambda$doGetBean$0(AbstractBeanFactory.java:335)
	at org.springframework.beans.factory.support.DefaultSingletonBeanRegistry.getSingleton(DefaultSingletonBeanRegistry.java:234)
	at org.springframework.beans.factory.support.AbstractBeanFactory.doGetBean(AbstractBeanFactory.java:333)
	at org.springframework.beans.factory.support.AbstractBeanFactory.getBean(AbstractBeanFactory.java:213)
	at org.springframework.beans.factory.support.AbstractAutowireCapableBeanFactory.resolveBeanByName(AbstractAutowireCapableBeanFactory.java:479)
	at org.springframework.context.annotation.CommonAnnotationBeanPostProcessor.autowireResource(CommonAnnotationBeanPostProcessor.java:550)
	at org.springframework.context.annotation.CommonAnnotationBeanPostProcessor.getResource(CommonAnnotationBeanPostProcessor.java:520)
	at org.springframework.context.annotation.CommonAnnotationBeanPostProcessor$ResourceElement.getResourceToInject(CommonAnnotationBeanPostProcessor.java:673)
	at org.springframework.beans.factory.annotation.InjectionMetadata$InjectedElement.inject(InjectionMetadata.java:228)
	at org.springframework.beans.factory.annotation.InjectionMetadata.inject(InjectionMetadata.java:119)
	at org.springframework.context.annotation.CommonAnnotationBeanPostProcessor.postProcessProperties(CommonAnnotationBeanPostProcessor.java:329)
	... 43 common frames omitted
Caused by: org.springframework.beans.factory.BeanCreationException: Error creating bean with name 'activityRepository': Injection of resource dependencies failed; nested exception is org.springframework.beans.factory.BeanCreationException: Error creating bean with name 'redissonService': Injection of resource dependencies failed; nested exception is org.springframework.beans.factory.BeanCreationException: Error creating bean with name 'redissonClient' defined in class path resource [com/ztf/config/RedisClientConfig.class]: Bean instantiation via factory method failed; nested exception is org.springframework.beans.BeanInstantiationException: Failed to instantiate [org.redisson.api.RedissonClient]: Factory method 'redissonClient' threw exception; nested exception is org.redisson.client.RedisConnectionException: java.util.concurrent.ExecutionException: org.redisson.client.RedisConnectionException: Unable to connect to Redis server: 127.0.0.1/127.0.0.1:16379
	at org.springframework.context.annotation.CommonAnnotationBeanPostProcessor.postProcessProperties(CommonAnnotationBeanPostProcessor.java:332)
	at org.springframework.beans.factory.support.AbstractAutowireCapableBeanFactory.populateBean(AbstractAutowireCapableBeanFactory.java:1431)
	at org.springframework.beans.factory.support.AbstractAutowireCapableBeanFactory.doCreateBean(AbstractAutowireCapableBeanFactory.java:619)
	at org.springframework.beans.factory.support.AbstractAutowireCapableBeanFactory.createBean(AbstractAutowireCapableBeanFactory.java:542)
	at org.springframework.beans.factory.support.AbstractBeanFactory.lambda$doGetBean$0(AbstractBeanFactory.java:335)
	at org.springframework.beans.factory.support.DefaultSingletonBeanRegistry.getSingleton(DefaultSingletonBeanRegistry.java:234)
	at org.springframework.beans.factory.support.AbstractBeanFactory.doGetBean(AbstractBeanFactory.java:333)
	at org.springframework.beans.factory.support.AbstractBeanFactory.getBean(AbstractBeanFactory.java:208)
	at org.springframework.beans.factory.config.DependencyDescriptor.resolveCandidate(DependencyDescriptor.java:276)
	at org.springframework.beans.factory.support.DefaultListableBeanFactory.doResolveDependency(DefaultListableBeanFactory.java:1391)
	at org.springframework.beans.factory.support.DefaultListableBeanFactory.resolveDependency(DefaultListableBeanFactory.java:1311)
	at org.springframework.beans.factory.support.ConstructorResolver.resolveAutowiredArgument(ConstructorResolver.java:887)
	at org.springframework.beans.factory.support.ConstructorResolver.createArgumentArray(ConstructorResolver.java:791)
	... 59 common frames omitted
Caused by: org.springframework.beans.factory.BeanCreationException: Error creating bean with name 'redissonService': Injection of resource dependencies failed; nested exception is org.springframework.beans.factory.BeanCreationException: Error creating bean with name 'redissonClient' defined in class path resource [com/ztf/config/RedisClientConfig.class]: Bean instantiation via factory method failed; nested exception is org.springframework.beans.BeanInstantiationException: Failed to instantiate [org.redisson.api.RedissonClient]: Factory method 'redissonClient' threw exception; nested exception is org.redisson.client.RedisConnectionException: java.util.concurrent.ExecutionException: org.redisson.client.RedisConnectionException: Unable to connect to Redis server: 127.0.0.1/127.0.0.1:16379
	at org.springframework.context.annotation.CommonAnnotationBeanPostProcessor.postProcessProperties(CommonAnnotationBeanPostProcessor.java:332)
	at org.springframework.beans.factory.support.AbstractAutowireCapableBeanFactory.populateBean(AbstractAutowireCapableBeanFactory.java:1431)
	at org.springframework.beans.factory.support.AbstractAutowireCapableBeanFactory.doCreateBean(AbstractAutowireCapableBeanFactory.java:619)
	at org.springframework.beans.factory.support.AbstractAutowireCapableBeanFactory.createBean(AbstractAutowireCapableBeanFactory.java:542)
	at org.springframework.beans.factory.support.AbstractBeanFactory.lambda$doGetBean$0(AbstractBeanFactory.java:335)
	at org.springframework.beans.factory.support.DefaultSingletonBeanRegistry.getSingleton(DefaultSingletonBeanRegistry.java:234)
	at org.springframework.beans.factory.support.AbstractBeanFactory.doGetBean(AbstractBeanFactory.java:333)
	at org.springframework.beans.factory.support.AbstractBeanFactory.getBean(AbstractBeanFactory.java:213)
	at org.springframework.beans.factory.support.AbstractAutowireCapableBeanFactory.resolveBeanByName(AbstractAutowireCapableBeanFactory.java:479)
	at org.springframework.context.annotation.CommonAnnotationBeanPostProcessor.autowireResource(CommonAnnotationBeanPostProcessor.java:550)
	at org.springframework.context.annotation.CommonAnnotationBeanPostProcessor.getResource(CommonAnnotationBeanPostProcessor.java:520)
	at org.springframework.context.annotation.CommonAnnotationBeanPostProcessor$ResourceElement.getResourceToInject(CommonAnnotationBeanPostProcessor.java:673)
	at org.springframework.beans.factory.annotation.InjectionMetadata$InjectedElement.inject(InjectionMetadata.java:228)
	at org.springframework.beans.factory.annotation.InjectionMetadata.inject(InjectionMetadata.java:119)
	at org.springframework.context.annotation.CommonAnnotationBeanPostProcessor.postProcessProperties(CommonAnnotationBeanPostProcessor.java:329)
	... 71 common frames omitted
Caused by: org.springframework.beans.factory.BeanCreationException: Error creating bean with name 'redissonClient' defined in class path resource [com/ztf/config/RedisClientConfig.class]: Bean instantiation via factory method failed; nested exception is org.springframework.beans.BeanInstantiationException: Failed to instantiate [org.redisson.api.RedissonClient]: Factory method 'redissonClient' threw exception; nested exception is org.redisson.client.RedisConnectionException: java.util.concurrent.ExecutionException: org.redisson.client.RedisConnectionException: Unable to connect to Redis server: 127.0.0.1/127.0.0.1:16379
	at org.springframework.beans.factory.support.ConstructorResolver.instantiate(ConstructorResolver.java:658)
	at org.springframework.beans.factory.support.ConstructorResolver.instantiateUsingFactoryMethod(ConstructorResolver.java:638)
	at org.springframework.beans.factory.support.AbstractAutowireCapableBeanFactory.instantiateUsingFactoryMethod(AbstractAutowireCapableBeanFactory.java:1352)
	at org.springframework.beans.factory.support.AbstractAutowireCapableBeanFactory.createBeanInstance(AbstractAutowireCapableBeanFactory.java:1195)
	at org.springframework.beans.factory.support.AbstractAutowireCapableBeanFactory.doCreateBean(AbstractAutowireCapableBeanFactory.java:582)
	at org.springframework.beans.factory.support.AbstractAutowireCapableBeanFactory.createBean(AbstractAutowireCapableBeanFactory.java:542)
	at org.springframework.beans.factory.support.AbstractBeanFactory.lambda$doGetBean$0(AbstractBeanFactory.java:335)
	at org.springframework.beans.factory.support.DefaultSingletonBeanRegistry.getSingleton(DefaultSingletonBeanRegistry.java:234)
	at org.springframework.beans.factory.support.AbstractBeanFactory.doGetBean(AbstractBeanFactory.java:333)
	at org.springframework.beans.factory.support.AbstractBeanFactory.getBean(AbstractBeanFactory.java:213)
	at org.springframework.beans.factory.support.AbstractAutowireCapableBeanFactory.resolveBeanByName(AbstractAutowireCapableBeanFactory.java:479)
	at org.springframework.context.annotation.CommonAnnotationBeanPostProcessor.autowireResource(CommonAnnotationBeanPostProcessor.java:550)
	at org.springframework.context.annotation.CommonAnnotationBeanPostProcessor.getResource(CommonAnnotationBeanPostProcessor.java:520)
	at org.springframework.context.annotation.CommonAnnotationBeanPostProcessor$ResourceElement.getResourceToInject(CommonAnnotationBeanPostProcessor.java:673)
	at org.springframework.beans.factory.annotation.InjectionMetadata$InjectedElement.inject(InjectionMetadata.java:228)
	at org.springframework.beans.factory.annotation.InjectionMetadata.inject(InjectionMetadata.java:119)
	at org.springframework.context.annotation.CommonAnnotationBeanPostProcessor.postProcessProperties(CommonAnnotationBeanPostProcessor.java:329)
	... 85 common frames omitted
Caused by: org.springframework.beans.BeanInstantiationException: Failed to instantiate [org.redisson.api.RedissonClient]: Factory method 'redissonClient' threw exception; nested exception is org.redisson.client.RedisConnectionException: java.util.concurrent.ExecutionException: org.redisson.client.RedisConnectionException: Unable to connect to Redis server: 127.0.0.1/127.0.0.1:16379
	at org.springframework.beans.factory.support.SimpleInstantiationStrategy.instantiate(SimpleInstantiationStrategy.java:185)
	at org.springframework.beans.factory.support.ConstructorResolver.instantiate(ConstructorResolver.java:653)
	... 101 common frames omitted
Caused by: org.redisson.client.RedisConnectionException: java.util.concurrent.ExecutionException: org.redisson.client.RedisConnectionException: Unable to connect to Redis server: 127.0.0.1/127.0.0.1:16379
	at org.redisson.connection.MasterSlaveConnectionManager.doConnect(MasterSlaveConnectionManager.java:229)
	at org.redisson.connection.MasterSlaveConnectionManager.connect(MasterSlaveConnectionManager.java:196)
	at org.redisson.config.ConfigSupport.createConnectionManager(ConfigSupport.java:220)
	at org.redisson.Redisson.<init>(Redisson.java:71)
	at org.redisson.Redisson.create(Redisson.java:116)
	at com.ztf.config.RedisClientConfig.redissonClient(RedisClientConfig.java:50)
	at com.ztf.config.RedisClientConfig$$EnhancerBySpringCGLIB$$14d92e47.CGLIB$redissonClient$0(<generated>)
	at com.ztf.config.RedisClientConfig$$EnhancerBySpringCGLIB$$14d92e47$$FastClassBySpringCGLIB$$85742bc.invoke(<generated>)
	at org.springframework.cglib.proxy.MethodProxy.invokeSuper(MethodProxy.java:244)
	at org.springframework.context.annotation.ConfigurationClassEnhancer$BeanMethodInterceptor.intercept(ConfigurationClassEnhancer.java:331)
	at com.ztf.config.RedisClientConfig$$EnhancerBySpringCGLIB$$14d92e47.redissonClient(<generated>)
	at java.base/jdk.internal.reflect.DirectMethodHandleAccessor.invoke(DirectMethodHandleAccessor.java:103)
	at java.base/java.lang.reflect.Method.invoke(Method.java:580)
	at org.springframework.beans.factory.support.SimpleInstantiationStrategy.instantiate(SimpleInstantiationStrategy.java:154)
	... 102 common frames omitted
Caused by: java.util.concurrent.ExecutionException: org.redisson.client.RedisConnectionException: Unable to connect to Redis server: 127.0.0.1/127.0.0.1:16379
	at java.base/java.util.concurrent.CompletableFuture.reportGet(CompletableFuture.java:396)
	at java.base/java.util.concurrent.CompletableFuture.get(CompletableFuture.java:2096)
	at org.redisson.connection.MasterSlaveConnectionManager.doConnect(MasterSlaveConnectionManager.java:225)
	... 115 common frames omitted
Caused by: org.redisson.client.RedisConnectionException: Unable to connect to Redis server: 127.0.0.1/127.0.0.1:16379
	at org.redisson.connection.ConnectionsHolder.lambda$createConnection$1(ConnectionsHolder.java:183)
	at java.base/java.util.concurrent.CompletableFuture.uniWhenComplete(CompletableFuture.java:863)
	at java.base/java.util.concurrent.CompletableFuture$UniWhenComplete.tryFire(CompletableFuture.java:841)
	at java.base/java.util.concurrent.CompletableFuture.postComplete(CompletableFuture.java:510)
	at java.base/java.util.concurrent.CompletableFuture.completeExceptionally(CompletableFuture.java:2194)
	at org.redisson.connection.ConnectionsHolder.promiseFailure(ConnectionsHolder.java:218)
	at org.redisson.connection.ConnectionsHolder.lambda$createConnection$4(ConnectionsHolder.java:204)
	at java.base/java.util.concurrent.CompletableFuture.uniWhenComplete(CompletableFuture.java:863)
	at java.base/java.util.concurrent.CompletableFuture$UniWhenComplete.tryFire(CompletableFuture.java:841)
	at java.base/java.util.concurrent.CompletableFuture.postComplete(CompletableFuture.java:510)
	at java.base/java.util.concurrent.CompletableFuture.completeExceptionally(CompletableFuture.java:2194)
	at org.redisson.client.RedisClient$1$2.run(RedisClient.java:308)
	at io.netty.util.concurrent.AbstractEventExecutor.runTask(AbstractEventExecutor.java:174)
	at io.netty.util.concurrent.AbstractEventExecutor.safeExecute(AbstractEventExecutor.java:167)
	at io.netty.util.concurrent.SingleThreadEventExecutor.runAllTasks(SingleThreadEventExecutor.java:470)
	at io.netty.channel.nio.NioEventLoop.run(NioEventLoop.java:569)
	at io.netty.util.concurrent.SingleThreadEventExecutor$4.run(SingleThreadEventExecutor.java:997)
	at io.netty.util.internal.ThreadExecutorMap$2.run(ThreadExecutorMap.java:74)
	at io.netty.util.concurrent.FastThreadLocalRunnable.run(FastThreadLocalRunnable.java:30)
	at java.base/java.lang.Thread.run(Thread.java:1583)
Caused by: java.util.concurrent.CompletionException: io.netty.channel.AbstractChannel$AnnotatedConnectException: Connection refused: no further information: 127.0.0.1/127.0.0.1:16379
	at java.base/java.util.concurrent.CompletableFuture.encodeRelay(CompletableFuture.java:368)
	at java.base/java.util.concurrent.CompletableFuture.completeRelay(CompletableFuture.java:377)
	at java.base/java.util.concurrent.CompletableFuture$UniRelay.tryFire(CompletableFuture.java:1097)
	... 11 common frames omitted
Caused by: io.netty.channel.AbstractChannel$AnnotatedConnectException: Connection refused: no further information: 127.0.0.1/127.0.0.1:16379
Caused by: java.net.ConnectException: Connection refused: no further information
	at java.base/sun.nio.ch.Net.pollConnect(Native Method)
	at java.base/sun.nio.ch.Net.pollConnectNow(Net.java:682)
	at java.base/sun.nio.ch.SocketChannelImpl.finishConnect(SocketChannelImpl.java:973)
	at io.netty.channel.socket.nio.NioSocketChannel.doFinishConnect(NioSocketChannel.java:337)
	at io.netty.channel.nio.AbstractNioChannel$AbstractNioUnsafe.finishConnect(AbstractNioChannel.java:334)
	at io.netty.channel.nio.NioEventLoop.processSelectedKey(NioEventLoop.java:776)
	at io.netty.channel.nio.NioEventLoop.processSelectedKeysOptimized(NioEventLoop.java:724)
	at io.netty.channel.nio.NioEventLoop.processSelectedKeys(NioEventLoop.java:650)
	at io.netty.channel.nio.NioEventLoop.run(NioEventLoop.java:562)
	at io.netty.util.concurrent.SingleThreadEventExecutor$4.run(SingleThreadEventExecutor.java:997)
	at io.netty.util.internal.ThreadExecutorMap$2.run(ThreadExecutorMap.java:74)
	at io.netty.util.concurrent.FastThreadLocalRunnable.run(FastThreadLocalRunnable.java:30)
	at java.base/java.lang.Thread.run(Thread.java:1583)
25-04-22.19:44:01.211 [main            ] ERROR TestContextManager     - Caught exception while allowing TestExecutionListener [org.springframework.test.context.web.ServletTestExecutionListener@7fd50002] to prepare test instance [com.ztf.test.domain.activity.RaffleActivityAccountQuotaServiceTest@134c38]
java.lang.IllegalStateException: Failed to load ApplicationContext
	at org.springframework.test.context.cache.DefaultCacheAwareContextLoaderDelegate.loadContext(DefaultCacheAwareContextLoaderDelegate.java:98)
	at org.springframework.test.context.support.DefaultTestContext.getApplicationContext(DefaultTestContext.java:124)
	at org.springframework.test.context.web.ServletTestExecutionListener.setUpRequestContextIfNecessary(ServletTestExecutionListener.java:190)
	at org.springframework.test.context.web.ServletTestExecutionListener.prepareTestInstance(ServletTestExecutionListener.java:132)
	at org.springframework.test.context.TestContextManager.prepareTestInstance(TestContextManager.java:248)
	at org.springframework.test.context.junit4.SpringJUnit4ClassRunner.createTest(SpringJUnit4ClassRunner.java:227)
	at org.springframework.test.context.junit4.SpringJUnit4ClassRunner$1.runReflectiveCall(SpringJUnit4ClassRunner.java:289)
	at org.junit.internal.runners.model.ReflectiveCallable.run(ReflectiveCallable.java:12)
	at org.springframework.test.context.junit4.SpringJUnit4ClassRunner.methodBlock(SpringJUnit4ClassRunner.java:291)
	at org.springframework.test.context.junit4.SpringJUnit4ClassRunner.runChild(SpringJUnit4ClassRunner.java:246)
	at org.springframework.test.context.junit4.SpringJUnit4ClassRunner.runChild(SpringJUnit4ClassRunner.java:97)
	at org.junit.runners.ParentRunner$4.run(ParentRunner.java:331)
	at org.junit.runners.ParentRunner$1.schedule(ParentRunner.java:79)
	at org.junit.runners.ParentRunner.runChildren(ParentRunner.java:329)
	at org.junit.runners.ParentRunner.access$100(ParentRunner.java:66)
	at org.junit.runners.ParentRunner$2.evaluate(ParentRunner.java:293)
	at org.springframework.test.context.junit4.statements.RunBeforeTestClassCallbacks.evaluate(RunBeforeTestClassCallbacks.java:61)
	at org.springframework.test.context.junit4.statements.RunAfterTestClassCallbacks.evaluate(RunAfterTestClassCallbacks.java:70)
	at org.junit.runners.ParentRunner$3.evaluate(ParentRunner.java:306)
	at org.junit.runners.ParentRunner.run(ParentRunner.java:413)
	at org.springframework.test.context.junit4.SpringJUnit4ClassRunner.run(SpringJUnit4ClassRunner.java:190)
	at org.junit.runner.JUnitCore.run(JUnitCore.java:137)
	at com.intellij.junit4.JUnit4IdeaTestRunner.startRunnerWithArgs(JUnit4IdeaTestRunner.java:69)
	at com.intellij.rt.junit.IdeaTestRunner$Repeater$1.execute(IdeaTestRunner.java:38)
	at com.intellij.rt.execution.junit.TestsRepeater.repeat(TestsRepeater.java:11)
	at com.intellij.rt.junit.IdeaTestRunner$Repeater.startRunnerWithArgs(IdeaTestRunner.java:35)
	at com.intellij.rt.junit.JUnitStarter.prepareStreamsAndStart(JUnitStarter.java:232)
	at com.intellij.rt.junit.JUnitStarter.main(JUnitStarter.java:55)
Caused by: org.springframework.beans.factory.BeanCreationException: Error creating bean with name 'raffleActivityController': Injection of resource dependencies failed; nested exception is org.springframework.beans.factory.UnsatisfiedDependencyException: Error creating bean with name 'raffleActivityPartakeService' defined in file [D:\javacode\marketing_platform\big-market-ztf\big-market\big-market-domain\target\classes\com\ztf\domain\activity\service\partake\RaffleActivityPartakeService.class]: Unsatisfied dependency expressed through constructor parameter 0; nested exception is org.springframework.beans.factory.BeanCreationException: Error creating bean with name 'activityRepository': Injection of resource dependencies failed; nested exception is org.springframework.beans.factory.BeanCreationException: Error creating bean with name 'redissonService': Injection of resource dependencies failed; nested exception is org.springframework.beans.factory.BeanCreationException: Error creating bean with name 'redissonClient' defined in class path resource [com/ztf/config/RedisClientConfig.class]: Bean instantiation via factory method failed; nested exception is org.springframework.beans.BeanInstantiationException: Failed to instantiate [org.redisson.api.RedissonClient]: Factory method 'redissonClient' threw exception; nested exception is org.redisson.client.RedisConnectionException: java.util.concurrent.ExecutionException: org.redisson.client.RedisConnectionException: Unable to connect to Redis server: 127.0.0.1/127.0.0.1:16379
	at org.springframework.context.annotation.CommonAnnotationBeanPostProcessor.postProcessProperties(CommonAnnotationBeanPostProcessor.java:332)
	at org.springframework.beans.factory.support.AbstractAutowireCapableBeanFactory.populateBean(AbstractAutowireCapableBeanFactory.java:1431)
	at org.springframework.beans.factory.support.AbstractAutowireCapableBeanFactory.doCreateBean(AbstractAutowireCapableBeanFactory.java:619)
	at org.springframework.beans.factory.support.AbstractAutowireCapableBeanFactory.createBean(AbstractAutowireCapableBeanFactory.java:542)
	at org.springframework.beans.factory.support.AbstractBeanFactory.lambda$doGetBean$0(AbstractBeanFactory.java:335)
	at org.springframework.beans.factory.support.DefaultSingletonBeanRegistry.getSingleton(DefaultSingletonBeanRegistry.java:234)
	at org.springframework.beans.factory.support.AbstractBeanFactory.doGetBean(AbstractBeanFactory.java:333)
	at org.springframework.beans.factory.support.AbstractBeanFactory.getBean(AbstractBeanFactory.java:208)
	at org.springframework.beans.factory.support.DefaultListableBeanFactory.preInstantiateSingletons(DefaultListableBeanFactory.java:955)
	at org.springframework.context.support.AbstractApplicationContext.finishBeanFactoryInitialization(AbstractApplicationContext.java:920)
	at org.springframework.context.support.AbstractApplicationContext.refresh(AbstractApplicationContext.java:583)
	at org.springframework.boot.SpringApplication.refresh(SpringApplication.java:731)
	at org.springframework.boot.SpringApplication.refreshContext(SpringApplication.java:408)
	at org.springframework.boot.SpringApplication.run(SpringApplication.java:307)
	at org.springframework.boot.test.context.SpringBootContextLoader.loadContext(SpringBootContextLoader.java:136)
	at org.springframework.test.context.cache.DefaultCacheAwareContextLoaderDelegate.loadContextInternal(DefaultCacheAwareContextLoaderDelegate.java:141)
	at org.springframework.test.context.cache.DefaultCacheAwareContextLoaderDelegate.loadContext(DefaultCacheAwareContextLoaderDelegate.java:90)
	... 27 common frames omitted
Caused by: org.springframework.beans.factory.UnsatisfiedDependencyException: Error creating bean with name 'raffleActivityPartakeService' defined in file [D:\javacode\marketing_platform\big-market-ztf\big-market\big-market-domain\target\classes\com\ztf\domain\activity\service\partake\RaffleActivityPartakeService.class]: Unsatisfied dependency expressed through constructor parameter 0; nested exception is org.springframework.beans.factory.BeanCreationException: Error creating bean with name 'activityRepository': Injection of resource dependencies failed; nested exception is org.springframework.beans.factory.BeanCreationException: Error creating bean with name 'redissonService': Injection of resource dependencies failed; nested exception is org.springframework.beans.factory.BeanCreationException: Error creating bean with name 'redissonClient' defined in class path resource [com/ztf/config/RedisClientConfig.class]: Bean instantiation via factory method failed; nested exception is org.springframework.beans.BeanInstantiationException: Failed to instantiate [org.redisson.api.RedissonClient]: Factory method 'redissonClient' threw exception; nested exception is org.redisson.client.RedisConnectionException: java.util.concurrent.ExecutionException: org.redisson.client.RedisConnectionException: Unable to connect to Redis server: 127.0.0.1/127.0.0.1:16379
	at org.springframework.beans.factory.support.ConstructorResolver.createArgumentArray(ConstructorResolver.java:800)
	at org.springframework.beans.factory.support.ConstructorResolver.autowireConstructor(ConstructorResolver.java:229)
	at org.springframework.beans.factory.support.AbstractAutowireCapableBeanFactory.autowireConstructor(AbstractAutowireCapableBeanFactory.java:1372)
	at org.springframework.beans.factory.support.AbstractAutowireCapableBeanFactory.createBeanInstance(AbstractAutowireCapableBeanFactory.java:1222)
	at org.springframework.beans.factory.support.AbstractAutowireCapableBeanFactory.doCreateBean(AbstractAutowireCapableBeanFactory.java:582)
	at org.springframework.beans.factory.support.AbstractAutowireCapableBeanFactory.createBean(AbstractAutowireCapableBeanFactory.java:542)
	at org.springframework.beans.factory.support.AbstractBeanFactory.lambda$doGetBean$0(AbstractBeanFactory.java:335)
	at org.springframework.beans.factory.support.DefaultSingletonBeanRegistry.getSingleton(DefaultSingletonBeanRegistry.java:234)
	at org.springframework.beans.factory.support.AbstractBeanFactory.doGetBean(AbstractBeanFactory.java:333)
	at org.springframework.beans.factory.support.AbstractBeanFactory.getBean(AbstractBeanFactory.java:213)
	at org.springframework.beans.factory.support.AbstractAutowireCapableBeanFactory.resolveBeanByName(AbstractAutowireCapableBeanFactory.java:479)
	at org.springframework.context.annotation.CommonAnnotationBeanPostProcessor.autowireResource(CommonAnnotationBeanPostProcessor.java:550)
	at org.springframework.context.annotation.CommonAnnotationBeanPostProcessor.getResource(CommonAnnotationBeanPostProcessor.java:520)
	at org.springframework.context.annotation.CommonAnnotationBeanPostProcessor$ResourceElement.getResourceToInject(CommonAnnotationBeanPostProcessor.java:673)
	at org.springframework.beans.factory.annotation.InjectionMetadata$InjectedElement.inject(InjectionMetadata.java:228)
	at org.springframework.beans.factory.annotation.InjectionMetadata.inject(InjectionMetadata.java:119)
	at org.springframework.context.annotation.CommonAnnotationBeanPostProcessor.postProcessProperties(CommonAnnotationBeanPostProcessor.java:329)
	... 43 common frames omitted
Caused by: org.springframework.beans.factory.BeanCreationException: Error creating bean with name 'activityRepository': Injection of resource dependencies failed; nested exception is org.springframework.beans.factory.BeanCreationException: Error creating bean with name 'redissonService': Injection of resource dependencies failed; nested exception is org.springframework.beans.factory.BeanCreationException: Error creating bean with name 'redissonClient' defined in class path resource [com/ztf/config/RedisClientConfig.class]: Bean instantiation via factory method failed; nested exception is org.springframework.beans.BeanInstantiationException: Failed to instantiate [org.redisson.api.RedissonClient]: Factory method 'redissonClient' threw exception; nested exception is org.redisson.client.RedisConnectionException: java.util.concurrent.ExecutionException: org.redisson.client.RedisConnectionException: Unable to connect to Redis server: 127.0.0.1/127.0.0.1:16379
	at org.springframework.context.annotation.CommonAnnotationBeanPostProcessor.postProcessProperties(CommonAnnotationBeanPostProcessor.java:332)
	at org.springframework.beans.factory.support.AbstractAutowireCapableBeanFactory.populateBean(AbstractAutowireCapableBeanFactory.java:1431)
	at org.springframework.beans.factory.support.AbstractAutowireCapableBeanFactory.doCreateBean(AbstractAutowireCapableBeanFactory.java:619)
	at org.springframework.beans.factory.support.AbstractAutowireCapableBeanFactory.createBean(AbstractAutowireCapableBeanFactory.java:542)
	at org.springframework.beans.factory.support.AbstractBeanFactory.lambda$doGetBean$0(AbstractBeanFactory.java:335)
	at org.springframework.beans.factory.support.DefaultSingletonBeanRegistry.getSingleton(DefaultSingletonBeanRegistry.java:234)
	at org.springframework.beans.factory.support.AbstractBeanFactory.doGetBean(AbstractBeanFactory.java:333)
	at org.springframework.beans.factory.support.AbstractBeanFactory.getBean(AbstractBeanFactory.java:208)
	at org.springframework.beans.factory.config.DependencyDescriptor.resolveCandidate(DependencyDescriptor.java:276)
	at org.springframework.beans.factory.support.DefaultListableBeanFactory.doResolveDependency(DefaultListableBeanFactory.java:1391)
	at org.springframework.beans.factory.support.DefaultListableBeanFactory.resolveDependency(DefaultListableBeanFactory.java:1311)
	at org.springframework.beans.factory.support.ConstructorResolver.resolveAutowiredArgument(ConstructorResolver.java:887)
	at org.springframework.beans.factory.support.ConstructorResolver.createArgumentArray(ConstructorResolver.java:791)
	... 59 common frames omitted
Caused by: org.springframework.beans.factory.BeanCreationException: Error creating bean with name 'redissonService': Injection of resource dependencies failed; nested exception is org.springframework.beans.factory.BeanCreationException: Error creating bean with name 'redissonClient' defined in class path resource [com/ztf/config/RedisClientConfig.class]: Bean instantiation via factory method failed; nested exception is org.springframework.beans.BeanInstantiationException: Failed to instantiate [org.redisson.api.RedissonClient]: Factory method 'redissonClient' threw exception; nested exception is org.redisson.client.RedisConnectionException: java.util.concurrent.ExecutionException: org.redisson.client.RedisConnectionException: Unable to connect to Redis server: 127.0.0.1/127.0.0.1:16379
	at org.springframework.context.annotation.CommonAnnotationBeanPostProcessor.postProcessProperties(CommonAnnotationBeanPostProcessor.java:332)
	at org.springframework.beans.factory.support.AbstractAutowireCapableBeanFactory.populateBean(AbstractAutowireCapableBeanFactory.java:1431)
	at org.springframework.beans.factory.support.AbstractAutowireCapableBeanFactory.doCreateBean(AbstractAutowireCapableBeanFactory.java:619)
	at org.springframework.beans.factory.support.AbstractAutowireCapableBeanFactory.createBean(AbstractAutowireCapableBeanFactory.java:542)
	at org.springframework.beans.factory.support.AbstractBeanFactory.lambda$doGetBean$0(AbstractBeanFactory.java:335)
	at org.springframework.beans.factory.support.DefaultSingletonBeanRegistry.getSingleton(DefaultSingletonBeanRegistry.java:234)
	at org.springframework.beans.factory.support.AbstractBeanFactory.doGetBean(AbstractBeanFactory.java:333)
	at org.springframework.beans.factory.support.AbstractBeanFactory.getBean(AbstractBeanFactory.java:213)
	at org.springframework.beans.factory.support.AbstractAutowireCapableBeanFactory.resolveBeanByName(AbstractAutowireCapableBeanFactory.java:479)
	at org.springframework.context.annotation.CommonAnnotationBeanPostProcessor.autowireResource(CommonAnnotationBeanPostProcessor.java:550)
	at org.springframework.context.annotation.CommonAnnotationBeanPostProcessor.getResource(CommonAnnotationBeanPostProcessor.java:520)
	at org.springframework.context.annotation.CommonAnnotationBeanPostProcessor$ResourceElement.getResourceToInject(CommonAnnotationBeanPostProcessor.java:673)
	at org.springframework.beans.factory.annotation.InjectionMetadata$InjectedElement.inject(InjectionMetadata.java:228)
	at org.springframework.beans.factory.annotation.InjectionMetadata.inject(InjectionMetadata.java:119)
	at org.springframework.context.annotation.CommonAnnotationBeanPostProcessor.postProcessProperties(CommonAnnotationBeanPostProcessor.java:329)
	... 71 common frames omitted
Caused by: org.springframework.beans.factory.BeanCreationException: Error creating bean with name 'redissonClient' defined in class path resource [com/ztf/config/RedisClientConfig.class]: Bean instantiation via factory method failed; nested exception is org.springframework.beans.BeanInstantiationException: Failed to instantiate [org.redisson.api.RedissonClient]: Factory method 'redissonClient' threw exception; nested exception is org.redisson.client.RedisConnectionException: java.util.concurrent.ExecutionException: org.redisson.client.RedisConnectionException: Unable to connect to Redis server: 127.0.0.1/127.0.0.1:16379
	at org.springframework.beans.factory.support.ConstructorResolver.instantiate(ConstructorResolver.java:658)
	at org.springframework.beans.factory.support.ConstructorResolver.instantiateUsingFactoryMethod(ConstructorResolver.java:638)
	at org.springframework.beans.factory.support.AbstractAutowireCapableBeanFactory.instantiateUsingFactoryMethod(AbstractAutowireCapableBeanFactory.java:1352)
	at org.springframework.beans.factory.support.AbstractAutowireCapableBeanFactory.createBeanInstance(AbstractAutowireCapableBeanFactory.java:1195)
	at org.springframework.beans.factory.support.AbstractAutowireCapableBeanFactory.doCreateBean(AbstractAutowireCapableBeanFactory.java:582)
	at org.springframework.beans.factory.support.AbstractAutowireCapableBeanFactory.createBean(AbstractAutowireCapableBeanFactory.java:542)
	at org.springframework.beans.factory.support.AbstractBeanFactory.lambda$doGetBean$0(AbstractBeanFactory.java:335)
	at org.springframework.beans.factory.support.DefaultSingletonBeanRegistry.getSingleton(DefaultSingletonBeanRegistry.java:234)
	at org.springframework.beans.factory.support.AbstractBeanFactory.doGetBean(AbstractBeanFactory.java:333)
	at org.springframework.beans.factory.support.AbstractBeanFactory.getBean(AbstractBeanFactory.java:213)
	at org.springframework.beans.factory.support.AbstractAutowireCapableBeanFactory.resolveBeanByName(AbstractAutowireCapableBeanFactory.java:479)
	at org.springframework.context.annotation.CommonAnnotationBeanPostProcessor.autowireResource(CommonAnnotationBeanPostProcessor.java:550)
	at org.springframework.context.annotation.CommonAnnotationBeanPostProcessor.getResource(CommonAnnotationBeanPostProcessor.java:520)
	at org.springframework.context.annotation.CommonAnnotationBeanPostProcessor$ResourceElement.getResourceToInject(CommonAnnotationBeanPostProcessor.java:673)
	at org.springframework.beans.factory.annotation.InjectionMetadata$InjectedElement.inject(InjectionMetadata.java:228)
	at org.springframework.beans.factory.annotation.InjectionMetadata.inject(InjectionMetadata.java:119)
	at org.springframework.context.annotation.CommonAnnotationBeanPostProcessor.postProcessProperties(CommonAnnotationBeanPostProcessor.java:329)
	... 85 common frames omitted
Caused by: org.springframework.beans.BeanInstantiationException: Failed to instantiate [org.redisson.api.RedissonClient]: Factory method 'redissonClient' threw exception; nested exception is org.redisson.client.RedisConnectionException: java.util.concurrent.ExecutionException: org.redisson.client.RedisConnectionException: Unable to connect to Redis server: 127.0.0.1/127.0.0.1:16379
	at org.springframework.beans.factory.support.SimpleInstantiationStrategy.instantiate(SimpleInstantiationStrategy.java:185)
	at org.springframework.beans.factory.support.ConstructorResolver.instantiate(ConstructorResolver.java:653)
	... 101 common frames omitted
Caused by: org.redisson.client.RedisConnectionException: java.util.concurrent.ExecutionException: org.redisson.client.RedisConnectionException: Unable to connect to Redis server: 127.0.0.1/127.0.0.1:16379
	at org.redisson.connection.MasterSlaveConnectionManager.doConnect(MasterSlaveConnectionManager.java:229)
	at org.redisson.connection.MasterSlaveConnectionManager.connect(MasterSlaveConnectionManager.java:196)
	at org.redisson.config.ConfigSupport.createConnectionManager(ConfigSupport.java:220)
	at org.redisson.Redisson.<init>(Redisson.java:71)
	at org.redisson.Redisson.create(Redisson.java:116)
	at com.ztf.config.RedisClientConfig.redissonClient(RedisClientConfig.java:50)
	at com.ztf.config.RedisClientConfig$$EnhancerBySpringCGLIB$$14d92e47.CGLIB$redissonClient$0(<generated>)
	at com.ztf.config.RedisClientConfig$$EnhancerBySpringCGLIB$$14d92e47$$FastClassBySpringCGLIB$$85742bc.invoke(<generated>)
	at org.springframework.cglib.proxy.MethodProxy.invokeSuper(MethodProxy.java:244)
	at org.springframework.context.annotation.ConfigurationClassEnhancer$BeanMethodInterceptor.intercept(ConfigurationClassEnhancer.java:331)
	at com.ztf.config.RedisClientConfig$$EnhancerBySpringCGLIB$$14d92e47.redissonClient(<generated>)
	at java.base/jdk.internal.reflect.DirectMethodHandleAccessor.invoke(DirectMethodHandleAccessor.java:103)
	at java.base/java.lang.reflect.Method.invoke(Method.java:580)
	at org.springframework.beans.factory.support.SimpleInstantiationStrategy.instantiate(SimpleInstantiationStrategy.java:154)
	... 102 common frames omitted
Caused by: java.util.concurrent.ExecutionException: org.redisson.client.RedisConnectionException: Unable to connect to Redis server: 127.0.0.1/127.0.0.1:16379
	at java.base/java.util.concurrent.CompletableFuture.reportGet(CompletableFuture.java:396)
	at java.base/java.util.concurrent.CompletableFuture.get(CompletableFuture.java:2096)
	at org.redisson.connection.MasterSlaveConnectionManager.doConnect(MasterSlaveConnectionManager.java:225)
	... 115 common frames omitted
Caused by: org.redisson.client.RedisConnectionException: Unable to connect to Redis server: 127.0.0.1/127.0.0.1:16379
	at org.redisson.connection.ConnectionsHolder.lambda$createConnection$1(ConnectionsHolder.java:183)
	at java.base/java.util.concurrent.CompletableFuture.uniWhenComplete(CompletableFuture.java:863)
	at java.base/java.util.concurrent.CompletableFuture$UniWhenComplete.tryFire(CompletableFuture.java:841)
	at java.base/java.util.concurrent.CompletableFuture.postComplete(CompletableFuture.java:510)
	at java.base/java.util.concurrent.CompletableFuture.completeExceptionally(CompletableFuture.java:2194)
	at org.redisson.connection.ConnectionsHolder.promiseFailure(ConnectionsHolder.java:218)
	at org.redisson.connection.ConnectionsHolder.lambda$createConnection$4(ConnectionsHolder.java:204)
	at java.base/java.util.concurrent.CompletableFuture.uniWhenComplete(CompletableFuture.java:863)
	at java.base/java.util.concurrent.CompletableFuture$UniWhenComplete.tryFire(CompletableFuture.java:841)
	at java.base/java.util.concurrent.CompletableFuture.postComplete(CompletableFuture.java:510)
	at java.base/java.util.concurrent.CompletableFuture.completeExceptionally(CompletableFuture.java:2194)
	at org.redisson.client.RedisClient$1$2.run(RedisClient.java:308)
	at io.netty.util.concurrent.AbstractEventExecutor.runTask(AbstractEventExecutor.java:174)
	at io.netty.util.concurrent.AbstractEventExecutor.safeExecute(AbstractEventExecutor.java:167)
	at io.netty.util.concurrent.SingleThreadEventExecutor.runAllTasks(SingleThreadEventExecutor.java:470)
	at io.netty.channel.nio.NioEventLoop.run(NioEventLoop.java:569)
	at io.netty.util.concurrent.SingleThreadEventExecutor$4.run(SingleThreadEventExecutor.java:997)
	at io.netty.util.internal.ThreadExecutorMap$2.run(ThreadExecutorMap.java:74)
	at io.netty.util.concurrent.FastThreadLocalRunnable.run(FastThreadLocalRunnable.java:30)
	at java.base/java.lang.Thread.run(Thread.java:1583)
Caused by: java.util.concurrent.CompletionException: io.netty.channel.AbstractChannel$AnnotatedConnectException: Connection refused: no further information: 127.0.0.1/127.0.0.1:16379
	at java.base/java.util.concurrent.CompletableFuture.encodeRelay(CompletableFuture.java:368)
	at java.base/java.util.concurrent.CompletableFuture.completeRelay(CompletableFuture.java:377)
	at java.base/java.util.concurrent.CompletableFuture$UniRelay.tryFire(CompletableFuture.java:1097)
	... 11 common frames omitted
Caused by: io.netty.channel.AbstractChannel$AnnotatedConnectException: Connection refused: no further information: 127.0.0.1/127.0.0.1:16379
Caused by: java.net.ConnectException: Connection refused: no further information
	at java.base/sun.nio.ch.Net.pollConnect(Native Method)
	at java.base/sun.nio.ch.Net.pollConnectNow(Net.java:682)
	at java.base/sun.nio.ch.SocketChannelImpl.finishConnect(SocketChannelImpl.java:973)
	at io.netty.channel.socket.nio.NioSocketChannel.doFinishConnect(NioSocketChannel.java:337)
	at io.netty.channel.nio.AbstractNioChannel$AbstractNioUnsafe.finishConnect(AbstractNioChannel.java:334)
	at io.netty.channel.nio.NioEventLoop.processSelectedKey(NioEventLoop.java:776)
	at io.netty.channel.nio.NioEventLoop.processSelectedKeysOptimized(NioEventLoop.java:724)
	at io.netty.channel.nio.NioEventLoop.processSelectedKeys(NioEventLoop.java:650)
	at io.netty.channel.nio.NioEventLoop.run(NioEventLoop.java:562)
	at io.netty.util.concurrent.SingleThreadEventExecutor$4.run(SingleThreadEventExecutor.java:997)
	at io.netty.util.internal.ThreadExecutorMap$2.run(ThreadExecutorMap.java:74)
	at io.netty.util.concurrent.FastThreadLocalRunnable.run(FastThreadLocalRunnable.java:30)
	at java.base/java.lang.Thread.run(Thread.java:1583)
25-04-22.19:48:28.082 [main            ] INFO  RaffleActivityAccountQuotaServiceTest - Starting RaffleActivityAccountQuotaServiceTest using Java 21.0.1 on LAPTOP-EPDR54BH with PID 26736 (started by Saber in D:\javacode\marketing_platform\big-market-ztf\big-market\big-market-app)
25-04-22.19:48:28.083 [main            ] INFO  RaffleActivityAccountQuotaServiceTest - The following 1 profile is active: "dev"
25-04-22.19:48:29.413 [main            ] INFO  RepositoryConfigurationDelegate - Multiple Spring Data modules found, entering strict repository configuration mode
25-04-22.19:48:29.416 [main            ] INFO  RepositoryConfigurationDelegate - Bootstrapping Spring Data Redis repositories in DEFAULT mode.
25-04-22.19:48:29.469 [main            ] INFO  RepositoryConfigurationDelegate - Finished Spring Data repository scanning in 41 ms. Found 0 Redis repository interfaces.
25-04-22.19:48:30.746 [main            ] INFO  Version                - Redisson 3.26.0
25-04-22.19:48:34.194 [main            ] WARN  GenericWebApplicationContext - Exception encountered during context initialization - cancelling refresh attempt: org.springframework.beans.factory.BeanCreationException: Error creating bean with name 'raffleActivityController': Injection of resource dependencies failed; nested exception is org.springframework.beans.factory.UnsatisfiedDependencyException: Error creating bean with name 'raffleActivityPartakeService' defined in file [D:\javacode\marketing_platform\big-market-ztf\big-market\big-market-domain\target\classes\com\ztf\domain\activity\service\partake\RaffleActivityPartakeService.class]: Unsatisfied dependency expressed through constructor parameter 0; nested exception is org.springframework.beans.factory.BeanCreationException: Error creating bean with name 'activityRepository': Injection of resource dependencies failed; nested exception is org.springframework.beans.factory.BeanCreationException: Error creating bean with name 'redissonService': Injection of resource dependencies failed; nested exception is org.springframework.beans.factory.BeanCreationException: Error creating bean with name 'redissonClient' defined in class path resource [com/ztf/config/RedisClientConfig.class]: Bean instantiation via factory method failed; nested exception is org.springframework.beans.BeanInstantiationException: Failed to instantiate [org.redisson.api.RedissonClient]: Factory method 'redissonClient' threw exception; nested exception is org.redisson.client.RedisConnectionException: java.util.concurrent.ExecutionException: org.redisson.client.RedisConnectionException: Unable to connect to Redis server: 127.0.0.1/127.0.0.1:16379
25-04-22.19:48:34.212 [main            ] INFO  ConditionEvaluationReportLoggingListener - 

Error starting ApplicationContext. To display the conditions report re-run your application with 'debug' enabled.
25-04-22.19:48:34.245 [main            ] ERROR SpringApplication      - Application run failed
org.springframework.beans.factory.BeanCreationException: Error creating bean with name 'raffleActivityController': Injection of resource dependencies failed; nested exception is org.springframework.beans.factory.UnsatisfiedDependencyException: Error creating bean with name 'raffleActivityPartakeService' defined in file [D:\javacode\marketing_platform\big-market-ztf\big-market\big-market-domain\target\classes\com\ztf\domain\activity\service\partake\RaffleActivityPartakeService.class]: Unsatisfied dependency expressed through constructor parameter 0; nested exception is org.springframework.beans.factory.BeanCreationException: Error creating bean with name 'activityRepository': Injection of resource dependencies failed; nested exception is org.springframework.beans.factory.BeanCreationException: Error creating bean with name 'redissonService': Injection of resource dependencies failed; nested exception is org.springframework.beans.factory.BeanCreationException: Error creating bean with name 'redissonClient' defined in class path resource [com/ztf/config/RedisClientConfig.class]: Bean instantiation via factory method failed; nested exception is org.springframework.beans.BeanInstantiationException: Failed to instantiate [org.redisson.api.RedissonClient]: Factory method 'redissonClient' threw exception; nested exception is org.redisson.client.RedisConnectionException: java.util.concurrent.ExecutionException: org.redisson.client.RedisConnectionException: Unable to connect to Redis server: 127.0.0.1/127.0.0.1:16379
	at org.springframework.context.annotation.CommonAnnotationBeanPostProcessor.postProcessProperties(CommonAnnotationBeanPostProcessor.java:332)
	at org.springframework.beans.factory.support.AbstractAutowireCapableBeanFactory.populateBean(AbstractAutowireCapableBeanFactory.java:1431)
	at org.springframework.beans.factory.support.AbstractAutowireCapableBeanFactory.doCreateBean(AbstractAutowireCapableBeanFactory.java:619)
	at org.springframework.beans.factory.support.AbstractAutowireCapableBeanFactory.createBean(AbstractAutowireCapableBeanFactory.java:542)
	at org.springframework.beans.factory.support.AbstractBeanFactory.lambda$doGetBean$0(AbstractBeanFactory.java:335)
	at org.springframework.beans.factory.support.DefaultSingletonBeanRegistry.getSingleton(DefaultSingletonBeanRegistry.java:234)
	at org.springframework.beans.factory.support.AbstractBeanFactory.doGetBean(AbstractBeanFactory.java:333)
	at org.springframework.beans.factory.support.AbstractBeanFactory.getBean(AbstractBeanFactory.java:208)
	at org.springframework.beans.factory.support.DefaultListableBeanFactory.preInstantiateSingletons(DefaultListableBeanFactory.java:955)
	at org.springframework.context.support.AbstractApplicationContext.finishBeanFactoryInitialization(AbstractApplicationContext.java:920)
	at org.springframework.context.support.AbstractApplicationContext.refresh(AbstractApplicationContext.java:583)
	at org.springframework.boot.SpringApplication.refresh(SpringApplication.java:731)
	at org.springframework.boot.SpringApplication.refreshContext(SpringApplication.java:408)
	at org.springframework.boot.SpringApplication.run(SpringApplication.java:307)
	at org.springframework.boot.test.context.SpringBootContextLoader.loadContext(SpringBootContextLoader.java:136)
	at org.springframework.test.context.cache.DefaultCacheAwareContextLoaderDelegate.loadContextInternal(DefaultCacheAwareContextLoaderDelegate.java:141)
	at org.springframework.test.context.cache.DefaultCacheAwareContextLoaderDelegate.loadContext(DefaultCacheAwareContextLoaderDelegate.java:90)
	at org.springframework.test.context.support.DefaultTestContext.getApplicationContext(DefaultTestContext.java:124)
	at org.springframework.test.context.web.ServletTestExecutionListener.setUpRequestContextIfNecessary(ServletTestExecutionListener.java:190)
	at org.springframework.test.context.web.ServletTestExecutionListener.prepareTestInstance(ServletTestExecutionListener.java:132)
	at org.springframework.test.context.TestContextManager.prepareTestInstance(TestContextManager.java:248)
	at org.springframework.test.context.junit4.SpringJUnit4ClassRunner.createTest(SpringJUnit4ClassRunner.java:227)
	at org.springframework.test.context.junit4.SpringJUnit4ClassRunner$1.runReflectiveCall(SpringJUnit4ClassRunner.java:289)
	at org.junit.internal.runners.model.ReflectiveCallable.run(ReflectiveCallable.java:12)
	at org.springframework.test.context.junit4.SpringJUnit4ClassRunner.methodBlock(SpringJUnit4ClassRunner.java:291)
	at org.springframework.test.context.junit4.SpringJUnit4ClassRunner.runChild(SpringJUnit4ClassRunner.java:246)
	at org.springframework.test.context.junit4.SpringJUnit4ClassRunner.runChild(SpringJUnit4ClassRunner.java:97)
	at org.junit.runners.ParentRunner$4.run(ParentRunner.java:331)
	at org.junit.runners.ParentRunner$1.schedule(ParentRunner.java:79)
	at org.junit.runners.ParentRunner.runChildren(ParentRunner.java:329)
	at org.junit.runners.ParentRunner.access$100(ParentRunner.java:66)
	at org.junit.runners.ParentRunner$2.evaluate(ParentRunner.java:293)
	at org.springframework.test.context.junit4.statements.RunBeforeTestClassCallbacks.evaluate(RunBeforeTestClassCallbacks.java:61)
	at org.springframework.test.context.junit4.statements.RunAfterTestClassCallbacks.evaluate(RunAfterTestClassCallbacks.java:70)
	at org.junit.runners.ParentRunner$3.evaluate(ParentRunner.java:306)
	at org.junit.runners.ParentRunner.run(ParentRunner.java:413)
	at org.springframework.test.context.junit4.SpringJUnit4ClassRunner.run(SpringJUnit4ClassRunner.java:190)
	at org.junit.runner.JUnitCore.run(JUnitCore.java:137)
	at com.intellij.junit4.JUnit4IdeaTestRunner.startRunnerWithArgs(JUnit4IdeaTestRunner.java:69)
	at com.intellij.rt.junit.IdeaTestRunner$Repeater$1.execute(IdeaTestRunner.java:38)
	at com.intellij.rt.execution.junit.TestsRepeater.repeat(TestsRepeater.java:11)
	at com.intellij.rt.junit.IdeaTestRunner$Repeater.startRunnerWithArgs(IdeaTestRunner.java:35)
	at com.intellij.rt.junit.JUnitStarter.prepareStreamsAndStart(JUnitStarter.java:232)
	at com.intellij.rt.junit.JUnitStarter.main(JUnitStarter.java:55)
Caused by: org.springframework.beans.factory.UnsatisfiedDependencyException: Error creating bean with name 'raffleActivityPartakeService' defined in file [D:\javacode\marketing_platform\big-market-ztf\big-market\big-market-domain\target\classes\com\ztf\domain\activity\service\partake\RaffleActivityPartakeService.class]: Unsatisfied dependency expressed through constructor parameter 0; nested exception is org.springframework.beans.factory.BeanCreationException: Error creating bean with name 'activityRepository': Injection of resource dependencies failed; nested exception is org.springframework.beans.factory.BeanCreationException: Error creating bean with name 'redissonService': Injection of resource dependencies failed; nested exception is org.springframework.beans.factory.BeanCreationException: Error creating bean with name 'redissonClient' defined in class path resource [com/ztf/config/RedisClientConfig.class]: Bean instantiation via factory method failed; nested exception is org.springframework.beans.BeanInstantiationException: Failed to instantiate [org.redisson.api.RedissonClient]: Factory method 'redissonClient' threw exception; nested exception is org.redisson.client.RedisConnectionException: java.util.concurrent.ExecutionException: org.redisson.client.RedisConnectionException: Unable to connect to Redis server: 127.0.0.1/127.0.0.1:16379
	at org.springframework.beans.factory.support.ConstructorResolver.createArgumentArray(ConstructorResolver.java:800)
	at org.springframework.beans.factory.support.ConstructorResolver.autowireConstructor(ConstructorResolver.java:229)
	at org.springframework.beans.factory.support.AbstractAutowireCapableBeanFactory.autowireConstructor(AbstractAutowireCapableBeanFactory.java:1372)
	at org.springframework.beans.factory.support.AbstractAutowireCapableBeanFactory.createBeanInstance(AbstractAutowireCapableBeanFactory.java:1222)
	at org.springframework.beans.factory.support.AbstractAutowireCapableBeanFactory.doCreateBean(AbstractAutowireCapableBeanFactory.java:582)
	at org.springframework.beans.factory.support.AbstractAutowireCapableBeanFactory.createBean(AbstractAutowireCapableBeanFactory.java:542)
	at org.springframework.beans.factory.support.AbstractBeanFactory.lambda$doGetBean$0(AbstractBeanFactory.java:335)
	at org.springframework.beans.factory.support.DefaultSingletonBeanRegistry.getSingleton(DefaultSingletonBeanRegistry.java:234)
	at org.springframework.beans.factory.support.AbstractBeanFactory.doGetBean(AbstractBeanFactory.java:333)
	at org.springframework.beans.factory.support.AbstractBeanFactory.getBean(AbstractBeanFactory.java:213)
	at org.springframework.beans.factory.support.AbstractAutowireCapableBeanFactory.resolveBeanByName(AbstractAutowireCapableBeanFactory.java:479)
	at org.springframework.context.annotation.CommonAnnotationBeanPostProcessor.autowireResource(CommonAnnotationBeanPostProcessor.java:550)
	at org.springframework.context.annotation.CommonAnnotationBeanPostProcessor.getResource(CommonAnnotationBeanPostProcessor.java:520)
	at org.springframework.context.annotation.CommonAnnotationBeanPostProcessor$ResourceElement.getResourceToInject(CommonAnnotationBeanPostProcessor.java:673)
	at org.springframework.beans.factory.annotation.InjectionMetadata$InjectedElement.inject(InjectionMetadata.java:228)
	at org.springframework.beans.factory.annotation.InjectionMetadata.inject(InjectionMetadata.java:119)
	at org.springframework.context.annotation.CommonAnnotationBeanPostProcessor.postProcessProperties(CommonAnnotationBeanPostProcessor.java:329)
	... 43 common frames omitted
Caused by: org.springframework.beans.factory.BeanCreationException: Error creating bean with name 'activityRepository': Injection of resource dependencies failed; nested exception is org.springframework.beans.factory.BeanCreationException: Error creating bean with name 'redissonService': Injection of resource dependencies failed; nested exception is org.springframework.beans.factory.BeanCreationException: Error creating bean with name 'redissonClient' defined in class path resource [com/ztf/config/RedisClientConfig.class]: Bean instantiation via factory method failed; nested exception is org.springframework.beans.BeanInstantiationException: Failed to instantiate [org.redisson.api.RedissonClient]: Factory method 'redissonClient' threw exception; nested exception is org.redisson.client.RedisConnectionException: java.util.concurrent.ExecutionException: org.redisson.client.RedisConnectionException: Unable to connect to Redis server: 127.0.0.1/127.0.0.1:16379
	at org.springframework.context.annotation.CommonAnnotationBeanPostProcessor.postProcessProperties(CommonAnnotationBeanPostProcessor.java:332)
	at org.springframework.beans.factory.support.AbstractAutowireCapableBeanFactory.populateBean(AbstractAutowireCapableBeanFactory.java:1431)
	at org.springframework.beans.factory.support.AbstractAutowireCapableBeanFactory.doCreateBean(AbstractAutowireCapableBeanFactory.java:619)
	at org.springframework.beans.factory.support.AbstractAutowireCapableBeanFactory.createBean(AbstractAutowireCapableBeanFactory.java:542)
	at org.springframework.beans.factory.support.AbstractBeanFactory.lambda$doGetBean$0(AbstractBeanFactory.java:335)
	at org.springframework.beans.factory.support.DefaultSingletonBeanRegistry.getSingleton(DefaultSingletonBeanRegistry.java:234)
	at org.springframework.beans.factory.support.AbstractBeanFactory.doGetBean(AbstractBeanFactory.java:333)
	at org.springframework.beans.factory.support.AbstractBeanFactory.getBean(AbstractBeanFactory.java:208)
	at org.springframework.beans.factory.config.DependencyDescriptor.resolveCandidate(DependencyDescriptor.java:276)
	at org.springframework.beans.factory.support.DefaultListableBeanFactory.doResolveDependency(DefaultListableBeanFactory.java:1391)
	at org.springframework.beans.factory.support.DefaultListableBeanFactory.resolveDependency(DefaultListableBeanFactory.java:1311)
	at org.springframework.beans.factory.support.ConstructorResolver.resolveAutowiredArgument(ConstructorResolver.java:887)
	at org.springframework.beans.factory.support.ConstructorResolver.createArgumentArray(ConstructorResolver.java:791)
	... 59 common frames omitted
Caused by: org.springframework.beans.factory.BeanCreationException: Error creating bean with name 'redissonService': Injection of resource dependencies failed; nested exception is org.springframework.beans.factory.BeanCreationException: Error creating bean with name 'redissonClient' defined in class path resource [com/ztf/config/RedisClientConfig.class]: Bean instantiation via factory method failed; nested exception is org.springframework.beans.BeanInstantiationException: Failed to instantiate [org.redisson.api.RedissonClient]: Factory method 'redissonClient' threw exception; nested exception is org.redisson.client.RedisConnectionException: java.util.concurrent.ExecutionException: org.redisson.client.RedisConnectionException: Unable to connect to Redis server: 127.0.0.1/127.0.0.1:16379
	at org.springframework.context.annotation.CommonAnnotationBeanPostProcessor.postProcessProperties(CommonAnnotationBeanPostProcessor.java:332)
	at org.springframework.beans.factory.support.AbstractAutowireCapableBeanFactory.populateBean(AbstractAutowireCapableBeanFactory.java:1431)
	at org.springframework.beans.factory.support.AbstractAutowireCapableBeanFactory.doCreateBean(AbstractAutowireCapableBeanFactory.java:619)
	at org.springframework.beans.factory.support.AbstractAutowireCapableBeanFactory.createBean(AbstractAutowireCapableBeanFactory.java:542)
	at org.springframework.beans.factory.support.AbstractBeanFactory.lambda$doGetBean$0(AbstractBeanFactory.java:335)
	at org.springframework.beans.factory.support.DefaultSingletonBeanRegistry.getSingleton(DefaultSingletonBeanRegistry.java:234)
	at org.springframework.beans.factory.support.AbstractBeanFactory.doGetBean(AbstractBeanFactory.java:333)
	at org.springframework.beans.factory.support.AbstractBeanFactory.getBean(AbstractBeanFactory.java:213)
	at org.springframework.beans.factory.support.AbstractAutowireCapableBeanFactory.resolveBeanByName(AbstractAutowireCapableBeanFactory.java:479)
	at org.springframework.context.annotation.CommonAnnotationBeanPostProcessor.autowireResource(CommonAnnotationBeanPostProcessor.java:550)
	at org.springframework.context.annotation.CommonAnnotationBeanPostProcessor.getResource(CommonAnnotationBeanPostProcessor.java:520)
	at org.springframework.context.annotation.CommonAnnotationBeanPostProcessor$ResourceElement.getResourceToInject(CommonAnnotationBeanPostProcessor.java:673)
	at org.springframework.beans.factory.annotation.InjectionMetadata$InjectedElement.inject(InjectionMetadata.java:228)
	at org.springframework.beans.factory.annotation.InjectionMetadata.inject(InjectionMetadata.java:119)
	at org.springframework.context.annotation.CommonAnnotationBeanPostProcessor.postProcessProperties(CommonAnnotationBeanPostProcessor.java:329)
	... 71 common frames omitted
Caused by: org.springframework.beans.factory.BeanCreationException: Error creating bean with name 'redissonClient' defined in class path resource [com/ztf/config/RedisClientConfig.class]: Bean instantiation via factory method failed; nested exception is org.springframework.beans.BeanInstantiationException: Failed to instantiate [org.redisson.api.RedissonClient]: Factory method 'redissonClient' threw exception; nested exception is org.redisson.client.RedisConnectionException: java.util.concurrent.ExecutionException: org.redisson.client.RedisConnectionException: Unable to connect to Redis server: 127.0.0.1/127.0.0.1:16379
	at org.springframework.beans.factory.support.ConstructorResolver.instantiate(ConstructorResolver.java:658)
	at org.springframework.beans.factory.support.ConstructorResolver.instantiateUsingFactoryMethod(ConstructorResolver.java:638)
	at org.springframework.beans.factory.support.AbstractAutowireCapableBeanFactory.instantiateUsingFactoryMethod(AbstractAutowireCapableBeanFactory.java:1352)
	at org.springframework.beans.factory.support.AbstractAutowireCapableBeanFactory.createBeanInstance(AbstractAutowireCapableBeanFactory.java:1195)
	at org.springframework.beans.factory.support.AbstractAutowireCapableBeanFactory.doCreateBean(AbstractAutowireCapableBeanFactory.java:582)
	at org.springframework.beans.factory.support.AbstractAutowireCapableBeanFactory.createBean(AbstractAutowireCapableBeanFactory.java:542)
	at org.springframework.beans.factory.support.AbstractBeanFactory.lambda$doGetBean$0(AbstractBeanFactory.java:335)
	at org.springframework.beans.factory.support.DefaultSingletonBeanRegistry.getSingleton(DefaultSingletonBeanRegistry.java:234)
	at org.springframework.beans.factory.support.AbstractBeanFactory.doGetBean(AbstractBeanFactory.java:333)
	at org.springframework.beans.factory.support.AbstractBeanFactory.getBean(AbstractBeanFactory.java:213)
	at org.springframework.beans.factory.support.AbstractAutowireCapableBeanFactory.resolveBeanByName(AbstractAutowireCapableBeanFactory.java:479)
	at org.springframework.context.annotation.CommonAnnotationBeanPostProcessor.autowireResource(CommonAnnotationBeanPostProcessor.java:550)
	at org.springframework.context.annotation.CommonAnnotationBeanPostProcessor.getResource(CommonAnnotationBeanPostProcessor.java:520)
	at org.springframework.context.annotation.CommonAnnotationBeanPostProcessor$ResourceElement.getResourceToInject(CommonAnnotationBeanPostProcessor.java:673)
	at org.springframework.beans.factory.annotation.InjectionMetadata$InjectedElement.inject(InjectionMetadata.java:228)
	at org.springframework.beans.factory.annotation.InjectionMetadata.inject(InjectionMetadata.java:119)
	at org.springframework.context.annotation.CommonAnnotationBeanPostProcessor.postProcessProperties(CommonAnnotationBeanPostProcessor.java:329)
	... 85 common frames omitted
Caused by: org.springframework.beans.BeanInstantiationException: Failed to instantiate [org.redisson.api.RedissonClient]: Factory method 'redissonClient' threw exception; nested exception is org.redisson.client.RedisConnectionException: java.util.concurrent.ExecutionException: org.redisson.client.RedisConnectionException: Unable to connect to Redis server: 127.0.0.1/127.0.0.1:16379
	at org.springframework.beans.factory.support.SimpleInstantiationStrategy.instantiate(SimpleInstantiationStrategy.java:185)
	at org.springframework.beans.factory.support.ConstructorResolver.instantiate(ConstructorResolver.java:653)
	... 101 common frames omitted
Caused by: org.redisson.client.RedisConnectionException: java.util.concurrent.ExecutionException: org.redisson.client.RedisConnectionException: Unable to connect to Redis server: 127.0.0.1/127.0.0.1:16379
	at org.redisson.connection.MasterSlaveConnectionManager.doConnect(MasterSlaveConnectionManager.java:229)
	at org.redisson.connection.MasterSlaveConnectionManager.connect(MasterSlaveConnectionManager.java:196)
	at org.redisson.config.ConfigSupport.createConnectionManager(ConfigSupport.java:220)
	at org.redisson.Redisson.<init>(Redisson.java:71)
	at org.redisson.Redisson.create(Redisson.java:116)
	at com.ztf.config.RedisClientConfig.redissonClient(RedisClientConfig.java:50)
	at com.ztf.config.RedisClientConfig$$EnhancerBySpringCGLIB$$ac32e051.CGLIB$redissonClient$0(<generated>)
	at com.ztf.config.RedisClientConfig$$EnhancerBySpringCGLIB$$ac32e051$$FastClassBySpringCGLIB$$e4eada96.invoke(<generated>)
	at org.springframework.cglib.proxy.MethodProxy.invokeSuper(MethodProxy.java:244)
	at org.springframework.context.annotation.ConfigurationClassEnhancer$BeanMethodInterceptor.intercept(ConfigurationClassEnhancer.java:331)
	at com.ztf.config.RedisClientConfig$$EnhancerBySpringCGLIB$$ac32e051.redissonClient(<generated>)
	at java.base/jdk.internal.reflect.DirectMethodHandleAccessor.invoke(DirectMethodHandleAccessor.java:103)
	at java.base/java.lang.reflect.Method.invoke(Method.java:580)
	at org.springframework.beans.factory.support.SimpleInstantiationStrategy.instantiate(SimpleInstantiationStrategy.java:154)
	... 102 common frames omitted
Caused by: java.util.concurrent.ExecutionException: org.redisson.client.RedisConnectionException: Unable to connect to Redis server: 127.0.0.1/127.0.0.1:16379
	at java.base/java.util.concurrent.CompletableFuture.reportGet(CompletableFuture.java:396)
	at java.base/java.util.concurrent.CompletableFuture.get(CompletableFuture.java:2096)
	at org.redisson.connection.MasterSlaveConnectionManager.doConnect(MasterSlaveConnectionManager.java:225)
	... 115 common frames omitted
Caused by: org.redisson.client.RedisConnectionException: Unable to connect to Redis server: 127.0.0.1/127.0.0.1:16379
	at org.redisson.connection.ConnectionsHolder.lambda$createConnection$1(ConnectionsHolder.java:183)
	at java.base/java.util.concurrent.CompletableFuture.uniWhenComplete(CompletableFuture.java:863)
	at java.base/java.util.concurrent.CompletableFuture$UniWhenComplete.tryFire(CompletableFuture.java:841)
	at java.base/java.util.concurrent.CompletableFuture.postComplete(CompletableFuture.java:510)
	at java.base/java.util.concurrent.CompletableFuture.completeExceptionally(CompletableFuture.java:2194)
	at org.redisson.connection.ConnectionsHolder.promiseFailure(ConnectionsHolder.java:218)
	at org.redisson.connection.ConnectionsHolder.lambda$createConnection$4(ConnectionsHolder.java:204)
	at java.base/java.util.concurrent.CompletableFuture.uniWhenComplete(CompletableFuture.java:863)
	at java.base/java.util.concurrent.CompletableFuture$UniWhenComplete.tryFire(CompletableFuture.java:841)
	at java.base/java.util.concurrent.CompletableFuture.postComplete(CompletableFuture.java:510)
	at java.base/java.util.concurrent.CompletableFuture.completeExceptionally(CompletableFuture.java:2194)
	at org.redisson.client.RedisClient$1$2.run(RedisClient.java:308)
	at io.netty.util.concurrent.AbstractEventExecutor.runTask(AbstractEventExecutor.java:174)
	at io.netty.util.concurrent.AbstractEventExecutor.safeExecute(AbstractEventExecutor.java:167)
	at io.netty.util.concurrent.SingleThreadEventExecutor.runAllTasks(SingleThreadEventExecutor.java:470)
	at io.netty.channel.nio.NioEventLoop.run(NioEventLoop.java:569)
	at io.netty.util.concurrent.SingleThreadEventExecutor$4.run(SingleThreadEventExecutor.java:997)
	at io.netty.util.internal.ThreadExecutorMap$2.run(ThreadExecutorMap.java:74)
	at io.netty.util.concurrent.FastThreadLocalRunnable.run(FastThreadLocalRunnable.java:30)
	at java.base/java.lang.Thread.run(Thread.java:1583)
Caused by: java.util.concurrent.CompletionException: io.netty.channel.AbstractChannel$AnnotatedConnectException: Connection refused: no further information: 127.0.0.1/127.0.0.1:16379
	at java.base/java.util.concurrent.CompletableFuture.encodeRelay(CompletableFuture.java:368)
	at java.base/java.util.concurrent.CompletableFuture.completeRelay(CompletableFuture.java:377)
	at java.base/java.util.concurrent.CompletableFuture$UniRelay.tryFire(CompletableFuture.java:1097)
	... 11 common frames omitted
Caused by: io.netty.channel.AbstractChannel$AnnotatedConnectException: Connection refused: no further information: 127.0.0.1/127.0.0.1:16379
Caused by: java.net.ConnectException: Connection refused: no further information
	at java.base/sun.nio.ch.Net.pollConnect(Native Method)
	at java.base/sun.nio.ch.Net.pollConnectNow(Net.java:682)
	at java.base/sun.nio.ch.SocketChannelImpl.finishConnect(SocketChannelImpl.java:973)
	at io.netty.channel.socket.nio.NioSocketChannel.doFinishConnect(NioSocketChannel.java:337)
	at io.netty.channel.nio.AbstractNioChannel$AbstractNioUnsafe.finishConnect(AbstractNioChannel.java:334)
	at io.netty.channel.nio.NioEventLoop.processSelectedKey(NioEventLoop.java:776)
	at io.netty.channel.nio.NioEventLoop.processSelectedKeysOptimized(NioEventLoop.java:724)
	at io.netty.channel.nio.NioEventLoop.processSelectedKeys(NioEventLoop.java:650)
	at io.netty.channel.nio.NioEventLoop.run(NioEventLoop.java:562)
	at io.netty.util.concurrent.SingleThreadEventExecutor$4.run(SingleThreadEventExecutor.java:997)
	at io.netty.util.internal.ThreadExecutorMap$2.run(ThreadExecutorMap.java:74)
	at io.netty.util.concurrent.FastThreadLocalRunnable.run(FastThreadLocalRunnable.java:30)
	at java.base/java.lang.Thread.run(Thread.java:1583)
25-04-22.19:48:34.247 [main            ] ERROR TestContextManager     - Caught exception while allowing TestExecutionListener [org.springframework.test.context.web.ServletTestExecutionListener@7fd50002] to prepare test instance [com.ztf.test.domain.activity.RaffleActivityAccountQuotaServiceTest@6ed51944]
java.lang.IllegalStateException: Failed to load ApplicationContext
	at org.springframework.test.context.cache.DefaultCacheAwareContextLoaderDelegate.loadContext(DefaultCacheAwareContextLoaderDelegate.java:98)
	at org.springframework.test.context.support.DefaultTestContext.getApplicationContext(DefaultTestContext.java:124)
	at org.springframework.test.context.web.ServletTestExecutionListener.setUpRequestContextIfNecessary(ServletTestExecutionListener.java:190)
	at org.springframework.test.context.web.ServletTestExecutionListener.prepareTestInstance(ServletTestExecutionListener.java:132)
	at org.springframework.test.context.TestContextManager.prepareTestInstance(TestContextManager.java:248)
	at org.springframework.test.context.junit4.SpringJUnit4ClassRunner.createTest(SpringJUnit4ClassRunner.java:227)
	at org.springframework.test.context.junit4.SpringJUnit4ClassRunner$1.runReflectiveCall(SpringJUnit4ClassRunner.java:289)
	at org.junit.internal.runners.model.ReflectiveCallable.run(ReflectiveCallable.java:12)
	at org.springframework.test.context.junit4.SpringJUnit4ClassRunner.methodBlock(SpringJUnit4ClassRunner.java:291)
	at org.springframework.test.context.junit4.SpringJUnit4ClassRunner.runChild(SpringJUnit4ClassRunner.java:246)
	at org.springframework.test.context.junit4.SpringJUnit4ClassRunner.runChild(SpringJUnit4ClassRunner.java:97)
	at org.junit.runners.ParentRunner$4.run(ParentRunner.java:331)
	at org.junit.runners.ParentRunner$1.schedule(ParentRunner.java:79)
	at org.junit.runners.ParentRunner.runChildren(ParentRunner.java:329)
	at org.junit.runners.ParentRunner.access$100(ParentRunner.java:66)
	at org.junit.runners.ParentRunner$2.evaluate(ParentRunner.java:293)
	at org.springframework.test.context.junit4.statements.RunBeforeTestClassCallbacks.evaluate(RunBeforeTestClassCallbacks.java:61)
	at org.springframework.test.context.junit4.statements.RunAfterTestClassCallbacks.evaluate(RunAfterTestClassCallbacks.java:70)
	at org.junit.runners.ParentRunner$3.evaluate(ParentRunner.java:306)
	at org.junit.runners.ParentRunner.run(ParentRunner.java:413)
	at org.springframework.test.context.junit4.SpringJUnit4ClassRunner.run(SpringJUnit4ClassRunner.java:190)
	at org.junit.runner.JUnitCore.run(JUnitCore.java:137)
	at com.intellij.junit4.JUnit4IdeaTestRunner.startRunnerWithArgs(JUnit4IdeaTestRunner.java:69)
	at com.intellij.rt.junit.IdeaTestRunner$Repeater$1.execute(IdeaTestRunner.java:38)
	at com.intellij.rt.execution.junit.TestsRepeater.repeat(TestsRepeater.java:11)
	at com.intellij.rt.junit.IdeaTestRunner$Repeater.startRunnerWithArgs(IdeaTestRunner.java:35)
	at com.intellij.rt.junit.JUnitStarter.prepareStreamsAndStart(JUnitStarter.java:232)
	at com.intellij.rt.junit.JUnitStarter.main(JUnitStarter.java:55)
Caused by: org.springframework.beans.factory.BeanCreationException: Error creating bean with name 'raffleActivityController': Injection of resource dependencies failed; nested exception is org.springframework.beans.factory.UnsatisfiedDependencyException: Error creating bean with name 'raffleActivityPartakeService' defined in file [D:\javacode\marketing_platform\big-market-ztf\big-market\big-market-domain\target\classes\com\ztf\domain\activity\service\partake\RaffleActivityPartakeService.class]: Unsatisfied dependency expressed through constructor parameter 0; nested exception is org.springframework.beans.factory.BeanCreationException: Error creating bean with name 'activityRepository': Injection of resource dependencies failed; nested exception is org.springframework.beans.factory.BeanCreationException: Error creating bean with name 'redissonService': Injection of resource dependencies failed; nested exception is org.springframework.beans.factory.BeanCreationException: Error creating bean with name 'redissonClient' defined in class path resource [com/ztf/config/RedisClientConfig.class]: Bean instantiation via factory method failed; nested exception is org.springframework.beans.BeanInstantiationException: Failed to instantiate [org.redisson.api.RedissonClient]: Factory method 'redissonClient' threw exception; nested exception is org.redisson.client.RedisConnectionException: java.util.concurrent.ExecutionException: org.redisson.client.RedisConnectionException: Unable to connect to Redis server: 127.0.0.1/127.0.0.1:16379
	at org.springframework.context.annotation.CommonAnnotationBeanPostProcessor.postProcessProperties(CommonAnnotationBeanPostProcessor.java:332)
	at org.springframework.beans.factory.support.AbstractAutowireCapableBeanFactory.populateBean(AbstractAutowireCapableBeanFactory.java:1431)
	at org.springframework.beans.factory.support.AbstractAutowireCapableBeanFactory.doCreateBean(AbstractAutowireCapableBeanFactory.java:619)
	at org.springframework.beans.factory.support.AbstractAutowireCapableBeanFactory.createBean(AbstractAutowireCapableBeanFactory.java:542)
	at org.springframework.beans.factory.support.AbstractBeanFactory.lambda$doGetBean$0(AbstractBeanFactory.java:335)
	at org.springframework.beans.factory.support.DefaultSingletonBeanRegistry.getSingleton(DefaultSingletonBeanRegistry.java:234)
	at org.springframework.beans.factory.support.AbstractBeanFactory.doGetBean(AbstractBeanFactory.java:333)
	at org.springframework.beans.factory.support.AbstractBeanFactory.getBean(AbstractBeanFactory.java:208)
	at org.springframework.beans.factory.support.DefaultListableBeanFactory.preInstantiateSingletons(DefaultListableBeanFactory.java:955)
	at org.springframework.context.support.AbstractApplicationContext.finishBeanFactoryInitialization(AbstractApplicationContext.java:920)
	at org.springframework.context.support.AbstractApplicationContext.refresh(AbstractApplicationContext.java:583)
	at org.springframework.boot.SpringApplication.refresh(SpringApplication.java:731)
	at org.springframework.boot.SpringApplication.refreshContext(SpringApplication.java:408)
	at org.springframework.boot.SpringApplication.run(SpringApplication.java:307)
	at org.springframework.boot.test.context.SpringBootContextLoader.loadContext(SpringBootContextLoader.java:136)
	at org.springframework.test.context.cache.DefaultCacheAwareContextLoaderDelegate.loadContextInternal(DefaultCacheAwareContextLoaderDelegate.java:141)
	at org.springframework.test.context.cache.DefaultCacheAwareContextLoaderDelegate.loadContext(DefaultCacheAwareContextLoaderDelegate.java:90)
	... 27 common frames omitted
Caused by: org.springframework.beans.factory.UnsatisfiedDependencyException: Error creating bean with name 'raffleActivityPartakeService' defined in file [D:\javacode\marketing_platform\big-market-ztf\big-market\big-market-domain\target\classes\com\ztf\domain\activity\service\partake\RaffleActivityPartakeService.class]: Unsatisfied dependency expressed through constructor parameter 0; nested exception is org.springframework.beans.factory.BeanCreationException: Error creating bean with name 'activityRepository': Injection of resource dependencies failed; nested exception is org.springframework.beans.factory.BeanCreationException: Error creating bean with name 'redissonService': Injection of resource dependencies failed; nested exception is org.springframework.beans.factory.BeanCreationException: Error creating bean with name 'redissonClient' defined in class path resource [com/ztf/config/RedisClientConfig.class]: Bean instantiation via factory method failed; nested exception is org.springframework.beans.BeanInstantiationException: Failed to instantiate [org.redisson.api.RedissonClient]: Factory method 'redissonClient' threw exception; nested exception is org.redisson.client.RedisConnectionException: java.util.concurrent.ExecutionException: org.redisson.client.RedisConnectionException: Unable to connect to Redis server: 127.0.0.1/127.0.0.1:16379
	at org.springframework.beans.factory.support.ConstructorResolver.createArgumentArray(ConstructorResolver.java:800)
	at org.springframework.beans.factory.support.ConstructorResolver.autowireConstructor(ConstructorResolver.java:229)
	at org.springframework.beans.factory.support.AbstractAutowireCapableBeanFactory.autowireConstructor(AbstractAutowireCapableBeanFactory.java:1372)
	at org.springframework.beans.factory.support.AbstractAutowireCapableBeanFactory.createBeanInstance(AbstractAutowireCapableBeanFactory.java:1222)
	at org.springframework.beans.factory.support.AbstractAutowireCapableBeanFactory.doCreateBean(AbstractAutowireCapableBeanFactory.java:582)
	at org.springframework.beans.factory.support.AbstractAutowireCapableBeanFactory.createBean(AbstractAutowireCapableBeanFactory.java:542)
	at org.springframework.beans.factory.support.AbstractBeanFactory.lambda$doGetBean$0(AbstractBeanFactory.java:335)
	at org.springframework.beans.factory.support.DefaultSingletonBeanRegistry.getSingleton(DefaultSingletonBeanRegistry.java:234)
	at org.springframework.beans.factory.support.AbstractBeanFactory.doGetBean(AbstractBeanFactory.java:333)
	at org.springframework.beans.factory.support.AbstractBeanFactory.getBean(AbstractBeanFactory.java:213)
	at org.springframework.beans.factory.support.AbstractAutowireCapableBeanFactory.resolveBeanByName(AbstractAutowireCapableBeanFactory.java:479)
	at org.springframework.context.annotation.CommonAnnotationBeanPostProcessor.autowireResource(CommonAnnotationBeanPostProcessor.java:550)
	at org.springframework.context.annotation.CommonAnnotationBeanPostProcessor.getResource(CommonAnnotationBeanPostProcessor.java:520)
	at org.springframework.context.annotation.CommonAnnotationBeanPostProcessor$ResourceElement.getResourceToInject(CommonAnnotationBeanPostProcessor.java:673)
	at org.springframework.beans.factory.annotation.InjectionMetadata$InjectedElement.inject(InjectionMetadata.java:228)
	at org.springframework.beans.factory.annotation.InjectionMetadata.inject(InjectionMetadata.java:119)
	at org.springframework.context.annotation.CommonAnnotationBeanPostProcessor.postProcessProperties(CommonAnnotationBeanPostProcessor.java:329)
	... 43 common frames omitted
Caused by: org.springframework.beans.factory.BeanCreationException: Error creating bean with name 'activityRepository': Injection of resource dependencies failed; nested exception is org.springframework.beans.factory.BeanCreationException: Error creating bean with name 'redissonService': Injection of resource dependencies failed; nested exception is org.springframework.beans.factory.BeanCreationException: Error creating bean with name 'redissonClient' defined in class path resource [com/ztf/config/RedisClientConfig.class]: Bean instantiation via factory method failed; nested exception is org.springframework.beans.BeanInstantiationException: Failed to instantiate [org.redisson.api.RedissonClient]: Factory method 'redissonClient' threw exception; nested exception is org.redisson.client.RedisConnectionException: java.util.concurrent.ExecutionException: org.redisson.client.RedisConnectionException: Unable to connect to Redis server: 127.0.0.1/127.0.0.1:16379
	at org.springframework.context.annotation.CommonAnnotationBeanPostProcessor.postProcessProperties(CommonAnnotationBeanPostProcessor.java:332)
	at org.springframework.beans.factory.support.AbstractAutowireCapableBeanFactory.populateBean(AbstractAutowireCapableBeanFactory.java:1431)
	at org.springframework.beans.factory.support.AbstractAutowireCapableBeanFactory.doCreateBean(AbstractAutowireCapableBeanFactory.java:619)
	at org.springframework.beans.factory.support.AbstractAutowireCapableBeanFactory.createBean(AbstractAutowireCapableBeanFactory.java:542)
	at org.springframework.beans.factory.support.AbstractBeanFactory.lambda$doGetBean$0(AbstractBeanFactory.java:335)
	at org.springframework.beans.factory.support.DefaultSingletonBeanRegistry.getSingleton(DefaultSingletonBeanRegistry.java:234)
	at org.springframework.beans.factory.support.AbstractBeanFactory.doGetBean(AbstractBeanFactory.java:333)
	at org.springframework.beans.factory.support.AbstractBeanFactory.getBean(AbstractBeanFactory.java:208)
	at org.springframework.beans.factory.config.DependencyDescriptor.resolveCandidate(DependencyDescriptor.java:276)
	at org.springframework.beans.factory.support.DefaultListableBeanFactory.doResolveDependency(DefaultListableBeanFactory.java:1391)
	at org.springframework.beans.factory.support.DefaultListableBeanFactory.resolveDependency(DefaultListableBeanFactory.java:1311)
	at org.springframework.beans.factory.support.ConstructorResolver.resolveAutowiredArgument(ConstructorResolver.java:887)
	at org.springframework.beans.factory.support.ConstructorResolver.createArgumentArray(ConstructorResolver.java:791)
	... 59 common frames omitted
Caused by: org.springframework.beans.factory.BeanCreationException: Error creating bean with name 'redissonService': Injection of resource dependencies failed; nested exception is org.springframework.beans.factory.BeanCreationException: Error creating bean with name 'redissonClient' defined in class path resource [com/ztf/config/RedisClientConfig.class]: Bean instantiation via factory method failed; nested exception is org.springframework.beans.BeanInstantiationException: Failed to instantiate [org.redisson.api.RedissonClient]: Factory method 'redissonClient' threw exception; nested exception is org.redisson.client.RedisConnectionException: java.util.concurrent.ExecutionException: org.redisson.client.RedisConnectionException: Unable to connect to Redis server: 127.0.0.1/127.0.0.1:16379
	at org.springframework.context.annotation.CommonAnnotationBeanPostProcessor.postProcessProperties(CommonAnnotationBeanPostProcessor.java:332)
	at org.springframework.beans.factory.support.AbstractAutowireCapableBeanFactory.populateBean(AbstractAutowireCapableBeanFactory.java:1431)
	at org.springframework.beans.factory.support.AbstractAutowireCapableBeanFactory.doCreateBean(AbstractAutowireCapableBeanFactory.java:619)
	at org.springframework.beans.factory.support.AbstractAutowireCapableBeanFactory.createBean(AbstractAutowireCapableBeanFactory.java:542)
	at org.springframework.beans.factory.support.AbstractBeanFactory.lambda$doGetBean$0(AbstractBeanFactory.java:335)
	at org.springframework.beans.factory.support.DefaultSingletonBeanRegistry.getSingleton(DefaultSingletonBeanRegistry.java:234)
	at org.springframework.beans.factory.support.AbstractBeanFactory.doGetBean(AbstractBeanFactory.java:333)
	at org.springframework.beans.factory.support.AbstractBeanFactory.getBean(AbstractBeanFactory.java:213)
	at org.springframework.beans.factory.support.AbstractAutowireCapableBeanFactory.resolveBeanByName(AbstractAutowireCapableBeanFactory.java:479)
	at org.springframework.context.annotation.CommonAnnotationBeanPostProcessor.autowireResource(CommonAnnotationBeanPostProcessor.java:550)
	at org.springframework.context.annotation.CommonAnnotationBeanPostProcessor.getResource(CommonAnnotationBeanPostProcessor.java:520)
	at org.springframework.context.annotation.CommonAnnotationBeanPostProcessor$ResourceElement.getResourceToInject(CommonAnnotationBeanPostProcessor.java:673)
	at org.springframework.beans.factory.annotation.InjectionMetadata$InjectedElement.inject(InjectionMetadata.java:228)
	at org.springframework.beans.factory.annotation.InjectionMetadata.inject(InjectionMetadata.java:119)
	at org.springframework.context.annotation.CommonAnnotationBeanPostProcessor.postProcessProperties(CommonAnnotationBeanPostProcessor.java:329)
	... 71 common frames omitted
Caused by: org.springframework.beans.factory.BeanCreationException: Error creating bean with name 'redissonClient' defined in class path resource [com/ztf/config/RedisClientConfig.class]: Bean instantiation via factory method failed; nested exception is org.springframework.beans.BeanInstantiationException: Failed to instantiate [org.redisson.api.RedissonClient]: Factory method 'redissonClient' threw exception; nested exception is org.redisson.client.RedisConnectionException: java.util.concurrent.ExecutionException: org.redisson.client.RedisConnectionException: Unable to connect to Redis server: 127.0.0.1/127.0.0.1:16379
	at org.springframework.beans.factory.support.ConstructorResolver.instantiate(ConstructorResolver.java:658)
	at org.springframework.beans.factory.support.ConstructorResolver.instantiateUsingFactoryMethod(ConstructorResolver.java:638)
	at org.springframework.beans.factory.support.AbstractAutowireCapableBeanFactory.instantiateUsingFactoryMethod(AbstractAutowireCapableBeanFactory.java:1352)
	at org.springframework.beans.factory.support.AbstractAutowireCapableBeanFactory.createBeanInstance(AbstractAutowireCapableBeanFactory.java:1195)
	at org.springframework.beans.factory.support.AbstractAutowireCapableBeanFactory.doCreateBean(AbstractAutowireCapableBeanFactory.java:582)
	at org.springframework.beans.factory.support.AbstractAutowireCapableBeanFactory.createBean(AbstractAutowireCapableBeanFactory.java:542)
	at org.springframework.beans.factory.support.AbstractBeanFactory.lambda$doGetBean$0(AbstractBeanFactory.java:335)
	at org.springframework.beans.factory.support.DefaultSingletonBeanRegistry.getSingleton(DefaultSingletonBeanRegistry.java:234)
	at org.springframework.beans.factory.support.AbstractBeanFactory.doGetBean(AbstractBeanFactory.java:333)
	at org.springframework.beans.factory.support.AbstractBeanFactory.getBean(AbstractBeanFactory.java:213)
	at org.springframework.beans.factory.support.AbstractAutowireCapableBeanFactory.resolveBeanByName(AbstractAutowireCapableBeanFactory.java:479)
	at org.springframework.context.annotation.CommonAnnotationBeanPostProcessor.autowireResource(CommonAnnotationBeanPostProcessor.java:550)
	at org.springframework.context.annotation.CommonAnnotationBeanPostProcessor.getResource(CommonAnnotationBeanPostProcessor.java:520)
	at org.springframework.context.annotation.CommonAnnotationBeanPostProcessor$ResourceElement.getResourceToInject(CommonAnnotationBeanPostProcessor.java:673)
	at org.springframework.beans.factory.annotation.InjectionMetadata$InjectedElement.inject(InjectionMetadata.java:228)
	at org.springframework.beans.factory.annotation.InjectionMetadata.inject(InjectionMetadata.java:119)
	at org.springframework.context.annotation.CommonAnnotationBeanPostProcessor.postProcessProperties(CommonAnnotationBeanPostProcessor.java:329)
	... 85 common frames omitted
Caused by: org.springframework.beans.BeanInstantiationException: Failed to instantiate [org.redisson.api.RedissonClient]: Factory method 'redissonClient' threw exception; nested exception is org.redisson.client.RedisConnectionException: java.util.concurrent.ExecutionException: org.redisson.client.RedisConnectionException: Unable to connect to Redis server: 127.0.0.1/127.0.0.1:16379
	at org.springframework.beans.factory.support.SimpleInstantiationStrategy.instantiate(SimpleInstantiationStrategy.java:185)
	at org.springframework.beans.factory.support.ConstructorResolver.instantiate(ConstructorResolver.java:653)
	... 101 common frames omitted
Caused by: org.redisson.client.RedisConnectionException: java.util.concurrent.ExecutionException: org.redisson.client.RedisConnectionException: Unable to connect to Redis server: 127.0.0.1/127.0.0.1:16379
	at org.redisson.connection.MasterSlaveConnectionManager.doConnect(MasterSlaveConnectionManager.java:229)
	at org.redisson.connection.MasterSlaveConnectionManager.connect(MasterSlaveConnectionManager.java:196)
	at org.redisson.config.ConfigSupport.createConnectionManager(ConfigSupport.java:220)
	at org.redisson.Redisson.<init>(Redisson.java:71)
	at org.redisson.Redisson.create(Redisson.java:116)
	at com.ztf.config.RedisClientConfig.redissonClient(RedisClientConfig.java:50)
	at com.ztf.config.RedisClientConfig$$EnhancerBySpringCGLIB$$ac32e051.CGLIB$redissonClient$0(<generated>)
	at com.ztf.config.RedisClientConfig$$EnhancerBySpringCGLIB$$ac32e051$$FastClassBySpringCGLIB$$e4eada96.invoke(<generated>)
	at org.springframework.cglib.proxy.MethodProxy.invokeSuper(MethodProxy.java:244)
	at org.springframework.context.annotation.ConfigurationClassEnhancer$BeanMethodInterceptor.intercept(ConfigurationClassEnhancer.java:331)
	at com.ztf.config.RedisClientConfig$$EnhancerBySpringCGLIB$$ac32e051.redissonClient(<generated>)
	at java.base/jdk.internal.reflect.DirectMethodHandleAccessor.invoke(DirectMethodHandleAccessor.java:103)
	at java.base/java.lang.reflect.Method.invoke(Method.java:580)
	at org.springframework.beans.factory.support.SimpleInstantiationStrategy.instantiate(SimpleInstantiationStrategy.java:154)
	... 102 common frames omitted
Caused by: java.util.concurrent.ExecutionException: org.redisson.client.RedisConnectionException: Unable to connect to Redis server: 127.0.0.1/127.0.0.1:16379
	at java.base/java.util.concurrent.CompletableFuture.reportGet(CompletableFuture.java:396)
	at java.base/java.util.concurrent.CompletableFuture.get(CompletableFuture.java:2096)
	at org.redisson.connection.MasterSlaveConnectionManager.doConnect(MasterSlaveConnectionManager.java:225)
	... 115 common frames omitted
Caused by: org.redisson.client.RedisConnectionException: Unable to connect to Redis server: 127.0.0.1/127.0.0.1:16379
	at org.redisson.connection.ConnectionsHolder.lambda$createConnection$1(ConnectionsHolder.java:183)
	at java.base/java.util.concurrent.CompletableFuture.uniWhenComplete(CompletableFuture.java:863)
	at java.base/java.util.concurrent.CompletableFuture$UniWhenComplete.tryFire(CompletableFuture.java:841)
	at java.base/java.util.concurrent.CompletableFuture.postComplete(CompletableFuture.java:510)
	at java.base/java.util.concurrent.CompletableFuture.completeExceptionally(CompletableFuture.java:2194)
	at org.redisson.connection.ConnectionsHolder.promiseFailure(ConnectionsHolder.java:218)
	at org.redisson.connection.ConnectionsHolder.lambda$createConnection$4(ConnectionsHolder.java:204)
	at java.base/java.util.concurrent.CompletableFuture.uniWhenComplete(CompletableFuture.java:863)
	at java.base/java.util.concurrent.CompletableFuture$UniWhenComplete.tryFire(CompletableFuture.java:841)
	at java.base/java.util.concurrent.CompletableFuture.postComplete(CompletableFuture.java:510)
	at java.base/java.util.concurrent.CompletableFuture.completeExceptionally(CompletableFuture.java:2194)
	at org.redisson.client.RedisClient$1$2.run(RedisClient.java:308)
	at io.netty.util.concurrent.AbstractEventExecutor.runTask(AbstractEventExecutor.java:174)
	at io.netty.util.concurrent.AbstractEventExecutor.safeExecute(AbstractEventExecutor.java:167)
	at io.netty.util.concurrent.SingleThreadEventExecutor.runAllTasks(SingleThreadEventExecutor.java:470)
	at io.netty.channel.nio.NioEventLoop.run(NioEventLoop.java:569)
	at io.netty.util.concurrent.SingleThreadEventExecutor$4.run(SingleThreadEventExecutor.java:997)
	at io.netty.util.internal.ThreadExecutorMap$2.run(ThreadExecutorMap.java:74)
	at io.netty.util.concurrent.FastThreadLocalRunnable.run(FastThreadLocalRunnable.java:30)
	at java.base/java.lang.Thread.run(Thread.java:1583)
Caused by: java.util.concurrent.CompletionException: io.netty.channel.AbstractChannel$AnnotatedConnectException: Connection refused: no further information: 127.0.0.1/127.0.0.1:16379
	at java.base/java.util.concurrent.CompletableFuture.encodeRelay(CompletableFuture.java:368)
	at java.base/java.util.concurrent.CompletableFuture.completeRelay(CompletableFuture.java:377)
	at java.base/java.util.concurrent.CompletableFuture$UniRelay.tryFire(CompletableFuture.java:1097)
	... 11 common frames omitted
Caused by: io.netty.channel.AbstractChannel$AnnotatedConnectException: Connection refused: no further information: 127.0.0.1/127.0.0.1:16379
Caused by: java.net.ConnectException: Connection refused: no further information
	at java.base/sun.nio.ch.Net.pollConnect(Native Method)
	at java.base/sun.nio.ch.Net.pollConnectNow(Net.java:682)
	at java.base/sun.nio.ch.SocketChannelImpl.finishConnect(SocketChannelImpl.java:973)
	at io.netty.channel.socket.nio.NioSocketChannel.doFinishConnect(NioSocketChannel.java:337)
	at io.netty.channel.nio.AbstractNioChannel$AbstractNioUnsafe.finishConnect(AbstractNioChannel.java:334)
	at io.netty.channel.nio.NioEventLoop.processSelectedKey(NioEventLoop.java:776)
	at io.netty.channel.nio.NioEventLoop.processSelectedKeysOptimized(NioEventLoop.java:724)
	at io.netty.channel.nio.NioEventLoop.processSelectedKeys(NioEventLoop.java:650)
	at io.netty.channel.nio.NioEventLoop.run(NioEventLoop.java:562)
	at io.netty.util.concurrent.SingleThreadEventExecutor$4.run(SingleThreadEventExecutor.java:997)
	at io.netty.util.internal.ThreadExecutorMap$2.run(ThreadExecutorMap.java:74)
	at io.netty.util.concurrent.FastThreadLocalRunnable.run(FastThreadLocalRunnable.java:30)
	at java.base/java.lang.Thread.run(Thread.java:1583)
25-04-22.19:56:59.424 [main            ] INFO  RaffleActivityAccountQuotaServiceTest - Starting RaffleActivityAccountQuotaServiceTest using Java 21.0.1 on LAPTOP-EPDR54BH with PID 7620 (started by Saber in D:\javacode\marketing_platform\big-market-ztf\big-market\big-market-app)
25-04-22.19:56:59.425 [main            ] INFO  RaffleActivityAccountQuotaServiceTest - The following 1 profile is active: "dev"
25-04-22.19:57:00.656 [main            ] INFO  RepositoryConfigurationDelegate - Multiple Spring Data modules found, entering strict repository configuration mode
25-04-22.19:57:00.659 [main            ] INFO  RepositoryConfigurationDelegate - Bootstrapping Spring Data Redis repositories in DEFAULT mode.
25-04-22.19:57:00.717 [main            ] INFO  RepositoryConfigurationDelegate - Finished Spring Data repository scanning in 42 ms. Found 0 Redis repository interfaces.
25-04-22.19:57:01.953 [main            ] INFO  Version                - Redisson 3.26.0
25-04-22.19:57:02.385 [redisson-netty-1-5] INFO  ConnectionsHolder      - 1 connections initialized for 127.0.0.1/127.0.0.1:16379
25-04-22.19:57:02.414 [redisson-netty-1-13] INFO  ConnectionsHolder      - 5 connections initialized for 127.0.0.1/127.0.0.1:16379
25-04-22.19:57:02.952 [main            ] WARN  GenericWebApplicationContext - Exception encountered during context initialization - cancelling refresh attempt: org.springframework.beans.factory.BeanCreationException: Error creating bean with name 'raffleActivityController': Injection of resource dependencies failed; nested exception is org.springframework.beans.factory.UnsatisfiedDependencyException: Error creating bean with name 'raffleActivityPartakeService' defined in file [D:\javacode\marketing_platform\big-market-ztf\big-market\big-market-domain\target\classes\com\ztf\domain\activity\service\partake\RaffleActivityPartakeService.class]: Unsatisfied dependency expressed through constructor parameter 0; nested exception is org.springframework.beans.factory.BeanCreationException: Error creating bean with name 'activityRepository': Injection of resource dependencies failed; nested exception is org.springframework.beans.factory.UnsatisfiedDependencyException: Error creating bean with name 'IRaffleActivitySkuDao' defined in file [D:\javacode\marketing_platform\big-market-ztf\big-market\big-market-infrastructure\target\classes\com\ztf\infrastructure\persistent\dao\IRaffleActivitySkuDao.class]: Unsatisfied dependency expressed through bean property 'sqlSessionFactory'; nested exception is org.springframework.beans.factory.BeanCreationException: Error creating bean with name 'sqlSessionFactory' defined in class path resource [org/mybatis/spring/boot/autoconfigure/MybatisAutoConfiguration.class]: Bean instantiation via factory method failed; nested exception is org.springframework.beans.BeanInstantiationException: Failed to instantiate [org.apache.ibatis.session.SqlSessionFactory]: Factory method 'sqlSessionFactory' threw exception; nested exception is org.springframework.core.NestedIOException: Failed to parse mapping resource: 'file [D:\javacode\marketing_platform\big-market-ztf\big-market\big-market-app\target\classes\mybatis\mapper\user_credit_account_mapper.xml]'; nested exception is org.apache.ibatis.builder.BuilderException: Error parsing Mapper XML. The XML location is 'file [D:\javacode\marketing_platform\big-market-ztf\big-market\big-market-app\target\classes\mybatis\mapper\user_credit_account_mapper.xml]'. Cause: org.apache.ibatis.builder.BuilderException: Error resolving class. Cause: org.apache.ibatis.type.TypeException: Could not resolve type alias 'com.ztf.infrastructure.persistent.po.UserAwardAccount'.  Cause: java.lang.ClassNotFoundException: Cannot find class: com.ztf.infrastructure.persistent.po.UserAwardAccount
25-04-22.19:57:02.986 [main            ] INFO  ConditionEvaluationReportLoggingListener - 

Error starting ApplicationContext. To display the conditions report re-run your application with 'debug' enabled.
25-04-22.19:57:03.009 [main            ] ERROR SpringApplication      - Application run failed
org.springframework.beans.factory.BeanCreationException: Error creating bean with name 'raffleActivityController': Injection of resource dependencies failed; nested exception is org.springframework.beans.factory.UnsatisfiedDependencyException: Error creating bean with name 'raffleActivityPartakeService' defined in file [D:\javacode\marketing_platform\big-market-ztf\big-market\big-market-domain\target\classes\com\ztf\domain\activity\service\partake\RaffleActivityPartakeService.class]: Unsatisfied dependency expressed through constructor parameter 0; nested exception is org.springframework.beans.factory.BeanCreationException: Error creating bean with name 'activityRepository': Injection of resource dependencies failed; nested exception is org.springframework.beans.factory.UnsatisfiedDependencyException: Error creating bean with name 'IRaffleActivitySkuDao' defined in file [D:\javacode\marketing_platform\big-market-ztf\big-market\big-market-infrastructure\target\classes\com\ztf\infrastructure\persistent\dao\IRaffleActivitySkuDao.class]: Unsatisfied dependency expressed through bean property 'sqlSessionFactory'; nested exception is org.springframework.beans.factory.BeanCreationException: Error creating bean with name 'sqlSessionFactory' defined in class path resource [org/mybatis/spring/boot/autoconfigure/MybatisAutoConfiguration.class]: Bean instantiation via factory method failed; nested exception is org.springframework.beans.BeanInstantiationException: Failed to instantiate [org.apache.ibatis.session.SqlSessionFactory]: Factory method 'sqlSessionFactory' threw exception; nested exception is org.springframework.core.NestedIOException: Failed to parse mapping resource: 'file [D:\javacode\marketing_platform\big-market-ztf\big-market\big-market-app\target\classes\mybatis\mapper\user_credit_account_mapper.xml]'; nested exception is org.apache.ibatis.builder.BuilderException: Error parsing Mapper XML. The XML location is 'file [D:\javacode\marketing_platform\big-market-ztf\big-market\big-market-app\target\classes\mybatis\mapper\user_credit_account_mapper.xml]'. Cause: org.apache.ibatis.builder.BuilderException: Error resolving class. Cause: org.apache.ibatis.type.TypeException: Could not resolve type alias 'com.ztf.infrastructure.persistent.po.UserAwardAccount'.  Cause: java.lang.ClassNotFoundException: Cannot find class: com.ztf.infrastructure.persistent.po.UserAwardAccount
	at org.springframework.context.annotation.CommonAnnotationBeanPostProcessor.postProcessProperties(CommonAnnotationBeanPostProcessor.java:332)
	at org.springframework.beans.factory.support.AbstractAutowireCapableBeanFactory.populateBean(AbstractAutowireCapableBeanFactory.java:1431)
	at org.springframework.beans.factory.support.AbstractAutowireCapableBeanFactory.doCreateBean(AbstractAutowireCapableBeanFactory.java:619)
	at org.springframework.beans.factory.support.AbstractAutowireCapableBeanFactory.createBean(AbstractAutowireCapableBeanFactory.java:542)
	at org.springframework.beans.factory.support.AbstractBeanFactory.lambda$doGetBean$0(AbstractBeanFactory.java:335)
	at org.springframework.beans.factory.support.DefaultSingletonBeanRegistry.getSingleton(DefaultSingletonBeanRegistry.java:234)
	at org.springframework.beans.factory.support.AbstractBeanFactory.doGetBean(AbstractBeanFactory.java:333)
	at org.springframework.beans.factory.support.AbstractBeanFactory.getBean(AbstractBeanFactory.java:208)
	at org.springframework.beans.factory.support.DefaultListableBeanFactory.preInstantiateSingletons(DefaultListableBeanFactory.java:955)
	at org.springframework.context.support.AbstractApplicationContext.finishBeanFactoryInitialization(AbstractApplicationContext.java:920)
	at org.springframework.context.support.AbstractApplicationContext.refresh(AbstractApplicationContext.java:583)
	at org.springframework.boot.SpringApplication.refresh(SpringApplication.java:731)
	at org.springframework.boot.SpringApplication.refreshContext(SpringApplication.java:408)
	at org.springframework.boot.SpringApplication.run(SpringApplication.java:307)
	at org.springframework.boot.test.context.SpringBootContextLoader.loadContext(SpringBootContextLoader.java:136)
	at org.springframework.test.context.cache.DefaultCacheAwareContextLoaderDelegate.loadContextInternal(DefaultCacheAwareContextLoaderDelegate.java:141)
	at org.springframework.test.context.cache.DefaultCacheAwareContextLoaderDelegate.loadContext(DefaultCacheAwareContextLoaderDelegate.java:90)
	at org.springframework.test.context.support.DefaultTestContext.getApplicationContext(DefaultTestContext.java:124)
	at org.springframework.test.context.web.ServletTestExecutionListener.setUpRequestContextIfNecessary(ServletTestExecutionListener.java:190)
	at org.springframework.test.context.web.ServletTestExecutionListener.prepareTestInstance(ServletTestExecutionListener.java:132)
	at org.springframework.test.context.TestContextManager.prepareTestInstance(TestContextManager.java:248)
	at org.springframework.test.context.junit4.SpringJUnit4ClassRunner.createTest(SpringJUnit4ClassRunner.java:227)
	at org.springframework.test.context.junit4.SpringJUnit4ClassRunner$1.runReflectiveCall(SpringJUnit4ClassRunner.java:289)
	at org.junit.internal.runners.model.ReflectiveCallable.run(ReflectiveCallable.java:12)
	at org.springframework.test.context.junit4.SpringJUnit4ClassRunner.methodBlock(SpringJUnit4ClassRunner.java:291)
	at org.springframework.test.context.junit4.SpringJUnit4ClassRunner.runChild(SpringJUnit4ClassRunner.java:246)
	at org.springframework.test.context.junit4.SpringJUnit4ClassRunner.runChild(SpringJUnit4ClassRunner.java:97)
	at org.junit.runners.ParentRunner$4.run(ParentRunner.java:331)
	at org.junit.runners.ParentRunner$1.schedule(ParentRunner.java:79)
	at org.junit.runners.ParentRunner.runChildren(ParentRunner.java:329)
	at org.junit.runners.ParentRunner.access$100(ParentRunner.java:66)
	at org.junit.runners.ParentRunner$2.evaluate(ParentRunner.java:293)
	at org.springframework.test.context.junit4.statements.RunBeforeTestClassCallbacks.evaluate(RunBeforeTestClassCallbacks.java:61)
	at org.springframework.test.context.junit4.statements.RunAfterTestClassCallbacks.evaluate(RunAfterTestClassCallbacks.java:70)
	at org.junit.runners.ParentRunner$3.evaluate(ParentRunner.java:306)
	at org.junit.runners.ParentRunner.run(ParentRunner.java:413)
	at org.springframework.test.context.junit4.SpringJUnit4ClassRunner.run(SpringJUnit4ClassRunner.java:190)
	at org.junit.runner.JUnitCore.run(JUnitCore.java:137)
	at com.intellij.junit4.JUnit4IdeaTestRunner.startRunnerWithArgs(JUnit4IdeaTestRunner.java:69)
	at com.intellij.rt.junit.IdeaTestRunner$Repeater$1.execute(IdeaTestRunner.java:38)
	at com.intellij.rt.execution.junit.TestsRepeater.repeat(TestsRepeater.java:11)
	at com.intellij.rt.junit.IdeaTestRunner$Repeater.startRunnerWithArgs(IdeaTestRunner.java:35)
	at com.intellij.rt.junit.JUnitStarter.prepareStreamsAndStart(JUnitStarter.java:232)
	at com.intellij.rt.junit.JUnitStarter.main(JUnitStarter.java:55)
Caused by: org.springframework.beans.factory.UnsatisfiedDependencyException: Error creating bean with name 'raffleActivityPartakeService' defined in file [D:\javacode\marketing_platform\big-market-ztf\big-market\big-market-domain\target\classes\com\ztf\domain\activity\service\partake\RaffleActivityPartakeService.class]: Unsatisfied dependency expressed through constructor parameter 0; nested exception is org.springframework.beans.factory.BeanCreationException: Error creating bean with name 'activityRepository': Injection of resource dependencies failed; nested exception is org.springframework.beans.factory.UnsatisfiedDependencyException: Error creating bean with name 'IRaffleActivitySkuDao' defined in file [D:\javacode\marketing_platform\big-market-ztf\big-market\big-market-infrastructure\target\classes\com\ztf\infrastructure\persistent\dao\IRaffleActivitySkuDao.class]: Unsatisfied dependency expressed through bean property 'sqlSessionFactory'; nested exception is org.springframework.beans.factory.BeanCreationException: Error creating bean with name 'sqlSessionFactory' defined in class path resource [org/mybatis/spring/boot/autoconfigure/MybatisAutoConfiguration.class]: Bean instantiation via factory method failed; nested exception is org.springframework.beans.BeanInstantiationException: Failed to instantiate [org.apache.ibatis.session.SqlSessionFactory]: Factory method 'sqlSessionFactory' threw exception; nested exception is org.springframework.core.NestedIOException: Failed to parse mapping resource: 'file [D:\javacode\marketing_platform\big-market-ztf\big-market\big-market-app\target\classes\mybatis\mapper\user_credit_account_mapper.xml]'; nested exception is org.apache.ibatis.builder.BuilderException: Error parsing Mapper XML. The XML location is 'file [D:\javacode\marketing_platform\big-market-ztf\big-market\big-market-app\target\classes\mybatis\mapper\user_credit_account_mapper.xml]'. Cause: org.apache.ibatis.builder.BuilderException: Error resolving class. Cause: org.apache.ibatis.type.TypeException: Could not resolve type alias 'com.ztf.infrastructure.persistent.po.UserAwardAccount'.  Cause: java.lang.ClassNotFoundException: Cannot find class: com.ztf.infrastructure.persistent.po.UserAwardAccount
	at org.springframework.beans.factory.support.ConstructorResolver.createArgumentArray(ConstructorResolver.java:800)
	at org.springframework.beans.factory.support.ConstructorResolver.autowireConstructor(ConstructorResolver.java:229)
	at org.springframework.beans.factory.support.AbstractAutowireCapableBeanFactory.autowireConstructor(AbstractAutowireCapableBeanFactory.java:1372)
	at org.springframework.beans.factory.support.AbstractAutowireCapableBeanFactory.createBeanInstance(AbstractAutowireCapableBeanFactory.java:1222)
	at org.springframework.beans.factory.support.AbstractAutowireCapableBeanFactory.doCreateBean(AbstractAutowireCapableBeanFactory.java:582)
	at org.springframework.beans.factory.support.AbstractAutowireCapableBeanFactory.createBean(AbstractAutowireCapableBeanFactory.java:542)
	at org.springframework.beans.factory.support.AbstractBeanFactory.lambda$doGetBean$0(AbstractBeanFactory.java:335)
	at org.springframework.beans.factory.support.DefaultSingletonBeanRegistry.getSingleton(DefaultSingletonBeanRegistry.java:234)
	at org.springframework.beans.factory.support.AbstractBeanFactory.doGetBean(AbstractBeanFactory.java:333)
	at org.springframework.beans.factory.support.AbstractBeanFactory.getBean(AbstractBeanFactory.java:213)
	at org.springframework.beans.factory.support.AbstractAutowireCapableBeanFactory.resolveBeanByName(AbstractAutowireCapableBeanFactory.java:479)
	at org.springframework.context.annotation.CommonAnnotationBeanPostProcessor.autowireResource(CommonAnnotationBeanPostProcessor.java:550)
	at org.springframework.context.annotation.CommonAnnotationBeanPostProcessor.getResource(CommonAnnotationBeanPostProcessor.java:520)
	at org.springframework.context.annotation.CommonAnnotationBeanPostProcessor$ResourceElement.getResourceToInject(CommonAnnotationBeanPostProcessor.java:673)
	at org.springframework.beans.factory.annotation.InjectionMetadata$InjectedElement.inject(InjectionMetadata.java:228)
	at org.springframework.beans.factory.annotation.InjectionMetadata.inject(InjectionMetadata.java:119)
	at org.springframework.context.annotation.CommonAnnotationBeanPostProcessor.postProcessProperties(CommonAnnotationBeanPostProcessor.java:329)
	... 43 common frames omitted
Caused by: org.springframework.beans.factory.BeanCreationException: Error creating bean with name 'activityRepository': Injection of resource dependencies failed; nested exception is org.springframework.beans.factory.UnsatisfiedDependencyException: Error creating bean with name 'IRaffleActivitySkuDao' defined in file [D:\javacode\marketing_platform\big-market-ztf\big-market\big-market-infrastructure\target\classes\com\ztf\infrastructure\persistent\dao\IRaffleActivitySkuDao.class]: Unsatisfied dependency expressed through bean property 'sqlSessionFactory'; nested exception is org.springframework.beans.factory.BeanCreationException: Error creating bean with name 'sqlSessionFactory' defined in class path resource [org/mybatis/spring/boot/autoconfigure/MybatisAutoConfiguration.class]: Bean instantiation via factory method failed; nested exception is org.springframework.beans.BeanInstantiationException: Failed to instantiate [org.apache.ibatis.session.SqlSessionFactory]: Factory method 'sqlSessionFactory' threw exception; nested exception is org.springframework.core.NestedIOException: Failed to parse mapping resource: 'file [D:\javacode\marketing_platform\big-market-ztf\big-market\big-market-app\target\classes\mybatis\mapper\user_credit_account_mapper.xml]'; nested exception is org.apache.ibatis.builder.BuilderException: Error parsing Mapper XML. The XML location is 'file [D:\javacode\marketing_platform\big-market-ztf\big-market\big-market-app\target\classes\mybatis\mapper\user_credit_account_mapper.xml]'. Cause: org.apache.ibatis.builder.BuilderException: Error resolving class. Cause: org.apache.ibatis.type.TypeException: Could not resolve type alias 'com.ztf.infrastructure.persistent.po.UserAwardAccount'.  Cause: java.lang.ClassNotFoundException: Cannot find class: com.ztf.infrastructure.persistent.po.UserAwardAccount
	at org.springframework.context.annotation.CommonAnnotationBeanPostProcessor.postProcessProperties(CommonAnnotationBeanPostProcessor.java:332)
	at org.springframework.beans.factory.support.AbstractAutowireCapableBeanFactory.populateBean(AbstractAutowireCapableBeanFactory.java:1431)
	at org.springframework.beans.factory.support.AbstractAutowireCapableBeanFactory.doCreateBean(AbstractAutowireCapableBeanFactory.java:619)
	at org.springframework.beans.factory.support.AbstractAutowireCapableBeanFactory.createBean(AbstractAutowireCapableBeanFactory.java:542)
	at org.springframework.beans.factory.support.AbstractBeanFactory.lambda$doGetBean$0(AbstractBeanFactory.java:335)
	at org.springframework.beans.factory.support.DefaultSingletonBeanRegistry.getSingleton(DefaultSingletonBeanRegistry.java:234)
	at org.springframework.beans.factory.support.AbstractBeanFactory.doGetBean(AbstractBeanFactory.java:333)
	at org.springframework.beans.factory.support.AbstractBeanFactory.getBean(AbstractBeanFactory.java:208)
	at org.springframework.beans.factory.config.DependencyDescriptor.resolveCandidate(DependencyDescriptor.java:276)
	at org.springframework.beans.factory.support.DefaultListableBeanFactory.doResolveDependency(DefaultListableBeanFactory.java:1391)
	at org.springframework.beans.factory.support.DefaultListableBeanFactory.resolveDependency(DefaultListableBeanFactory.java:1311)
	at org.springframework.beans.factory.support.ConstructorResolver.resolveAutowiredArgument(ConstructorResolver.java:887)
	at org.springframework.beans.factory.support.ConstructorResolver.createArgumentArray(ConstructorResolver.java:791)
	... 59 common frames omitted
Caused by: org.springframework.beans.factory.UnsatisfiedDependencyException: Error creating bean with name 'IRaffleActivitySkuDao' defined in file [D:\javacode\marketing_platform\big-market-ztf\big-market\big-market-infrastructure\target\classes\com\ztf\infrastructure\persistent\dao\IRaffleActivitySkuDao.class]: Unsatisfied dependency expressed through bean property 'sqlSessionFactory'; nested exception is org.springframework.beans.factory.BeanCreationException: Error creating bean with name 'sqlSessionFactory' defined in class path resource [org/mybatis/spring/boot/autoconfigure/MybatisAutoConfiguration.class]: Bean instantiation via factory method failed; nested exception is org.springframework.beans.BeanInstantiationException: Failed to instantiate [org.apache.ibatis.session.SqlSessionFactory]: Factory method 'sqlSessionFactory' threw exception; nested exception is org.springframework.core.NestedIOException: Failed to parse mapping resource: 'file [D:\javacode\marketing_platform\big-market-ztf\big-market\big-market-app\target\classes\mybatis\mapper\user_credit_account_mapper.xml]'; nested exception is org.apache.ibatis.builder.BuilderException: Error parsing Mapper XML. The XML location is 'file [D:\javacode\marketing_platform\big-market-ztf\big-market\big-market-app\target\classes\mybatis\mapper\user_credit_account_mapper.xml]'. Cause: org.apache.ibatis.builder.BuilderException: Error resolving class. Cause: org.apache.ibatis.type.TypeException: Could not resolve type alias 'com.ztf.infrastructure.persistent.po.UserAwardAccount'.  Cause: java.lang.ClassNotFoundException: Cannot find class: com.ztf.infrastructure.persistent.po.UserAwardAccount
	at org.springframework.beans.factory.support.AbstractAutowireCapableBeanFactory.autowireByType(AbstractAutowireCapableBeanFactory.java:1534)
	at org.springframework.beans.factory.support.AbstractAutowireCapableBeanFactory.populateBean(AbstractAutowireCapableBeanFactory.java:1417)
	at org.springframework.beans.factory.support.AbstractAutowireCapableBeanFactory.doCreateBean(AbstractAutowireCapableBeanFactory.java:619)
	at org.springframework.beans.factory.support.AbstractAutowireCapableBeanFactory.createBean(AbstractAutowireCapableBeanFactory.java:542)
	at org.springframework.beans.factory.support.AbstractBeanFactory.lambda$doGetBean$0(AbstractBeanFactory.java:335)
	at org.springframework.beans.factory.support.DefaultSingletonBeanRegistry.getSingleton(DefaultSingletonBeanRegistry.java:234)
	at org.springframework.beans.factory.support.AbstractBeanFactory.doGetBean(AbstractBeanFactory.java:333)
	at org.springframework.beans.factory.support.AbstractBeanFactory.getBean(AbstractBeanFactory.java:208)
	at org.springframework.beans.factory.config.DependencyDescriptor.resolveCandidate(DependencyDescriptor.java:276)
	at org.springframework.beans.factory.support.DefaultListableBeanFactory.doResolveDependency(DefaultListableBeanFactory.java:1391)
	at org.springframework.beans.factory.support.DefaultListableBeanFactory.resolveDependency(DefaultListableBeanFactory.java:1311)
	at org.springframework.context.annotation.CommonAnnotationBeanPostProcessor.autowireResource(CommonAnnotationBeanPostProcessor.java:544)
	at org.springframework.context.annotation.CommonAnnotationBeanPostProcessor.getResource(CommonAnnotationBeanPostProcessor.java:520)
	at org.springframework.context.annotation.CommonAnnotationBeanPostProcessor$ResourceElement.getResourceToInject(CommonAnnotationBeanPostProcessor.java:673)
	at org.springframework.beans.factory.annotation.InjectionMetadata$InjectedElement.inject(InjectionMetadata.java:228)
	at org.springframework.beans.factory.annotation.InjectionMetadata.inject(InjectionMetadata.java:119)
	at org.springframework.context.annotation.CommonAnnotationBeanPostProcessor.postProcessProperties(CommonAnnotationBeanPostProcessor.java:329)
	... 71 common frames omitted
Caused by: org.springframework.beans.factory.BeanCreationException: Error creating bean with name 'sqlSessionFactory' defined in class path resource [org/mybatis/spring/boot/autoconfigure/MybatisAutoConfiguration.class]: Bean instantiation via factory method failed; nested exception is org.springframework.beans.BeanInstantiationException: Failed to instantiate [org.apache.ibatis.session.SqlSessionFactory]: Factory method 'sqlSessionFactory' threw exception; nested exception is org.springframework.core.NestedIOException: Failed to parse mapping resource: 'file [D:\javacode\marketing_platform\big-market-ztf\big-market\big-market-app\target\classes\mybatis\mapper\user_credit_account_mapper.xml]'; nested exception is org.apache.ibatis.builder.BuilderException: Error parsing Mapper XML. The XML location is 'file [D:\javacode\marketing_platform\big-market-ztf\big-market\big-market-app\target\classes\mybatis\mapper\user_credit_account_mapper.xml]'. Cause: org.apache.ibatis.builder.BuilderException: Error resolving class. Cause: org.apache.ibatis.type.TypeException: Could not resolve type alias 'com.ztf.infrastructure.persistent.po.UserAwardAccount'.  Cause: java.lang.ClassNotFoundException: Cannot find class: com.ztf.infrastructure.persistent.po.UserAwardAccount
	at org.springframework.beans.factory.support.ConstructorResolver.instantiate(ConstructorResolver.java:658)
	at org.springframework.beans.factory.support.ConstructorResolver.instantiateUsingFactoryMethod(ConstructorResolver.java:638)
	at org.springframework.beans.factory.support.AbstractAutowireCapableBeanFactory.instantiateUsingFactoryMethod(AbstractAutowireCapableBeanFactory.java:1352)
	at org.springframework.beans.factory.support.AbstractAutowireCapableBeanFactory.createBeanInstance(AbstractAutowireCapableBeanFactory.java:1195)
	at org.springframework.beans.factory.support.AbstractAutowireCapableBeanFactory.doCreateBean(AbstractAutowireCapableBeanFactory.java:582)
	at org.springframework.beans.factory.support.AbstractAutowireCapableBeanFactory.createBean(AbstractAutowireCapableBeanFactory.java:542)
	at org.springframework.beans.factory.support.AbstractBeanFactory.lambda$doGetBean$0(AbstractBeanFactory.java:335)
	at org.springframework.beans.factory.support.DefaultSingletonBeanRegistry.getSingleton(DefaultSingletonBeanRegistry.java:234)
	at org.springframework.beans.factory.support.AbstractBeanFactory.doGetBean(AbstractBeanFactory.java:333)
	at org.springframework.beans.factory.support.AbstractBeanFactory.getBean(AbstractBeanFactory.java:208)
	at org.springframework.beans.factory.config.DependencyDescriptor.resolveCandidate(DependencyDescriptor.java:276)
	at org.springframework.beans.factory.support.DefaultListableBeanFactory.doResolveDependency(DefaultListableBeanFactory.java:1391)
	at org.springframework.beans.factory.support.DefaultListableBeanFactory.resolveDependency(DefaultListableBeanFactory.java:1311)
	at org.springframework.beans.factory.support.AbstractAutowireCapableBeanFactory.autowireByType(AbstractAutowireCapableBeanFactory.java:1519)
	... 87 common frames omitted
Caused by: org.springframework.beans.BeanInstantiationException: Failed to instantiate [org.apache.ibatis.session.SqlSessionFactory]: Factory method 'sqlSessionFactory' threw exception; nested exception is org.springframework.core.NestedIOException: Failed to parse mapping resource: 'file [D:\javacode\marketing_platform\big-market-ztf\big-market\big-market-app\target\classes\mybatis\mapper\user_credit_account_mapper.xml]'; nested exception is org.apache.ibatis.builder.BuilderException: Error parsing Mapper XML. The XML location is 'file [D:\javacode\marketing_platform\big-market-ztf\big-market\big-market-app\target\classes\mybatis\mapper\user_credit_account_mapper.xml]'. Cause: org.apache.ibatis.builder.BuilderException: Error resolving class. Cause: org.apache.ibatis.type.TypeException: Could not resolve type alias 'com.ztf.infrastructure.persistent.po.UserAwardAccount'.  Cause: java.lang.ClassNotFoundException: Cannot find class: com.ztf.infrastructure.persistent.po.UserAwardAccount
	at org.springframework.beans.factory.support.SimpleInstantiationStrategy.instantiate(SimpleInstantiationStrategy.java:185)
	at org.springframework.beans.factory.support.ConstructorResolver.instantiate(ConstructorResolver.java:653)
	... 100 common frames omitted
Caused by: org.springframework.core.NestedIOException: Failed to parse mapping resource: 'file [D:\javacode\marketing_platform\big-market-ztf\big-market\big-market-app\target\classes\mybatis\mapper\user_credit_account_mapper.xml]'; nested exception is org.apache.ibatis.builder.BuilderException: Error parsing Mapper XML. The XML location is 'file [D:\javacode\marketing_platform\big-market-ztf\big-market\big-market-app\target\classes\mybatis\mapper\user_credit_account_mapper.xml]'. Cause: org.apache.ibatis.builder.BuilderException: Error resolving class. Cause: org.apache.ibatis.type.TypeException: Could not resolve type alias 'com.ztf.infrastructure.persistent.po.UserAwardAccount'.  Cause: java.lang.ClassNotFoundException: Cannot find class: com.ztf.infrastructure.persistent.po.UserAwardAccount
	at org.mybatis.spring.SqlSessionFactoryBean.buildSqlSessionFactory(SqlSessionFactoryBean.java:613)
	at org.mybatis.spring.SqlSessionFactoryBean.afterPropertiesSet(SqlSessionFactoryBean.java:491)
	at org.mybatis.spring.SqlSessionFactoryBean.getObject(SqlSessionFactoryBean.java:633)
	at org.mybatis.spring.boot.autoconfigure.MybatisAutoConfiguration.sqlSessionFactory(MybatisAutoConfiguration.java:179)
	at org.mybatis.spring.boot.autoconfigure.MybatisAutoConfiguration$$EnhancerBySpringCGLIB$$6794b837.CGLIB$sqlSessionFactory$2(<generated>)
	at org.mybatis.spring.boot.autoconfigure.MybatisAutoConfiguration$$EnhancerBySpringCGLIB$$6794b837$$FastClassBySpringCGLIB$$7a2fcec4.invoke(<generated>)
	at org.springframework.cglib.proxy.MethodProxy.invokeSuper(MethodProxy.java:244)
	at org.springframework.context.annotation.ConfigurationClassEnhancer$BeanMethodInterceptor.intercept(ConfigurationClassEnhancer.java:331)
	at org.mybatis.spring.boot.autoconfigure.MybatisAutoConfiguration$$EnhancerBySpringCGLIB$$6794b837.sqlSessionFactory(<generated>)
	at java.base/jdk.internal.reflect.DirectMethodHandleAccessor.invoke(DirectMethodHandleAccessor.java:103)
	at java.base/java.lang.reflect.Method.invoke(Method.java:580)
	at org.springframework.beans.factory.support.SimpleInstantiationStrategy.instantiate(SimpleInstantiationStrategy.java:154)
	... 101 common frames omitted
Caused by: org.apache.ibatis.builder.BuilderException: Error parsing Mapper XML. The XML location is 'file [D:\javacode\marketing_platform\big-market-ztf\big-market\big-market-app\target\classes\mybatis\mapper\user_credit_account_mapper.xml]'. Cause: org.apache.ibatis.builder.BuilderException: Error resolving class. Cause: org.apache.ibatis.type.TypeException: Could not resolve type alias 'com.ztf.infrastructure.persistent.po.UserAwardAccount'.  Cause: java.lang.ClassNotFoundException: Cannot find class: com.ztf.infrastructure.persistent.po.UserAwardAccount
	at org.apache.ibatis.builder.xml.XMLMapperBuilder.configurationElement(XMLMapperBuilder.java:123)
	at org.apache.ibatis.builder.xml.XMLMapperBuilder.parse(XMLMapperBuilder.java:95)
	at org.mybatis.spring.SqlSessionFactoryBean.buildSqlSessionFactory(SqlSessionFactoryBean.java:611)
	... 112 common frames omitted
Caused by: org.apache.ibatis.builder.BuilderException: Error resolving class. Cause: org.apache.ibatis.type.TypeException: Could not resolve type alias 'com.ztf.infrastructure.persistent.po.UserAwardAccount'.  Cause: java.lang.ClassNotFoundException: Cannot find class: com.ztf.infrastructure.persistent.po.UserAwardAccount
	at org.apache.ibatis.builder.BaseBuilder.resolveClass(BaseBuilder.java:118)
	at org.apache.ibatis.builder.xml.XMLStatementBuilder.parseStatementNode(XMLStatementBuilder.java:76)
	at org.apache.ibatis.builder.xml.XMLMapperBuilder.buildStatementFromContext(XMLMapperBuilder.java:138)
	at org.apache.ibatis.builder.xml.XMLMapperBuilder.buildStatementFromContext(XMLMapperBuilder.java:131)
	at org.apache.ibatis.builder.xml.XMLMapperBuilder.configurationElement(XMLMapperBuilder.java:121)
	... 114 common frames omitted
Caused by: org.apache.ibatis.type.TypeException: Could not resolve type alias 'com.ztf.infrastructure.persistent.po.UserAwardAccount'.  Cause: java.lang.ClassNotFoundException: Cannot find class: com.ztf.infrastructure.persistent.po.UserAwardAccount
	at org.apache.ibatis.type.TypeAliasRegistry.resolveAlias(TypeAliasRegistry.java:120)
	at org.apache.ibatis.builder.BaseBuilder.resolveAlias(BaseBuilder.java:149)
	at org.apache.ibatis.builder.BaseBuilder.resolveClass(BaseBuilder.java:116)
	... 118 common frames omitted
Caused by: java.lang.ClassNotFoundException: Cannot find class: com.ztf.infrastructure.persistent.po.UserAwardAccount
	at org.apache.ibatis.io.ClassLoaderWrapper.classForName(ClassLoaderWrapper.java:196)
	at org.apache.ibatis.io.ClassLoaderWrapper.classForName(ClassLoaderWrapper.java:89)
	at org.apache.ibatis.io.Resources.classForName(Resources.java:261)
	at org.apache.ibatis.type.TypeAliasRegistry.resolveAlias(TypeAliasRegistry.java:116)
	... 120 common frames omitted
25-04-22.19:57:03.012 [main            ] ERROR TestContextManager     - Caught exception while allowing TestExecutionListener [org.springframework.test.context.web.ServletTestExecutionListener@7fd50002] to prepare test instance [com.ztf.test.domain.activity.RaffleActivityAccountQuotaServiceTest@b339a08]
java.lang.IllegalStateException: Failed to load ApplicationContext
	at org.springframework.test.context.cache.DefaultCacheAwareContextLoaderDelegate.loadContext(DefaultCacheAwareContextLoaderDelegate.java:98)
	at org.springframework.test.context.support.DefaultTestContext.getApplicationContext(DefaultTestContext.java:124)
	at org.springframework.test.context.web.ServletTestExecutionListener.setUpRequestContextIfNecessary(ServletTestExecutionListener.java:190)
	at org.springframework.test.context.web.ServletTestExecutionListener.prepareTestInstance(ServletTestExecutionListener.java:132)
	at org.springframework.test.context.TestContextManager.prepareTestInstance(TestContextManager.java:248)
	at org.springframework.test.context.junit4.SpringJUnit4ClassRunner.createTest(SpringJUnit4ClassRunner.java:227)
	at org.springframework.test.context.junit4.SpringJUnit4ClassRunner$1.runReflectiveCall(SpringJUnit4ClassRunner.java:289)
	at org.junit.internal.runners.model.ReflectiveCallable.run(ReflectiveCallable.java:12)
	at org.springframework.test.context.junit4.SpringJUnit4ClassRunner.methodBlock(SpringJUnit4ClassRunner.java:291)
	at org.springframework.test.context.junit4.SpringJUnit4ClassRunner.runChild(SpringJUnit4ClassRunner.java:246)
	at org.springframework.test.context.junit4.SpringJUnit4ClassRunner.runChild(SpringJUnit4ClassRunner.java:97)
	at org.junit.runners.ParentRunner$4.run(ParentRunner.java:331)
	at org.junit.runners.ParentRunner$1.schedule(ParentRunner.java:79)
	at org.junit.runners.ParentRunner.runChildren(ParentRunner.java:329)
	at org.junit.runners.ParentRunner.access$100(ParentRunner.java:66)
	at org.junit.runners.ParentRunner$2.evaluate(ParentRunner.java:293)
	at org.springframework.test.context.junit4.statements.RunBeforeTestClassCallbacks.evaluate(RunBeforeTestClassCallbacks.java:61)
	at org.springframework.test.context.junit4.statements.RunAfterTestClassCallbacks.evaluate(RunAfterTestClassCallbacks.java:70)
	at org.junit.runners.ParentRunner$3.evaluate(ParentRunner.java:306)
	at org.junit.runners.ParentRunner.run(ParentRunner.java:413)
	at org.springframework.test.context.junit4.SpringJUnit4ClassRunner.run(SpringJUnit4ClassRunner.java:190)
	at org.junit.runner.JUnitCore.run(JUnitCore.java:137)
	at com.intellij.junit4.JUnit4IdeaTestRunner.startRunnerWithArgs(JUnit4IdeaTestRunner.java:69)
	at com.intellij.rt.junit.IdeaTestRunner$Repeater$1.execute(IdeaTestRunner.java:38)
	at com.intellij.rt.execution.junit.TestsRepeater.repeat(TestsRepeater.java:11)
	at com.intellij.rt.junit.IdeaTestRunner$Repeater.startRunnerWithArgs(IdeaTestRunner.java:35)
	at com.intellij.rt.junit.JUnitStarter.prepareStreamsAndStart(JUnitStarter.java:232)
	at com.intellij.rt.junit.JUnitStarter.main(JUnitStarter.java:55)
Caused by: org.springframework.beans.factory.BeanCreationException: Error creating bean with name 'raffleActivityController': Injection of resource dependencies failed; nested exception is org.springframework.beans.factory.UnsatisfiedDependencyException: Error creating bean with name 'raffleActivityPartakeService' defined in file [D:\javacode\marketing_platform\big-market-ztf\big-market\big-market-domain\target\classes\com\ztf\domain\activity\service\partake\RaffleActivityPartakeService.class]: Unsatisfied dependency expressed through constructor parameter 0; nested exception is org.springframework.beans.factory.BeanCreationException: Error creating bean with name 'activityRepository': Injection of resource dependencies failed; nested exception is org.springframework.beans.factory.UnsatisfiedDependencyException: Error creating bean with name 'IRaffleActivitySkuDao' defined in file [D:\javacode\marketing_platform\big-market-ztf\big-market\big-market-infrastructure\target\classes\com\ztf\infrastructure\persistent\dao\IRaffleActivitySkuDao.class]: Unsatisfied dependency expressed through bean property 'sqlSessionFactory'; nested exception is org.springframework.beans.factory.BeanCreationException: Error creating bean with name 'sqlSessionFactory' defined in class path resource [org/mybatis/spring/boot/autoconfigure/MybatisAutoConfiguration.class]: Bean instantiation via factory method failed; nested exception is org.springframework.beans.BeanInstantiationException: Failed to instantiate [org.apache.ibatis.session.SqlSessionFactory]: Factory method 'sqlSessionFactory' threw exception; nested exception is org.springframework.core.NestedIOException: Failed to parse mapping resource: 'file [D:\javacode\marketing_platform\big-market-ztf\big-market\big-market-app\target\classes\mybatis\mapper\user_credit_account_mapper.xml]'; nested exception is org.apache.ibatis.builder.BuilderException: Error parsing Mapper XML. The XML location is 'file [D:\javacode\marketing_platform\big-market-ztf\big-market\big-market-app\target\classes\mybatis\mapper\user_credit_account_mapper.xml]'. Cause: org.apache.ibatis.builder.BuilderException: Error resolving class. Cause: org.apache.ibatis.type.TypeException: Could not resolve type alias 'com.ztf.infrastructure.persistent.po.UserAwardAccount'.  Cause: java.lang.ClassNotFoundException: Cannot find class: com.ztf.infrastructure.persistent.po.UserAwardAccount
	at org.springframework.context.annotation.CommonAnnotationBeanPostProcessor.postProcessProperties(CommonAnnotationBeanPostProcessor.java:332)
	at org.springframework.beans.factory.support.AbstractAutowireCapableBeanFactory.populateBean(AbstractAutowireCapableBeanFactory.java:1431)
	at org.springframework.beans.factory.support.AbstractAutowireCapableBeanFactory.doCreateBean(AbstractAutowireCapableBeanFactory.java:619)
	at org.springframework.beans.factory.support.AbstractAutowireCapableBeanFactory.createBean(AbstractAutowireCapableBeanFactory.java:542)
	at org.springframework.beans.factory.support.AbstractBeanFactory.lambda$doGetBean$0(AbstractBeanFactory.java:335)
	at org.springframework.beans.factory.support.DefaultSingletonBeanRegistry.getSingleton(DefaultSingletonBeanRegistry.java:234)
	at org.springframework.beans.factory.support.AbstractBeanFactory.doGetBean(AbstractBeanFactory.java:333)
	at org.springframework.beans.factory.support.AbstractBeanFactory.getBean(AbstractBeanFactory.java:208)
	at org.springframework.beans.factory.support.DefaultListableBeanFactory.preInstantiateSingletons(DefaultListableBeanFactory.java:955)
	at org.springframework.context.support.AbstractApplicationContext.finishBeanFactoryInitialization(AbstractApplicationContext.java:920)
	at org.springframework.context.support.AbstractApplicationContext.refresh(AbstractApplicationContext.java:583)
	at org.springframework.boot.SpringApplication.refresh(SpringApplication.java:731)
	at org.springframework.boot.SpringApplication.refreshContext(SpringApplication.java:408)
	at org.springframework.boot.SpringApplication.run(SpringApplication.java:307)
	at org.springframework.boot.test.context.SpringBootContextLoader.loadContext(SpringBootContextLoader.java:136)
	at org.springframework.test.context.cache.DefaultCacheAwareContextLoaderDelegate.loadContextInternal(DefaultCacheAwareContextLoaderDelegate.java:141)
	at org.springframework.test.context.cache.DefaultCacheAwareContextLoaderDelegate.loadContext(DefaultCacheAwareContextLoaderDelegate.java:90)
	... 27 common frames omitted
Caused by: org.springframework.beans.factory.UnsatisfiedDependencyException: Error creating bean with name 'raffleActivityPartakeService' defined in file [D:\javacode\marketing_platform\big-market-ztf\big-market\big-market-domain\target\classes\com\ztf\domain\activity\service\partake\RaffleActivityPartakeService.class]: Unsatisfied dependency expressed through constructor parameter 0; nested exception is org.springframework.beans.factory.BeanCreationException: Error creating bean with name 'activityRepository': Injection of resource dependencies failed; nested exception is org.springframework.beans.factory.UnsatisfiedDependencyException: Error creating bean with name 'IRaffleActivitySkuDao' defined in file [D:\javacode\marketing_platform\big-market-ztf\big-market\big-market-infrastructure\target\classes\com\ztf\infrastructure\persistent\dao\IRaffleActivitySkuDao.class]: Unsatisfied dependency expressed through bean property 'sqlSessionFactory'; nested exception is org.springframework.beans.factory.BeanCreationException: Error creating bean with name 'sqlSessionFactory' defined in class path resource [org/mybatis/spring/boot/autoconfigure/MybatisAutoConfiguration.class]: Bean instantiation via factory method failed; nested exception is org.springframework.beans.BeanInstantiationException: Failed to instantiate [org.apache.ibatis.session.SqlSessionFactory]: Factory method 'sqlSessionFactory' threw exception; nested exception is org.springframework.core.NestedIOException: Failed to parse mapping resource: 'file [D:\javacode\marketing_platform\big-market-ztf\big-market\big-market-app\target\classes\mybatis\mapper\user_credit_account_mapper.xml]'; nested exception is org.apache.ibatis.builder.BuilderException: Error parsing Mapper XML. The XML location is 'file [D:\javacode\marketing_platform\big-market-ztf\big-market\big-market-app\target\classes\mybatis\mapper\user_credit_account_mapper.xml]'. Cause: org.apache.ibatis.builder.BuilderException: Error resolving class. Cause: org.apache.ibatis.type.TypeException: Could not resolve type alias 'com.ztf.infrastructure.persistent.po.UserAwardAccount'.  Cause: java.lang.ClassNotFoundException: Cannot find class: com.ztf.infrastructure.persistent.po.UserAwardAccount
	at org.springframework.beans.factory.support.ConstructorResolver.createArgumentArray(ConstructorResolver.java:800)
	at org.springframework.beans.factory.support.ConstructorResolver.autowireConstructor(ConstructorResolver.java:229)
	at org.springframework.beans.factory.support.AbstractAutowireCapableBeanFactory.autowireConstructor(AbstractAutowireCapableBeanFactory.java:1372)
	at org.springframework.beans.factory.support.AbstractAutowireCapableBeanFactory.createBeanInstance(AbstractAutowireCapableBeanFactory.java:1222)
	at org.springframework.beans.factory.support.AbstractAutowireCapableBeanFactory.doCreateBean(AbstractAutowireCapableBeanFactory.java:582)
	at org.springframework.beans.factory.support.AbstractAutowireCapableBeanFactory.createBean(AbstractAutowireCapableBeanFactory.java:542)
	at org.springframework.beans.factory.support.AbstractBeanFactory.lambda$doGetBean$0(AbstractBeanFactory.java:335)
	at org.springframework.beans.factory.support.DefaultSingletonBeanRegistry.getSingleton(DefaultSingletonBeanRegistry.java:234)
	at org.springframework.beans.factory.support.AbstractBeanFactory.doGetBean(AbstractBeanFactory.java:333)
	at org.springframework.beans.factory.support.AbstractBeanFactory.getBean(AbstractBeanFactory.java:213)
	at org.springframework.beans.factory.support.AbstractAutowireCapableBeanFactory.resolveBeanByName(AbstractAutowireCapableBeanFactory.java:479)
	at org.springframework.context.annotation.CommonAnnotationBeanPostProcessor.autowireResource(CommonAnnotationBeanPostProcessor.java:550)
	at org.springframework.context.annotation.CommonAnnotationBeanPostProcessor.getResource(CommonAnnotationBeanPostProcessor.java:520)
	at org.springframework.context.annotation.CommonAnnotationBeanPostProcessor$ResourceElement.getResourceToInject(CommonAnnotationBeanPostProcessor.java:673)
	at org.springframework.beans.factory.annotation.InjectionMetadata$InjectedElement.inject(InjectionMetadata.java:228)
	at org.springframework.beans.factory.annotation.InjectionMetadata.inject(InjectionMetadata.java:119)
	at org.springframework.context.annotation.CommonAnnotationBeanPostProcessor.postProcessProperties(CommonAnnotationBeanPostProcessor.java:329)
	... 43 common frames omitted
Caused by: org.springframework.beans.factory.BeanCreationException: Error creating bean with name 'activityRepository': Injection of resource dependencies failed; nested exception is org.springframework.beans.factory.UnsatisfiedDependencyException: Error creating bean with name 'IRaffleActivitySkuDao' defined in file [D:\javacode\marketing_platform\big-market-ztf\big-market\big-market-infrastructure\target\classes\com\ztf\infrastructure\persistent\dao\IRaffleActivitySkuDao.class]: Unsatisfied dependency expressed through bean property 'sqlSessionFactory'; nested exception is org.springframework.beans.factory.BeanCreationException: Error creating bean with name 'sqlSessionFactory' defined in class path resource [org/mybatis/spring/boot/autoconfigure/MybatisAutoConfiguration.class]: Bean instantiation via factory method failed; nested exception is org.springframework.beans.BeanInstantiationException: Failed to instantiate [org.apache.ibatis.session.SqlSessionFactory]: Factory method 'sqlSessionFactory' threw exception; nested exception is org.springframework.core.NestedIOException: Failed to parse mapping resource: 'file [D:\javacode\marketing_platform\big-market-ztf\big-market\big-market-app\target\classes\mybatis\mapper\user_credit_account_mapper.xml]'; nested exception is org.apache.ibatis.builder.BuilderException: Error parsing Mapper XML. The XML location is 'file [D:\javacode\marketing_platform\big-market-ztf\big-market\big-market-app\target\classes\mybatis\mapper\user_credit_account_mapper.xml]'. Cause: org.apache.ibatis.builder.BuilderException: Error resolving class. Cause: org.apache.ibatis.type.TypeException: Could not resolve type alias 'com.ztf.infrastructure.persistent.po.UserAwardAccount'.  Cause: java.lang.ClassNotFoundException: Cannot find class: com.ztf.infrastructure.persistent.po.UserAwardAccount
	at org.springframework.context.annotation.CommonAnnotationBeanPostProcessor.postProcessProperties(CommonAnnotationBeanPostProcessor.java:332)
	at org.springframework.beans.factory.support.AbstractAutowireCapableBeanFactory.populateBean(AbstractAutowireCapableBeanFactory.java:1431)
	at org.springframework.beans.factory.support.AbstractAutowireCapableBeanFactory.doCreateBean(AbstractAutowireCapableBeanFactory.java:619)
	at org.springframework.beans.factory.support.AbstractAutowireCapableBeanFactory.createBean(AbstractAutowireCapableBeanFactory.java:542)
	at org.springframework.beans.factory.support.AbstractBeanFactory.lambda$doGetBean$0(AbstractBeanFactory.java:335)
	at org.springframework.beans.factory.support.DefaultSingletonBeanRegistry.getSingleton(DefaultSingletonBeanRegistry.java:234)
	at org.springframework.beans.factory.support.AbstractBeanFactory.doGetBean(AbstractBeanFactory.java:333)
	at org.springframework.beans.factory.support.AbstractBeanFactory.getBean(AbstractBeanFactory.java:208)
	at org.springframework.beans.factory.config.DependencyDescriptor.resolveCandidate(DependencyDescriptor.java:276)
	at org.springframework.beans.factory.support.DefaultListableBeanFactory.doResolveDependency(DefaultListableBeanFactory.java:1391)
	at org.springframework.beans.factory.support.DefaultListableBeanFactory.resolveDependency(DefaultListableBeanFactory.java:1311)
	at org.springframework.beans.factory.support.ConstructorResolver.resolveAutowiredArgument(ConstructorResolver.java:887)
	at org.springframework.beans.factory.support.ConstructorResolver.createArgumentArray(ConstructorResolver.java:791)
	... 59 common frames omitted
Caused by: org.springframework.beans.factory.UnsatisfiedDependencyException: Error creating bean with name 'IRaffleActivitySkuDao' defined in file [D:\javacode\marketing_platform\big-market-ztf\big-market\big-market-infrastructure\target\classes\com\ztf\infrastructure\persistent\dao\IRaffleActivitySkuDao.class]: Unsatisfied dependency expressed through bean property 'sqlSessionFactory'; nested exception is org.springframework.beans.factory.BeanCreationException: Error creating bean with name 'sqlSessionFactory' defined in class path resource [org/mybatis/spring/boot/autoconfigure/MybatisAutoConfiguration.class]: Bean instantiation via factory method failed; nested exception is org.springframework.beans.BeanInstantiationException: Failed to instantiate [org.apache.ibatis.session.SqlSessionFactory]: Factory method 'sqlSessionFactory' threw exception; nested exception is org.springframework.core.NestedIOException: Failed to parse mapping resource: 'file [D:\javacode\marketing_platform\big-market-ztf\big-market\big-market-app\target\classes\mybatis\mapper\user_credit_account_mapper.xml]'; nested exception is org.apache.ibatis.builder.BuilderException: Error parsing Mapper XML. The XML location is 'file [D:\javacode\marketing_platform\big-market-ztf\big-market\big-market-app\target\classes\mybatis\mapper\user_credit_account_mapper.xml]'. Cause: org.apache.ibatis.builder.BuilderException: Error resolving class. Cause: org.apache.ibatis.type.TypeException: Could not resolve type alias 'com.ztf.infrastructure.persistent.po.UserAwardAccount'.  Cause: java.lang.ClassNotFoundException: Cannot find class: com.ztf.infrastructure.persistent.po.UserAwardAccount
	at org.springframework.beans.factory.support.AbstractAutowireCapableBeanFactory.autowireByType(AbstractAutowireCapableBeanFactory.java:1534)
	at org.springframework.beans.factory.support.AbstractAutowireCapableBeanFactory.populateBean(AbstractAutowireCapableBeanFactory.java:1417)
	at org.springframework.beans.factory.support.AbstractAutowireCapableBeanFactory.doCreateBean(AbstractAutowireCapableBeanFactory.java:619)
	at org.springframework.beans.factory.support.AbstractAutowireCapableBeanFactory.createBean(AbstractAutowireCapableBeanFactory.java:542)
	at org.springframework.beans.factory.support.AbstractBeanFactory.lambda$doGetBean$0(AbstractBeanFactory.java:335)
	at org.springframework.beans.factory.support.DefaultSingletonBeanRegistry.getSingleton(DefaultSingletonBeanRegistry.java:234)
	at org.springframework.beans.factory.support.AbstractBeanFactory.doGetBean(AbstractBeanFactory.java:333)
	at org.springframework.beans.factory.support.AbstractBeanFactory.getBean(AbstractBeanFactory.java:208)
	at org.springframework.beans.factory.config.DependencyDescriptor.resolveCandidate(DependencyDescriptor.java:276)
	at org.springframework.beans.factory.support.DefaultListableBeanFactory.doResolveDependency(DefaultListableBeanFactory.java:1391)
	at org.springframework.beans.factory.support.DefaultListableBeanFactory.resolveDependency(DefaultListableBeanFactory.java:1311)
	at org.springframework.context.annotation.CommonAnnotationBeanPostProcessor.autowireResource(CommonAnnotationBeanPostProcessor.java:544)
	at org.springframework.context.annotation.CommonAnnotationBeanPostProcessor.getResource(CommonAnnotationBeanPostProcessor.java:520)
	at org.springframework.context.annotation.CommonAnnotationBeanPostProcessor$ResourceElement.getResourceToInject(CommonAnnotationBeanPostProcessor.java:673)
	at org.springframework.beans.factory.annotation.InjectionMetadata$InjectedElement.inject(InjectionMetadata.java:228)
	at org.springframework.beans.factory.annotation.InjectionMetadata.inject(InjectionMetadata.java:119)
	at org.springframework.context.annotation.CommonAnnotationBeanPostProcessor.postProcessProperties(CommonAnnotationBeanPostProcessor.java:329)
	... 71 common frames omitted
Caused by: org.springframework.beans.factory.BeanCreationException: Error creating bean with name 'sqlSessionFactory' defined in class path resource [org/mybatis/spring/boot/autoconfigure/MybatisAutoConfiguration.class]: Bean instantiation via factory method failed; nested exception is org.springframework.beans.BeanInstantiationException: Failed to instantiate [org.apache.ibatis.session.SqlSessionFactory]: Factory method 'sqlSessionFactory' threw exception; nested exception is org.springframework.core.NestedIOException: Failed to parse mapping resource: 'file [D:\javacode\marketing_platform\big-market-ztf\big-market\big-market-app\target\classes\mybatis\mapper\user_credit_account_mapper.xml]'; nested exception is org.apache.ibatis.builder.BuilderException: Error parsing Mapper XML. The XML location is 'file [D:\javacode\marketing_platform\big-market-ztf\big-market\big-market-app\target\classes\mybatis\mapper\user_credit_account_mapper.xml]'. Cause: org.apache.ibatis.builder.BuilderException: Error resolving class. Cause: org.apache.ibatis.type.TypeException: Could not resolve type alias 'com.ztf.infrastructure.persistent.po.UserAwardAccount'.  Cause: java.lang.ClassNotFoundException: Cannot find class: com.ztf.infrastructure.persistent.po.UserAwardAccount
	at org.springframework.beans.factory.support.ConstructorResolver.instantiate(ConstructorResolver.java:658)
	at org.springframework.beans.factory.support.ConstructorResolver.instantiateUsingFactoryMethod(ConstructorResolver.java:638)
	at org.springframework.beans.factory.support.AbstractAutowireCapableBeanFactory.instantiateUsingFactoryMethod(AbstractAutowireCapableBeanFactory.java:1352)
	at org.springframework.beans.factory.support.AbstractAutowireCapableBeanFactory.createBeanInstance(AbstractAutowireCapableBeanFactory.java:1195)
	at org.springframework.beans.factory.support.AbstractAutowireCapableBeanFactory.doCreateBean(AbstractAutowireCapableBeanFactory.java:582)
	at org.springframework.beans.factory.support.AbstractAutowireCapableBeanFactory.createBean(AbstractAutowireCapableBeanFactory.java:542)
	at org.springframework.beans.factory.support.AbstractBeanFactory.lambda$doGetBean$0(AbstractBeanFactory.java:335)
	at org.springframework.beans.factory.support.DefaultSingletonBeanRegistry.getSingleton(DefaultSingletonBeanRegistry.java:234)
	at org.springframework.beans.factory.support.AbstractBeanFactory.doGetBean(AbstractBeanFactory.java:333)
	at org.springframework.beans.factory.support.AbstractBeanFactory.getBean(AbstractBeanFactory.java:208)
	at org.springframework.beans.factory.config.DependencyDescriptor.resolveCandidate(DependencyDescriptor.java:276)
	at org.springframework.beans.factory.support.DefaultListableBeanFactory.doResolveDependency(DefaultListableBeanFactory.java:1391)
	at org.springframework.beans.factory.support.DefaultListableBeanFactory.resolveDependency(DefaultListableBeanFactory.java:1311)
	at org.springframework.beans.factory.support.AbstractAutowireCapableBeanFactory.autowireByType(AbstractAutowireCapableBeanFactory.java:1519)
	... 87 common frames omitted
Caused by: org.springframework.beans.BeanInstantiationException: Failed to instantiate [org.apache.ibatis.session.SqlSessionFactory]: Factory method 'sqlSessionFactory' threw exception; nested exception is org.springframework.core.NestedIOException: Failed to parse mapping resource: 'file [D:\javacode\marketing_platform\big-market-ztf\big-market\big-market-app\target\classes\mybatis\mapper\user_credit_account_mapper.xml]'; nested exception is org.apache.ibatis.builder.BuilderException: Error parsing Mapper XML. The XML location is 'file [D:\javacode\marketing_platform\big-market-ztf\big-market\big-market-app\target\classes\mybatis\mapper\user_credit_account_mapper.xml]'. Cause: org.apache.ibatis.builder.BuilderException: Error resolving class. Cause: org.apache.ibatis.type.TypeException: Could not resolve type alias 'com.ztf.infrastructure.persistent.po.UserAwardAccount'.  Cause: java.lang.ClassNotFoundException: Cannot find class: com.ztf.infrastructure.persistent.po.UserAwardAccount
	at org.springframework.beans.factory.support.SimpleInstantiationStrategy.instantiate(SimpleInstantiationStrategy.java:185)
	at org.springframework.beans.factory.support.ConstructorResolver.instantiate(ConstructorResolver.java:653)
	... 100 common frames omitted
Caused by: org.springframework.core.NestedIOException: Failed to parse mapping resource: 'file [D:\javacode\marketing_platform\big-market-ztf\big-market\big-market-app\target\classes\mybatis\mapper\user_credit_account_mapper.xml]'; nested exception is org.apache.ibatis.builder.BuilderException: Error parsing Mapper XML. The XML location is 'file [D:\javacode\marketing_platform\big-market-ztf\big-market\big-market-app\target\classes\mybatis\mapper\user_credit_account_mapper.xml]'. Cause: org.apache.ibatis.builder.BuilderException: Error resolving class. Cause: org.apache.ibatis.type.TypeException: Could not resolve type alias 'com.ztf.infrastructure.persistent.po.UserAwardAccount'.  Cause: java.lang.ClassNotFoundException: Cannot find class: com.ztf.infrastructure.persistent.po.UserAwardAccount
	at org.mybatis.spring.SqlSessionFactoryBean.buildSqlSessionFactory(SqlSessionFactoryBean.java:613)
	at org.mybatis.spring.SqlSessionFactoryBean.afterPropertiesSet(SqlSessionFactoryBean.java:491)
	at org.mybatis.spring.SqlSessionFactoryBean.getObject(SqlSessionFactoryBean.java:633)
	at org.mybatis.spring.boot.autoconfigure.MybatisAutoConfiguration.sqlSessionFactory(MybatisAutoConfiguration.java:179)
	at org.mybatis.spring.boot.autoconfigure.MybatisAutoConfiguration$$EnhancerBySpringCGLIB$$6794b837.CGLIB$sqlSessionFactory$2(<generated>)
	at org.mybatis.spring.boot.autoconfigure.MybatisAutoConfiguration$$EnhancerBySpringCGLIB$$6794b837$$FastClassBySpringCGLIB$$7a2fcec4.invoke(<generated>)
	at org.springframework.cglib.proxy.MethodProxy.invokeSuper(MethodProxy.java:244)
	at org.springframework.context.annotation.ConfigurationClassEnhancer$BeanMethodInterceptor.intercept(ConfigurationClassEnhancer.java:331)
	at org.mybatis.spring.boot.autoconfigure.MybatisAutoConfiguration$$EnhancerBySpringCGLIB$$6794b837.sqlSessionFactory(<generated>)
	at java.base/jdk.internal.reflect.DirectMethodHandleAccessor.invoke(DirectMethodHandleAccessor.java:103)
	at java.base/java.lang.reflect.Method.invoke(Method.java:580)
	at org.springframework.beans.factory.support.SimpleInstantiationStrategy.instantiate(SimpleInstantiationStrategy.java:154)
	... 101 common frames omitted
Caused by: org.apache.ibatis.builder.BuilderException: Error parsing Mapper XML. The XML location is 'file [D:\javacode\marketing_platform\big-market-ztf\big-market\big-market-app\target\classes\mybatis\mapper\user_credit_account_mapper.xml]'. Cause: org.apache.ibatis.builder.BuilderException: Error resolving class. Cause: org.apache.ibatis.type.TypeException: Could not resolve type alias 'com.ztf.infrastructure.persistent.po.UserAwardAccount'.  Cause: java.lang.ClassNotFoundException: Cannot find class: com.ztf.infrastructure.persistent.po.UserAwardAccount
	at org.apache.ibatis.builder.xml.XMLMapperBuilder.configurationElement(XMLMapperBuilder.java:123)
	at org.apache.ibatis.builder.xml.XMLMapperBuilder.parse(XMLMapperBuilder.java:95)
	at org.mybatis.spring.SqlSessionFactoryBean.buildSqlSessionFactory(SqlSessionFactoryBean.java:611)
	... 112 common frames omitted
Caused by: org.apache.ibatis.builder.BuilderException: Error resolving class. Cause: org.apache.ibatis.type.TypeException: Could not resolve type alias 'com.ztf.infrastructure.persistent.po.UserAwardAccount'.  Cause: java.lang.ClassNotFoundException: Cannot find class: com.ztf.infrastructure.persistent.po.UserAwardAccount
	at org.apache.ibatis.builder.BaseBuilder.resolveClass(BaseBuilder.java:118)
	at org.apache.ibatis.builder.xml.XMLStatementBuilder.parseStatementNode(XMLStatementBuilder.java:76)
	at org.apache.ibatis.builder.xml.XMLMapperBuilder.buildStatementFromContext(XMLMapperBuilder.java:138)
	at org.apache.ibatis.builder.xml.XMLMapperBuilder.buildStatementFromContext(XMLMapperBuilder.java:131)
	at org.apache.ibatis.builder.xml.XMLMapperBuilder.configurationElement(XMLMapperBuilder.java:121)
	... 114 common frames omitted
Caused by: org.apache.ibatis.type.TypeException: Could not resolve type alias 'com.ztf.infrastructure.persistent.po.UserAwardAccount'.  Cause: java.lang.ClassNotFoundException: Cannot find class: com.ztf.infrastructure.persistent.po.UserAwardAccount
	at org.apache.ibatis.type.TypeAliasRegistry.resolveAlias(TypeAliasRegistry.java:120)
	at org.apache.ibatis.builder.BaseBuilder.resolveAlias(BaseBuilder.java:149)
	at org.apache.ibatis.builder.BaseBuilder.resolveClass(BaseBuilder.java:116)
	... 118 common frames omitted
Caused by: java.lang.ClassNotFoundException: Cannot find class: com.ztf.infrastructure.persistent.po.UserAwardAccount
	at org.apache.ibatis.io.ClassLoaderWrapper.classForName(ClassLoaderWrapper.java:196)
	at org.apache.ibatis.io.ClassLoaderWrapper.classForName(ClassLoaderWrapper.java:89)
	at org.apache.ibatis.io.Resources.classForName(Resources.java:261)
	at org.apache.ibatis.type.TypeAliasRegistry.resolveAlias(TypeAliasRegistry.java:116)
	... 120 common frames omitted
25-04-22.20:02:02.480 [main            ] INFO  RaffleActivityAccountQuotaServiceTest - Starting RaffleActivityAccountQuotaServiceTest using Java 21.0.1 on LAPTOP-EPDR54BH with PID 26720 (started by Saber in D:\javacode\marketing_platform\big-market-ztf\big-market\big-market-app)
25-04-22.20:02:02.482 [main            ] INFO  RaffleActivityAccountQuotaServiceTest - The following 1 profile is active: "dev"
25-04-22.20:02:03.675 [main            ] INFO  RepositoryConfigurationDelegate - Multiple Spring Data modules found, entering strict repository configuration mode
25-04-22.20:02:03.678 [main            ] INFO  RepositoryConfigurationDelegate - Bootstrapping Spring Data Redis repositories in DEFAULT mode.
25-04-22.20:02:03.738 [main            ] INFO  RepositoryConfigurationDelegate - Finished Spring Data repository scanning in 46 ms. Found 0 Redis repository interfaces.
25-04-22.20:02:05.045 [main            ] INFO  Version                - Redisson 3.26.0
25-04-22.20:02:05.448 [redisson-netty-1-4] INFO  ConnectionsHolder      - 1 connections initialized for 127.0.0.1/127.0.0.1:16379
25-04-22.20:02:05.473 [redisson-netty-1-13] INFO  ConnectionsHolder      - 5 connections initialized for 127.0.0.1/127.0.0.1:16379
25-04-22.20:02:07.237 [main            ] WARN  GenericWebApplicationContext - Exception encountered during context initialization - cancelling refresh attempt: org.springframework.beans.factory.BeanCreationException: Error creating bean with name 'creditAdjustSuccessCustomer': Injection of autowired dependencies failed; nested exception is java.lang.IllegalArgumentException: Could not resolve placeholder 'spring.rabbitmq.topic.credit_adjust_success' in value "${spring.rabbitmq.topic.credit_adjust_success}"
25-04-22.20:02:07.306 [main            ] INFO  ConditionEvaluationReportLoggingListener - 

Error starting ApplicationContext. To display the conditions report re-run your application with 'debug' enabled.
25-04-22.20:02:07.329 [main            ] ERROR SpringApplication      - Application run failed
org.springframework.beans.factory.BeanCreationException: Error creating bean with name 'creditAdjustSuccessCustomer': Injection of autowired dependencies failed; nested exception is java.lang.IllegalArgumentException: Could not resolve placeholder 'spring.rabbitmq.topic.credit_adjust_success' in value "${spring.rabbitmq.topic.credit_adjust_success}"
	at org.springframework.beans.factory.annotation.AutowiredAnnotationBeanPostProcessor.postProcessProperties(AutowiredAnnotationBeanPostProcessor.java:405)
	at org.springframework.beans.factory.support.AbstractAutowireCapableBeanFactory.populateBean(AbstractAutowireCapableBeanFactory.java:1431)
	at org.springframework.beans.factory.support.AbstractAutowireCapableBeanFactory.doCreateBean(AbstractAutowireCapableBeanFactory.java:619)
	at org.springframework.beans.factory.support.AbstractAutowireCapableBeanFactory.createBean(AbstractAutowireCapableBeanFactory.java:542)
	at org.springframework.beans.factory.support.AbstractBeanFactory.lambda$doGetBean$0(AbstractBeanFactory.java:335)
	at org.springframework.beans.factory.support.DefaultSingletonBeanRegistry.getSingleton(DefaultSingletonBeanRegistry.java:234)
	at org.springframework.beans.factory.support.AbstractBeanFactory.doGetBean(AbstractBeanFactory.java:333)
	at org.springframework.beans.factory.support.AbstractBeanFactory.getBean(AbstractBeanFactory.java:208)
	at org.springframework.beans.factory.support.DefaultListableBeanFactory.preInstantiateSingletons(DefaultListableBeanFactory.java:955)
	at org.springframework.context.support.AbstractApplicationContext.finishBeanFactoryInitialization(AbstractApplicationContext.java:920)
	at org.springframework.context.support.AbstractApplicationContext.refresh(AbstractApplicationContext.java:583)
	at org.springframework.boot.SpringApplication.refresh(SpringApplication.java:731)
	at org.springframework.boot.SpringApplication.refreshContext(SpringApplication.java:408)
	at org.springframework.boot.SpringApplication.run(SpringApplication.java:307)
	at org.springframework.boot.test.context.SpringBootContextLoader.loadContext(SpringBootContextLoader.java:136)
	at org.springframework.test.context.cache.DefaultCacheAwareContextLoaderDelegate.loadContextInternal(DefaultCacheAwareContextLoaderDelegate.java:141)
	at org.springframework.test.context.cache.DefaultCacheAwareContextLoaderDelegate.loadContext(DefaultCacheAwareContextLoaderDelegate.java:90)
	at org.springframework.test.context.support.DefaultTestContext.getApplicationContext(DefaultTestContext.java:124)
	at org.springframework.test.context.web.ServletTestExecutionListener.setUpRequestContextIfNecessary(ServletTestExecutionListener.java:190)
	at org.springframework.test.context.web.ServletTestExecutionListener.prepareTestInstance(ServletTestExecutionListener.java:132)
	at org.springframework.test.context.TestContextManager.prepareTestInstance(TestContextManager.java:248)
	at org.springframework.test.context.junit4.SpringJUnit4ClassRunner.createTest(SpringJUnit4ClassRunner.java:227)
	at org.springframework.test.context.junit4.SpringJUnit4ClassRunner$1.runReflectiveCall(SpringJUnit4ClassRunner.java:289)
	at org.junit.internal.runners.model.ReflectiveCallable.run(ReflectiveCallable.java:12)
	at org.springframework.test.context.junit4.SpringJUnit4ClassRunner.methodBlock(SpringJUnit4ClassRunner.java:291)
	at org.springframework.test.context.junit4.SpringJUnit4ClassRunner.runChild(SpringJUnit4ClassRunner.java:246)
	at org.springframework.test.context.junit4.SpringJUnit4ClassRunner.runChild(SpringJUnit4ClassRunner.java:97)
	at org.junit.runners.ParentRunner$4.run(ParentRunner.java:331)
	at org.junit.runners.ParentRunner$1.schedule(ParentRunner.java:79)
	at org.junit.runners.ParentRunner.runChildren(ParentRunner.java:329)
	at org.junit.runners.ParentRunner.access$100(ParentRunner.java:66)
	at org.junit.runners.ParentRunner$2.evaluate(ParentRunner.java:293)
	at org.springframework.test.context.junit4.statements.RunBeforeTestClassCallbacks.evaluate(RunBeforeTestClassCallbacks.java:61)
	at org.springframework.test.context.junit4.statements.RunAfterTestClassCallbacks.evaluate(RunAfterTestClassCallbacks.java:70)
	at org.junit.runners.ParentRunner$3.evaluate(ParentRunner.java:306)
	at org.junit.runners.ParentRunner.run(ParentRunner.java:413)
	at org.springframework.test.context.junit4.SpringJUnit4ClassRunner.run(SpringJUnit4ClassRunner.java:190)
	at org.junit.runner.JUnitCore.run(JUnitCore.java:137)
	at com.intellij.junit4.JUnit4IdeaTestRunner.startRunnerWithArgs(JUnit4IdeaTestRunner.java:69)
	at com.intellij.rt.junit.IdeaTestRunner$Repeater$1.execute(IdeaTestRunner.java:38)
	at com.intellij.rt.execution.junit.TestsRepeater.repeat(TestsRepeater.java:11)
	at com.intellij.rt.junit.IdeaTestRunner$Repeater.startRunnerWithArgs(IdeaTestRunner.java:35)
	at com.intellij.rt.junit.JUnitStarter.prepareStreamsAndStart(JUnitStarter.java:232)
	at com.intellij.rt.junit.JUnitStarter.main(JUnitStarter.java:55)
Caused by: java.lang.IllegalArgumentException: Could not resolve placeholder 'spring.rabbitmq.topic.credit_adjust_success' in value "${spring.rabbitmq.topic.credit_adjust_success}"
	at org.springframework.util.PropertyPlaceholderHelper.parseStringValue(PropertyPlaceholderHelper.java:180)
	at org.springframework.util.PropertyPlaceholderHelper.replacePlaceholders(PropertyPlaceholderHelper.java:126)
	at org.springframework.core.env.AbstractPropertyResolver.doResolvePlaceholders(AbstractPropertyResolver.java:239)
	at org.springframework.core.env.AbstractPropertyResolver.resolveRequiredPlaceholders(AbstractPropertyResolver.java:210)
	at org.springframework.context.support.PropertySourcesPlaceholderConfigurer.lambda$processProperties$0(PropertySourcesPlaceholderConfigurer.java:191)
	at org.springframework.beans.factory.support.AbstractBeanFactory.resolveEmbeddedValue(AbstractBeanFactory.java:936)
	at org.springframework.beans.factory.support.DefaultListableBeanFactory.doResolveDependency(DefaultListableBeanFactory.java:1332)
	at org.springframework.beans.factory.support.DefaultListableBeanFactory.resolveDependency(DefaultListableBeanFactory.java:1311)
	at org.springframework.beans.factory.annotation.AutowiredAnnotationBeanPostProcessor$AutowiredFieldElement.resolveFieldValue(AutowiredAnnotationBeanPostProcessor.java:657)
	at org.springframework.beans.factory.annotation.AutowiredAnnotationBeanPostProcessor$AutowiredFieldElement.inject(AutowiredAnnotationBeanPostProcessor.java:640)
	at org.springframework.beans.factory.annotation.InjectionMetadata.inject(InjectionMetadata.java:119)
	at org.springframework.beans.factory.annotation.AutowiredAnnotationBeanPostProcessor.postProcessProperties(AutowiredAnnotationBeanPostProcessor.java:399)
	... 43 common frames omitted
25-04-22.20:02:07.331 [main            ] ERROR TestContextManager     - Caught exception while allowing TestExecutionListener [org.springframework.test.context.web.ServletTestExecutionListener@7fd50002] to prepare test instance [com.ztf.test.domain.activity.RaffleActivityAccountQuotaServiceTest@4ec616d6]
java.lang.IllegalStateException: Failed to load ApplicationContext
	at org.springframework.test.context.cache.DefaultCacheAwareContextLoaderDelegate.loadContext(DefaultCacheAwareContextLoaderDelegate.java:98)
	at org.springframework.test.context.support.DefaultTestContext.getApplicationContext(DefaultTestContext.java:124)
	at org.springframework.test.context.web.ServletTestExecutionListener.setUpRequestContextIfNecessary(ServletTestExecutionListener.java:190)
	at org.springframework.test.context.web.ServletTestExecutionListener.prepareTestInstance(ServletTestExecutionListener.java:132)
	at org.springframework.test.context.TestContextManager.prepareTestInstance(TestContextManager.java:248)
	at org.springframework.test.context.junit4.SpringJUnit4ClassRunner.createTest(SpringJUnit4ClassRunner.java:227)
	at org.springframework.test.context.junit4.SpringJUnit4ClassRunner$1.runReflectiveCall(SpringJUnit4ClassRunner.java:289)
	at org.junit.internal.runners.model.ReflectiveCallable.run(ReflectiveCallable.java:12)
	at org.springframework.test.context.junit4.SpringJUnit4ClassRunner.methodBlock(SpringJUnit4ClassRunner.java:291)
	at org.springframework.test.context.junit4.SpringJUnit4ClassRunner.runChild(SpringJUnit4ClassRunner.java:246)
	at org.springframework.test.context.junit4.SpringJUnit4ClassRunner.runChild(SpringJUnit4ClassRunner.java:97)
	at org.junit.runners.ParentRunner$4.run(ParentRunner.java:331)
	at org.junit.runners.ParentRunner$1.schedule(ParentRunner.java:79)
	at org.junit.runners.ParentRunner.runChildren(ParentRunner.java:329)
	at org.junit.runners.ParentRunner.access$100(ParentRunner.java:66)
	at org.junit.runners.ParentRunner$2.evaluate(ParentRunner.java:293)
	at org.springframework.test.context.junit4.statements.RunBeforeTestClassCallbacks.evaluate(RunBeforeTestClassCallbacks.java:61)
	at org.springframework.test.context.junit4.statements.RunAfterTestClassCallbacks.evaluate(RunAfterTestClassCallbacks.java:70)
	at org.junit.runners.ParentRunner$3.evaluate(ParentRunner.java:306)
	at org.junit.runners.ParentRunner.run(ParentRunner.java:413)
	at org.springframework.test.context.junit4.SpringJUnit4ClassRunner.run(SpringJUnit4ClassRunner.java:190)
	at org.junit.runner.JUnitCore.run(JUnitCore.java:137)
	at com.intellij.junit4.JUnit4IdeaTestRunner.startRunnerWithArgs(JUnit4IdeaTestRunner.java:69)
	at com.intellij.rt.junit.IdeaTestRunner$Repeater$1.execute(IdeaTestRunner.java:38)
	at com.intellij.rt.execution.junit.TestsRepeater.repeat(TestsRepeater.java:11)
	at com.intellij.rt.junit.IdeaTestRunner$Repeater.startRunnerWithArgs(IdeaTestRunner.java:35)
	at com.intellij.rt.junit.JUnitStarter.prepareStreamsAndStart(JUnitStarter.java:232)
	at com.intellij.rt.junit.JUnitStarter.main(JUnitStarter.java:55)
Caused by: org.springframework.beans.factory.BeanCreationException: Error creating bean with name 'creditAdjustSuccessCustomer': Injection of autowired dependencies failed; nested exception is java.lang.IllegalArgumentException: Could not resolve placeholder 'spring.rabbitmq.topic.credit_adjust_success' in value "${spring.rabbitmq.topic.credit_adjust_success}"
	at org.springframework.beans.factory.annotation.AutowiredAnnotationBeanPostProcessor.postProcessProperties(AutowiredAnnotationBeanPostProcessor.java:405)
	at org.springframework.beans.factory.support.AbstractAutowireCapableBeanFactory.populateBean(AbstractAutowireCapableBeanFactory.java:1431)
	at org.springframework.beans.factory.support.AbstractAutowireCapableBeanFactory.doCreateBean(AbstractAutowireCapableBeanFactory.java:619)
	at org.springframework.beans.factory.support.AbstractAutowireCapableBeanFactory.createBean(AbstractAutowireCapableBeanFactory.java:542)
	at org.springframework.beans.factory.support.AbstractBeanFactory.lambda$doGetBean$0(AbstractBeanFactory.java:335)
	at org.springframework.beans.factory.support.DefaultSingletonBeanRegistry.getSingleton(DefaultSingletonBeanRegistry.java:234)
	at org.springframework.beans.factory.support.AbstractBeanFactory.doGetBean(AbstractBeanFactory.java:333)
	at org.springframework.beans.factory.support.AbstractBeanFactory.getBean(AbstractBeanFactory.java:208)
	at org.springframework.beans.factory.support.DefaultListableBeanFactory.preInstantiateSingletons(DefaultListableBeanFactory.java:955)
	at org.springframework.context.support.AbstractApplicationContext.finishBeanFactoryInitialization(AbstractApplicationContext.java:920)
	at org.springframework.context.support.AbstractApplicationContext.refresh(AbstractApplicationContext.java:583)
	at org.springframework.boot.SpringApplication.refresh(SpringApplication.java:731)
	at org.springframework.boot.SpringApplication.refreshContext(SpringApplication.java:408)
	at org.springframework.boot.SpringApplication.run(SpringApplication.java:307)
	at org.springframework.boot.test.context.SpringBootContextLoader.loadContext(SpringBootContextLoader.java:136)
	at org.springframework.test.context.cache.DefaultCacheAwareContextLoaderDelegate.loadContextInternal(DefaultCacheAwareContextLoaderDelegate.java:141)
	at org.springframework.test.context.cache.DefaultCacheAwareContextLoaderDelegate.loadContext(DefaultCacheAwareContextLoaderDelegate.java:90)
	... 27 common frames omitted
Caused by: java.lang.IllegalArgumentException: Could not resolve placeholder 'spring.rabbitmq.topic.credit_adjust_success' in value "${spring.rabbitmq.topic.credit_adjust_success}"
	at org.springframework.util.PropertyPlaceholderHelper.parseStringValue(PropertyPlaceholderHelper.java:180)
	at org.springframework.util.PropertyPlaceholderHelper.replacePlaceholders(PropertyPlaceholderHelper.java:126)
	at org.springframework.core.env.AbstractPropertyResolver.doResolvePlaceholders(AbstractPropertyResolver.java:239)
	at org.springframework.core.env.AbstractPropertyResolver.resolveRequiredPlaceholders(AbstractPropertyResolver.java:210)
	at org.springframework.context.support.PropertySourcesPlaceholderConfigurer.lambda$processProperties$0(PropertySourcesPlaceholderConfigurer.java:191)
	at org.springframework.beans.factory.support.AbstractBeanFactory.resolveEmbeddedValue(AbstractBeanFactory.java:936)
	at org.springframework.beans.factory.support.DefaultListableBeanFactory.doResolveDependency(DefaultListableBeanFactory.java:1332)
	at org.springframework.beans.factory.support.DefaultListableBeanFactory.resolveDependency(DefaultListableBeanFactory.java:1311)
	at org.springframework.beans.factory.annotation.AutowiredAnnotationBeanPostProcessor$AutowiredFieldElement.resolveFieldValue(AutowiredAnnotationBeanPostProcessor.java:657)
	at org.springframework.beans.factory.annotation.AutowiredAnnotationBeanPostProcessor$AutowiredFieldElement.inject(AutowiredAnnotationBeanPostProcessor.java:640)
	at org.springframework.beans.factory.annotation.InjectionMetadata.inject(InjectionMetadata.java:119)
	at org.springframework.beans.factory.annotation.AutowiredAnnotationBeanPostProcessor.postProcessProperties(AutowiredAnnotationBeanPostProcessor.java:399)
	... 43 common frames omitted
25-04-22.20:06:44.603 [main            ] INFO  RaffleActivityAccountQuotaServiceTest - Starting RaffleActivityAccountQuotaServiceTest using Java 21.0.1 on LAPTOP-EPDR54BH with PID 21644 (started by Saber in D:\javacode\marketing_platform\big-market-ztf\big-market\big-market-app)
25-04-22.20:06:44.604 [main            ] INFO  RaffleActivityAccountQuotaServiceTest - The following 1 profile is active: "dev"
25-04-22.20:06:45.838 [main            ] INFO  RepositoryConfigurationDelegate - Multiple Spring Data modules found, entering strict repository configuration mode
25-04-22.20:06:45.841 [main            ] INFO  RepositoryConfigurationDelegate - Bootstrapping Spring Data Redis repositories in DEFAULT mode.
25-04-22.20:06:45.897 [main            ] INFO  RepositoryConfigurationDelegate - Finished Spring Data repository scanning in 42 ms. Found 0 Redis repository interfaces.
25-04-22.20:06:47.097 [main            ] INFO  Version                - Redisson 3.26.0
25-04-22.20:06:47.515 [redisson-netty-1-4] INFO  ConnectionsHolder      - 1 connections initialized for 127.0.0.1/127.0.0.1:16379
25-04-22.20:06:47.537 [redisson-netty-1-13] INFO  ConnectionsHolder      - 5 connections initialized for 127.0.0.1/127.0.0.1:16379
25-04-22.20:06:49.150 [main            ] WARN  GenericWebApplicationContext - Exception encountered during context initialization - cancelling refresh attempt: org.springframework.beans.factory.BeanCreationException: Error creating bean with name 'rebateMessageCustomer': Injection of resource dependencies failed; nested exception is org.springframework.beans.factory.BeanCreationException: Error creating bean with name 'creditAdjustService': Injection of resource dependencies failed; nested exception is org.springframework.beans.factory.NoSuchBeanDefinitionException: No qualifying bean of type 'com.ztf.domain.credit.event.CreditAdjustSuccessMessageEvent' available: expected at least 1 bean which qualifies as autowire candidate. Dependency annotations: {@javax.annotation.Resource(shareable=true, lookup="", name="", description="", authenticationType=CONTAINER, type=java.lang.Object.class, mappedName="")}
25-04-22.20:06:49.208 [main            ] INFO  ConditionEvaluationReportLoggingListener - 

Error starting ApplicationContext. To display the conditions report re-run your application with 'debug' enabled.
25-04-22.20:06:49.237 [main            ] ERROR LoggingFailureAnalysisReporter - 

***************************
APPLICATION FAILED TO START
***************************

Description:

A component required a bean of type 'com.ztf.domain.credit.event.CreditAdjustSuccessMessageEvent' that could not be found.


Action:

Consider defining a bean of type 'com.ztf.domain.credit.event.CreditAdjustSuccessMessageEvent' in your configuration.

25-04-22.20:06:49.241 [main            ] ERROR TestContextManager     - Caught exception while allowing TestExecutionListener [org.springframework.test.context.web.ServletTestExecutionListener@7fd50002] to prepare test instance [com.ztf.test.domain.activity.RaffleActivityAccountQuotaServiceTest@77f529a6]
java.lang.IllegalStateException: Failed to load ApplicationContext
	at org.springframework.test.context.cache.DefaultCacheAwareContextLoaderDelegate.loadContext(DefaultCacheAwareContextLoaderDelegate.java:98)
	at org.springframework.test.context.support.DefaultTestContext.getApplicationContext(DefaultTestContext.java:124)
	at org.springframework.test.context.web.ServletTestExecutionListener.setUpRequestContextIfNecessary(ServletTestExecutionListener.java:190)
	at org.springframework.test.context.web.ServletTestExecutionListener.prepareTestInstance(ServletTestExecutionListener.java:132)
	at org.springframework.test.context.TestContextManager.prepareTestInstance(TestContextManager.java:248)
	at org.springframework.test.context.junit4.SpringJUnit4ClassRunner.createTest(SpringJUnit4ClassRunner.java:227)
	at org.springframework.test.context.junit4.SpringJUnit4ClassRunner$1.runReflectiveCall(SpringJUnit4ClassRunner.java:289)
	at org.junit.internal.runners.model.ReflectiveCallable.run(ReflectiveCallable.java:12)
	at org.springframework.test.context.junit4.SpringJUnit4ClassRunner.methodBlock(SpringJUnit4ClassRunner.java:291)
	at org.springframework.test.context.junit4.SpringJUnit4ClassRunner.runChild(SpringJUnit4ClassRunner.java:246)
	at org.springframework.test.context.junit4.SpringJUnit4ClassRunner.runChild(SpringJUnit4ClassRunner.java:97)
	at org.junit.runners.ParentRunner$4.run(ParentRunner.java:331)
	at org.junit.runners.ParentRunner$1.schedule(ParentRunner.java:79)
	at org.junit.runners.ParentRunner.runChildren(ParentRunner.java:329)
	at org.junit.runners.ParentRunner.access$100(ParentRunner.java:66)
	at org.junit.runners.ParentRunner$2.evaluate(ParentRunner.java:293)
	at org.springframework.test.context.junit4.statements.RunBeforeTestClassCallbacks.evaluate(RunBeforeTestClassCallbacks.java:61)
	at org.springframework.test.context.junit4.statements.RunAfterTestClassCallbacks.evaluate(RunAfterTestClassCallbacks.java:70)
	at org.junit.runners.ParentRunner$3.evaluate(ParentRunner.java:306)
	at org.junit.runners.ParentRunner.run(ParentRunner.java:413)
	at org.springframework.test.context.junit4.SpringJUnit4ClassRunner.run(SpringJUnit4ClassRunner.java:190)
	at org.junit.runner.JUnitCore.run(JUnitCore.java:137)
	at com.intellij.junit4.JUnit4IdeaTestRunner.startRunnerWithArgs(JUnit4IdeaTestRunner.java:69)
	at com.intellij.rt.junit.IdeaTestRunner$Repeater$1.execute(IdeaTestRunner.java:38)
	at com.intellij.rt.execution.junit.TestsRepeater.repeat(TestsRepeater.java:11)
	at com.intellij.rt.junit.IdeaTestRunner$Repeater.startRunnerWithArgs(IdeaTestRunner.java:35)
	at com.intellij.rt.junit.JUnitStarter.prepareStreamsAndStart(JUnitStarter.java:232)
	at com.intellij.rt.junit.JUnitStarter.main(JUnitStarter.java:55)
Caused by: org.springframework.beans.factory.BeanCreationException: Error creating bean with name 'rebateMessageCustomer': Injection of resource dependencies failed; nested exception is org.springframework.beans.factory.BeanCreationException: Error creating bean with name 'creditAdjustService': Injection of resource dependencies failed; nested exception is org.springframework.beans.factory.NoSuchBeanDefinitionException: No qualifying bean of type 'com.ztf.domain.credit.event.CreditAdjustSuccessMessageEvent' available: expected at least 1 bean which qualifies as autowire candidate. Dependency annotations: {@javax.annotation.Resource(shareable=true, lookup="", name="", description="", authenticationType=CONTAINER, type=java.lang.Object.class, mappedName="")}
	at org.springframework.context.annotation.CommonAnnotationBeanPostProcessor.postProcessProperties(CommonAnnotationBeanPostProcessor.java:332)
	at org.springframework.beans.factory.support.AbstractAutowireCapableBeanFactory.populateBean(AbstractAutowireCapableBeanFactory.java:1431)
	at org.springframework.beans.factory.support.AbstractAutowireCapableBeanFactory.doCreateBean(AbstractAutowireCapableBeanFactory.java:619)
	at org.springframework.beans.factory.support.AbstractAutowireCapableBeanFactory.createBean(AbstractAutowireCapableBeanFactory.java:542)
	at org.springframework.beans.factory.support.AbstractBeanFactory.lambda$doGetBean$0(AbstractBeanFactory.java:335)
	at org.springframework.beans.factory.support.DefaultSingletonBeanRegistry.getSingleton(DefaultSingletonBeanRegistry.java:234)
	at org.springframework.beans.factory.support.AbstractBeanFactory.doGetBean(AbstractBeanFactory.java:333)
	at org.springframework.beans.factory.support.AbstractBeanFactory.getBean(AbstractBeanFactory.java:208)
	at org.springframework.beans.factory.support.DefaultListableBeanFactory.preInstantiateSingletons(DefaultListableBeanFactory.java:955)
	at org.springframework.context.support.AbstractApplicationContext.finishBeanFactoryInitialization(AbstractApplicationContext.java:920)
	at org.springframework.context.support.AbstractApplicationContext.refresh(AbstractApplicationContext.java:583)
	at org.springframework.boot.SpringApplication.refresh(SpringApplication.java:731)
	at org.springframework.boot.SpringApplication.refreshContext(SpringApplication.java:408)
	at org.springframework.boot.SpringApplication.run(SpringApplication.java:307)
	at org.springframework.boot.test.context.SpringBootContextLoader.loadContext(SpringBootContextLoader.java:136)
	at org.springframework.test.context.cache.DefaultCacheAwareContextLoaderDelegate.loadContextInternal(DefaultCacheAwareContextLoaderDelegate.java:141)
	at org.springframework.test.context.cache.DefaultCacheAwareContextLoaderDelegate.loadContext(DefaultCacheAwareContextLoaderDelegate.java:90)
	... 27 common frames omitted
Caused by: org.springframework.beans.factory.BeanCreationException: Error creating bean with name 'creditAdjustService': Injection of resource dependencies failed; nested exception is org.springframework.beans.factory.NoSuchBeanDefinitionException: No qualifying bean of type 'com.ztf.domain.credit.event.CreditAdjustSuccessMessageEvent' available: expected at least 1 bean which qualifies as autowire candidate. Dependency annotations: {@javax.annotation.Resource(shareable=true, lookup="", name="", description="", authenticationType=CONTAINER, type=java.lang.Object.class, mappedName="")}
	at org.springframework.context.annotation.CommonAnnotationBeanPostProcessor.postProcessProperties(CommonAnnotationBeanPostProcessor.java:332)
	at org.springframework.beans.factory.support.AbstractAutowireCapableBeanFactory.populateBean(AbstractAutowireCapableBeanFactory.java:1431)
	at org.springframework.beans.factory.support.AbstractAutowireCapableBeanFactory.doCreateBean(AbstractAutowireCapableBeanFactory.java:619)
	at org.springframework.beans.factory.support.AbstractAutowireCapableBeanFactory.createBean(AbstractAutowireCapableBeanFactory.java:542)
	at org.springframework.beans.factory.support.AbstractBeanFactory.lambda$doGetBean$0(AbstractBeanFactory.java:335)
	at org.springframework.beans.factory.support.DefaultSingletonBeanRegistry.getSingleton(DefaultSingletonBeanRegistry.java:234)
	at org.springframework.beans.factory.support.AbstractBeanFactory.doGetBean(AbstractBeanFactory.java:333)
	at org.springframework.beans.factory.support.AbstractBeanFactory.getBean(AbstractBeanFactory.java:213)
	at org.springframework.beans.factory.support.AbstractAutowireCapableBeanFactory.resolveBeanByName(AbstractAutowireCapableBeanFactory.java:479)
	at org.springframework.context.annotation.CommonAnnotationBeanPostProcessor.autowireResource(CommonAnnotationBeanPostProcessor.java:550)
	at org.springframework.context.annotation.CommonAnnotationBeanPostProcessor.getResource(CommonAnnotationBeanPostProcessor.java:520)
	at org.springframework.context.annotation.CommonAnnotationBeanPostProcessor$ResourceElement.getResourceToInject(CommonAnnotationBeanPostProcessor.java:673)
	at org.springframework.beans.factory.annotation.InjectionMetadata$InjectedElement.inject(InjectionMetadata.java:228)
	at org.springframework.beans.factory.annotation.InjectionMetadata.inject(InjectionMetadata.java:119)
	at org.springframework.context.annotation.CommonAnnotationBeanPostProcessor.postProcessProperties(CommonAnnotationBeanPostProcessor.java:329)
	... 43 common frames omitted
Caused by: org.springframework.beans.factory.NoSuchBeanDefinitionException: No qualifying bean of type 'com.ztf.domain.credit.event.CreditAdjustSuccessMessageEvent' available: expected at least 1 bean which qualifies as autowire candidate. Dependency annotations: {@javax.annotation.Resource(shareable=true, lookup="", name="", description="", authenticationType=CONTAINER, type=java.lang.Object.class, mappedName="")}
	at org.springframework.beans.factory.support.DefaultListableBeanFactory.raiseNoMatchingBeanFound(DefaultListableBeanFactory.java:1801)
	at org.springframework.beans.factory.support.DefaultListableBeanFactory.doResolveDependency(DefaultListableBeanFactory.java:1357)
	at org.springframework.beans.factory.support.DefaultListableBeanFactory.resolveDependency(DefaultListableBeanFactory.java:1311)
	at org.springframework.context.annotation.CommonAnnotationBeanPostProcessor.autowireResource(CommonAnnotationBeanPostProcessor.java:544)
	at org.springframework.context.annotation.CommonAnnotationBeanPostProcessor.getResource(CommonAnnotationBeanPostProcessor.java:520)
	at org.springframework.context.annotation.CommonAnnotationBeanPostProcessor$ResourceElement.getResourceToInject(CommonAnnotationBeanPostProcessor.java:673)
	at org.springframework.beans.factory.annotation.InjectionMetadata$InjectedElement.inject(InjectionMetadata.java:228)
	at org.springframework.beans.factory.annotation.InjectionMetadata.inject(InjectionMetadata.java:119)
	at org.springframework.context.annotation.CommonAnnotationBeanPostProcessor.postProcessProperties(CommonAnnotationBeanPostProcessor.java:329)
	... 57 common frames omitted
25-04-22.20:10:14.658 [main            ] INFO  RaffleActivityAccountQuotaServiceTest - Starting RaffleActivityAccountQuotaServiceTest using Java 21.0.1 on LAPTOP-EPDR54BH with PID 17600 (started by Saber in D:\javacode\marketing_platform\big-market-ztf\big-market\big-market-app)
25-04-22.20:10:14.659 [main            ] INFO  RaffleActivityAccountQuotaServiceTest - The following 1 profile is active: "dev"
25-04-22.20:10:15.903 [main            ] INFO  RepositoryConfigurationDelegate - Multiple Spring Data modules found, entering strict repository configuration mode
25-04-22.20:10:15.907 [main            ] INFO  RepositoryConfigurationDelegate - Bootstrapping Spring Data Redis repositories in DEFAULT mode.
25-04-22.20:10:15.964 [main            ] INFO  RepositoryConfigurationDelegate - Finished Spring Data repository scanning in 45 ms. Found 0 Redis repository interfaces.
25-04-22.20:10:17.279 [main            ] INFO  Version                - Redisson 3.26.0
25-04-22.20:10:17.657 [redisson-netty-1-4] INFO  ConnectionsHolder      - 1 connections initialized for 127.0.0.1/127.0.0.1:16379
25-04-22.20:10:17.680 [redisson-netty-1-13] INFO  ConnectionsHolder      - 5 connections initialized for 127.0.0.1/127.0.0.1:16379
25-04-22.20:10:21.794 [main            ] INFO  EndpointLinksResolver  - Exposing 1 endpoint(s) beneath base path '/actuator'
25-04-22.20:10:21.880 [main            ] INFO  CachingConnectionFactory - Attempting to connect to: [127.0.0.1:5672]
25-04-22.20:10:21.936 [main            ] INFO  CachingConnectionFactory - Created new connection: rabbitConnectionFactory#5939f047:0/SimpleConnection@22ba30b0 [delegate=amqp://admin@127.0.0.1:5672/, localPort= 59536]
25-04-22.20:10:22.057 [main            ] INFO  RaffleActivityAccountQuotaServiceTest - Started RaffleActivityAccountQuotaServiceTest in 7.846 seconds (JVM running for 8.812)
25-04-22.20:10:22.406 [main            ] INFO  HikariDataSource       - Retail_HikariCP - Starting...
25-04-22.20:10:22.745 [main            ] INFO  HikariDataSource       - Retail_HikariCP - Start completed.
25-04-22.20:10:22.877 [main            ] INFO  RaffleActivityAccountQuotaServiceTest - 装配活动：true
25-04-22.20:10:22.898 [main            ] INFO  ActionBaseActionChain  - 活动责任链-基础信息【有效期、状态】校验开始。
25-04-22.20:10:22.898 [main            ] INFO  ActivitySkuStockActionChain - 活动责任链-商品库存处理【校验&扣减】开始。
25-04-22.20:10:22.903 [main            ] INFO  ActivitySkuStockActionChain - 活动责任链-商品库存处理【有效期、状态、库存(sku)】成功。sku:9011 activityId:100301
25-04-22.20:10:22.942 [main            ] INFO  HikariDataSource       - Retail_HikariCP - Starting...
25-04-22.20:10:22.965 [main            ] INFO  HikariDataSource       - Retail_HikariCP - Start completed.
25-04-22.20:10:23.099 [main            ] ERROR ActivityRepository     - 写入订单记录，唯一索引冲突 userId: xiaofuge activityId: 100301 sku: 9011
org.springframework.dao.DuplicateKeyException: 
### Error updating database.  Cause: java.sql.SQLIntegrityConstraintViolationException: Duplicate entry '70009240609001' for key 'raffle_activity_order_001.uq_out_business_no'
### The error may exist in file [D:\javacode\marketing_platform\big-market-ztf\big-market\big-market-app\target\classes\mybatis\mapper\raffle_activity_order_mapper.xml]
### The error may involve com.ztf.infrastructure.persistent.dao.IRaffleActivityOrderDao.insert-Inline
### The error occurred while setting parameters
### SQL: insert into raffle_activity_order_001         (user_id, sku, activity_id, activity_name, strategy_id, order_id, order_time, pay_amount, state, out_business_no, total_count, day_count, month_count,          create_time, update_time)         values             (?, ?, ?, ?, ?, ?, ?, ?, ?, ?, ?, ?, ?,              now(), now())
### Cause: java.sql.SQLIntegrityConstraintViolationException: Duplicate entry '70009240609001' for key 'raffle_activity_order_001.uq_out_business_no'
; Duplicate entry '70009240609001' for key 'raffle_activity_order_001.uq_out_business_no'; nested exception is java.sql.SQLIntegrityConstraintViolationException: Duplicate entry '70009240609001' for key 'raffle_activity_order_001.uq_out_business_no'
	at org.springframework.jdbc.support.SQLErrorCodeSQLExceptionTranslator.doTranslate(SQLErrorCodeSQLExceptionTranslator.java:247)
	at org.springframework.jdbc.support.AbstractFallbackSQLExceptionTranslator.translate(AbstractFallbackSQLExceptionTranslator.java:70)
	at org.mybatis.spring.MyBatisExceptionTranslator.translateExceptionIfPossible(MyBatisExceptionTranslator.java:91)
	at org.mybatis.spring.SqlSessionTemplate$SqlSessionInterceptor.invoke(SqlSessionTemplate.java:441)
	at jdk.proxy2/jdk.proxy2.$Proxy112.insert(Unknown Source)
	at org.mybatis.spring.SqlSessionTemplate.insert(SqlSessionTemplate.java:272)
	at org.apache.ibatis.binding.MapperMethod.execute(MapperMethod.java:62)
	at org.apache.ibatis.binding.MapperProxy$PlainMethodInvoker.invoke(MapperProxy.java:152)
	at org.apache.ibatis.binding.MapperProxy.invoke(MapperProxy.java:85)
	at jdk.proxy2/jdk.proxy2.$Proxy116.insert(Unknown Source)
	at java.base/jdk.internal.reflect.DirectMethodHandleAccessor.invoke(DirectMethodHandleAccessor.java:103)
	at java.base/java.lang.reflect.Method.invoke(Method.java:580)
	at org.springframework.aop.support.AopUtils.invokeJoinpointUsingReflection(AopUtils.java:344)
	at org.springframework.aop.framework.ReflectiveMethodInvocation.invokeJoinpoint(ReflectiveMethodInvocation.java:198)
	at org.springframework.aop.framework.ReflectiveMethodInvocation.proceed(ReflectiveMethodInvocation.java:163)
	at org.springframework.aop.aspectj.MethodInvocationProceedingJoinPoint.proceed(MethodInvocationProceedingJoinPoint.java:89)
	at cn.bugstack.middleware.db.router.DBRouterJoinPoint.doRouter(DBRouterJoinPoint.java:65)
	at java.base/jdk.internal.reflect.DirectMethodHandleAccessor.invoke(DirectMethodHandleAccessor.java:103)
	at java.base/java.lang.reflect.Method.invoke(Method.java:580)
	at org.springframework.aop.aspectj.AbstractAspectJAdvice.invokeAdviceMethodWithGivenArgs(AbstractAspectJAdvice.java:634)
	at org.springframework.aop.aspectj.AbstractAspectJAdvice.invokeAdviceMethod(AbstractAspectJAdvice.java:624)
	at org.springframework.aop.aspectj.AspectJAroundAdvice.invoke(AspectJAroundAdvice.java:72)
	at org.springframework.aop.framework.ReflectiveMethodInvocation.proceed(ReflectiveMethodInvocation.java:175)
	at org.springframework.aop.interceptor.ExposeInvocationInterceptor.invoke(ExposeInvocationInterceptor.java:97)
	at org.springframework.aop.framework.ReflectiveMethodInvocation.proceed(ReflectiveMethodInvocation.java:186)
	at org.springframework.aop.framework.JdkDynamicAopProxy.invoke(JdkDynamicAopProxy.java:220)
	at jdk.proxy2/jdk.proxy2.$Proxy117.insert(Unknown Source)
	at com.ztf.infrastructure.persistent.repository.ActivityRepository.lambda$doSaveCreditPayOrder$1(ActivityRepository.java:256)
	at org.springframework.transaction.support.TransactionTemplate.execute(TransactionTemplate.java:140)
	at com.ztf.infrastructure.persistent.repository.ActivityRepository.doSaveCreditPayOrder(ActivityRepository.java:254)
	at com.ztf.infrastructure.persistent.repository.ActivityRepository$$FastClassBySpringCGLIB$$29a60d62.invoke(<generated>)
	at org.springframework.cglib.proxy.MethodProxy.invoke(MethodProxy.java:218)
	at org.springframework.aop.framework.CglibAopProxy$CglibMethodInvocation.invokeJoinpoint(CglibAopProxy.java:793)
	at org.springframework.aop.framework.ReflectiveMethodInvocation.proceed(ReflectiveMethodInvocation.java:163)
	at org.springframework.aop.framework.CglibAopProxy$CglibMethodInvocation.proceed(CglibAopProxy.java:763)
	at org.springframework.dao.support.PersistenceExceptionTranslationInterceptor.invoke(PersistenceExceptionTranslationInterceptor.java:137)
	at org.springframework.aop.framework.ReflectiveMethodInvocation.proceed(ReflectiveMethodInvocation.java:186)
	at org.springframework.aop.framework.CglibAopProxy$CglibMethodInvocation.proceed(CglibAopProxy.java:763)
	at org.springframework.aop.framework.CglibAopProxy$DynamicAdvisedInterceptor.intercept(CglibAopProxy.java:708)
	at com.ztf.infrastructure.persistent.repository.ActivityRepository$$EnhancerBySpringCGLIB$$eb91910a.doSaveCreditPayOrder(<generated>)
	at com.ztf.domain.activity.service.quota.policy.impl.CreditPayTradePolicy.trade(CreditPayTradePolicy.java:20)
	at com.ztf.domain.activity.service.quota.AbstractRaffleActivityAccountQuota.createOrder(AbstractRaffleActivityAccountQuota.java:63)
	at com.ztf.test.domain.activity.RaffleActivityAccountQuotaServiceTest.test_credit_pay_trade(RaffleActivityAccountQuotaServiceTest.java:85)
	at java.base/jdk.internal.reflect.DirectMethodHandleAccessor.invoke(DirectMethodHandleAccessor.java:103)
	at java.base/java.lang.reflect.Method.invoke(Method.java:580)
	at org.junit.runners.model.FrameworkMethod$1.runReflectiveCall(FrameworkMethod.java:59)
	at org.junit.internal.runners.model.ReflectiveCallable.run(ReflectiveCallable.java:12)
	at org.junit.runners.model.FrameworkMethod.invokeExplosively(FrameworkMethod.java:56)
	at org.junit.internal.runners.statements.InvokeMethod.evaluate(InvokeMethod.java:17)
	at org.springframework.test.context.junit4.statements.RunBeforeTestExecutionCallbacks.evaluate(RunBeforeTestExecutionCallbacks.java:74)
	at org.springframework.test.context.junit4.statements.RunAfterTestExecutionCallbacks.evaluate(RunAfterTestExecutionCallbacks.java:84)
	at org.junit.internal.runners.statements.RunBefores.evaluate(RunBefores.java:26)
	at org.springframework.test.context.junit4.statements.RunBeforeTestMethodCallbacks.evaluate(RunBeforeTestMethodCallbacks.java:75)
	at org.springframework.test.context.junit4.statements.RunAfterTestMethodCallbacks.evaluate(RunAfterTestMethodCallbacks.java:86)
	at org.springframework.test.context.junit4.statements.SpringRepeat.evaluate(SpringRepeat.java:84)
	at org.junit.runners.ParentRunner.runLeaf(ParentRunner.java:366)
	at org.springframework.test.context.junit4.SpringJUnit4ClassRunner.runChild(SpringJUnit4ClassRunner.java:251)
	at org.springframework.test.context.junit4.SpringJUnit4ClassRunner.runChild(SpringJUnit4ClassRunner.java:97)
	at org.junit.runners.ParentRunner$4.run(ParentRunner.java:331)
	at org.junit.runners.ParentRunner$1.schedule(ParentRunner.java:79)
	at org.junit.runners.ParentRunner.runChildren(ParentRunner.java:329)
	at org.junit.runners.ParentRunner.access$100(ParentRunner.java:66)
	at org.junit.runners.ParentRunner$2.evaluate(ParentRunner.java:293)
	at org.springframework.test.context.junit4.statements.RunBeforeTestClassCallbacks.evaluate(RunBeforeTestClassCallbacks.java:61)
	at org.springframework.test.context.junit4.statements.RunAfterTestClassCallbacks.evaluate(RunAfterTestClassCallbacks.java:70)
	at org.junit.runners.ParentRunner$3.evaluate(ParentRunner.java:306)
	at org.junit.runners.ParentRunner.run(ParentRunner.java:413)
	at org.springframework.test.context.junit4.SpringJUnit4ClassRunner.run(SpringJUnit4ClassRunner.java:190)
	at org.junit.runner.JUnitCore.run(JUnitCore.java:137)
	at com.intellij.junit4.JUnit4IdeaTestRunner.startRunnerWithArgs(JUnit4IdeaTestRunner.java:69)
	at com.intellij.rt.junit.IdeaTestRunner$Repeater$1.execute(IdeaTestRunner.java:38)
	at com.intellij.rt.execution.junit.TestsRepeater.repeat(TestsRepeater.java:11)
	at com.intellij.rt.junit.IdeaTestRunner$Repeater.startRunnerWithArgs(IdeaTestRunner.java:35)
	at com.intellij.rt.junit.JUnitStarter.prepareStreamsAndStart(JUnitStarter.java:232)
	at com.intellij.rt.junit.JUnitStarter.main(JUnitStarter.java:55)
Caused by: java.sql.SQLIntegrityConstraintViolationException: Duplicate entry '70009240609001' for key 'raffle_activity_order_001.uq_out_business_no'
	at com.mysql.cj.jdbc.exceptions.SQLError.createSQLException(SQLError.java:117)
	at com.mysql.cj.jdbc.exceptions.SQLError.createSQLException(SQLError.java:97)
	at com.mysql.cj.jdbc.exceptions.SQLExceptionsMapping.translateException(SQLExceptionsMapping.java:122)
	at com.mysql.cj.jdbc.ClientPreparedStatement.executeInternal(ClientPreparedStatement.java:953)
	at com.mysql.cj.jdbc.ClientPreparedStatement.execute(ClientPreparedStatement.java:370)
	at com.zaxxer.hikari.pool.ProxyPreparedStatement.execute(ProxyPreparedStatement.java:44)
	at com.zaxxer.hikari.pool.HikariProxyPreparedStatement.execute(HikariProxyPreparedStatement.java)
	at org.apache.ibatis.executor.statement.PreparedStatementHandler.update(PreparedStatementHandler.java:47)
	at org.apache.ibatis.executor.statement.RoutingStatementHandler.update(RoutingStatementHandler.java:74)
	at java.base/jdk.internal.reflect.DirectMethodHandleAccessor.invoke(DirectMethodHandleAccessor.java:103)
	at java.base/java.lang.reflect.Method.invoke(Method.java:580)
	at org.apache.ibatis.plugin.Plugin.invoke(Plugin.java:63)
	at jdk.proxy2/jdk.proxy2.$Proxy215.update(Unknown Source)
	at org.apache.ibatis.executor.SimpleExecutor.doUpdate(SimpleExecutor.java:50)
	at org.apache.ibatis.executor.BaseExecutor.update(BaseExecutor.java:117)
	at org.apache.ibatis.executor.CachingExecutor.update(CachingExecutor.java:76)
	at org.apache.ibatis.session.defaults.DefaultSqlSession.update(DefaultSqlSession.java:197)
	at org.apache.ibatis.session.defaults.DefaultSqlSession.insert(DefaultSqlSession.java:184)
	at java.base/jdk.internal.reflect.DirectMethodHandleAccessor.invoke(DirectMethodHandleAccessor.java:103)
	at java.base/java.lang.reflect.Method.invoke(Method.java:580)
	at org.mybatis.spring.SqlSessionTemplate$SqlSessionInterceptor.invoke(SqlSessionTemplate.java:427)
	... 71 common frames omitted
25-04-22.20:10:23.146 [org.springframework.amqp.rabbit.RabbitListenerEndpointContainer#0-2] INFO  SimpleMessageListenerContainer - Waiting for workers to finish.
25-04-22.20:10:23.149 [org.springframework.amqp.rabbit.RabbitListenerEndpointContainer#1-2] INFO  SimpleMessageListenerContainer - Waiting for workers to finish.
25-04-22.20:10:23.150 [org.springframework.amqp.rabbit.RabbitListenerEndpointContainer#2-2] INFO  SimpleMessageListenerContainer - Waiting for workers to finish.
25-04-22.20:10:23.152 [org.springframework.amqp.rabbit.RabbitListenerEndpointContainer#3-2] INFO  SimpleMessageListenerContainer - Waiting for workers to finish.
25-04-22.20:10:24.030 [org.springframework.amqp.rabbit.RabbitListenerEndpointContainer#1-2] INFO  SimpleMessageListenerContainer - Successfully waited for workers to finish.
25-04-22.20:10:24.031 [org.springframework.amqp.rabbit.RabbitListenerEndpointContainer#0-2] INFO  SimpleMessageListenerContainer - Successfully waited for workers to finish.
25-04-22.20:10:24.040 [org.springframework.amqp.rabbit.RabbitListenerEndpointContainer#2-2] INFO  SimpleMessageListenerContainer - Successfully waited for workers to finish.
25-04-22.20:10:24.071 [org.springframework.amqp.rabbit.RabbitListenerEndpointContainer#3-2] INFO  SimpleMessageListenerContainer - Successfully waited for workers to finish.
25-04-22.20:10:24.074 [SpringApplicationShutdownHook] INFO  SimpleMessageListenerContainer - Shutdown ignored - container is already stopped
25-04-22.20:10:24.075 [SpringApplicationShutdownHook] INFO  SimpleMessageListenerContainer - Shutdown ignored - container is already stopped
25-04-22.20:10:24.075 [SpringApplicationShutdownHook] INFO  SimpleMessageListenerContainer - Shutdown ignored - container is already stopped
25-04-22.20:10:24.075 [SpringApplicationShutdownHook] INFO  SimpleMessageListenerContainer - Shutdown ignored - container is already stopped
25-04-22.20:12:06.067 [main            ] INFO  RaffleActivityAccountQuotaServiceTest - Starting RaffleActivityAccountQuotaServiceTest using Java 21.0.1 on LAPTOP-EPDR54BH with PID 27768 (started by Saber in D:\javacode\marketing_platform\big-market-ztf\big-market\big-market-app)
25-04-22.20:12:06.068 [main            ] INFO  RaffleActivityAccountQuotaServiceTest - The following 1 profile is active: "dev"
25-04-22.20:12:07.304 [main            ] INFO  RepositoryConfigurationDelegate - Multiple Spring Data modules found, entering strict repository configuration mode
25-04-22.20:12:07.307 [main            ] INFO  RepositoryConfigurationDelegate - Bootstrapping Spring Data Redis repositories in DEFAULT mode.
25-04-22.20:12:07.362 [main            ] INFO  RepositoryConfigurationDelegate - Finished Spring Data repository scanning in 42 ms. Found 0 Redis repository interfaces.
25-04-22.20:12:08.616 [main            ] INFO  Version                - Redisson 3.26.0
25-04-22.20:12:09.043 [redisson-netty-1-4] INFO  ConnectionsHolder      - 1 connections initialized for 127.0.0.1/127.0.0.1:16379
25-04-22.20:12:09.074 [redisson-netty-1-13] INFO  ConnectionsHolder      - 5 connections initialized for 127.0.0.1/127.0.0.1:16379
25-04-22.20:12:13.728 [main            ] INFO  EndpointLinksResolver  - Exposing 1 endpoint(s) beneath base path '/actuator'
25-04-22.20:12:13.905 [main            ] INFO  CachingConnectionFactory - Attempting to connect to: [127.0.0.1:5672]
25-04-22.20:12:14.010 [main            ] INFO  CachingConnectionFactory - Created new connection: rabbitConnectionFactory#69d021c1:0/SimpleConnection@76ebd595 [delegate=amqp://admin@127.0.0.1:5672/, localPort= 59598]
25-04-22.20:12:14.166 [main            ] INFO  RaffleActivityAccountQuotaServiceTest - Started RaffleActivityAccountQuotaServiceTest in 8.536 seconds (JVM running for 9.371)
25-04-22.20:12:14.540 [main            ] INFO  HikariDataSource       - Retail_HikariCP - Starting...
25-04-22.20:12:14.856 [main            ] INFO  HikariDataSource       - Retail_HikariCP - Start completed.
25-04-22.20:12:14.951 [main            ] INFO  RaffleActivityAccountQuotaServiceTest - 装配活动：true
25-04-22.20:12:14.964 [main            ] INFO  ActionBaseActionChain  - 活动责任链-基础信息【有效期、状态】校验开始。
25-04-22.20:12:14.964 [main            ] INFO  ActivitySkuStockActionChain - 活动责任链-商品库存处理【校验&扣减】开始。
25-04-22.20:12:14.976 [main            ] INFO  ActivitySkuStockActionChain - 活动责任链-商品库存处理【有效期、状态、库存(sku)】成功。sku:9011 activityId:100301
25-04-22.20:12:15.014 [scheduling-1    ] INFO  UpdateActivitySkuStockJob - 定时任务，更新活动sku库存【延迟队列获取，降低对数据库的更新频次，不要产生竞争】
25-04-22.20:12:15.023 [pool-3-thread-1 ] INFO  HikariDataSource       - Retail_HikariCP - Starting...
25-04-22.20:12:15.024 [pool-3-thread-2 ] INFO  HikariDataSource       - Retail_HikariCP - Starting...
25-04-22.20:12:15.052 [pool-3-thread-1 ] INFO  HikariDataSource       - Retail_HikariCP - Start completed.
25-04-22.20:12:15.052 [pool-3-thread-2 ] INFO  HikariDataSource       - Retail_HikariCP - Start completed.
25-04-22.20:12:15.287 [main            ] INFO  RaffleActivityAccountQuotaServiceTest - 测试结果：001219795488
25-04-22.20:12:15.328 [org.springframework.amqp.rabbit.RabbitListenerEndpointContainer#0-2] INFO  SimpleMessageListenerContainer - Waiting for workers to finish.
25-04-22.20:12:15.330 [org.springframework.amqp.rabbit.RabbitListenerEndpointContainer#1-2] INFO  SimpleMessageListenerContainer - Waiting for workers to finish.
25-04-22.20:12:15.333 [org.springframework.amqp.rabbit.RabbitListenerEndpointContainer#2-2] INFO  SimpleMessageListenerContainer - Waiting for workers to finish.
25-04-22.20:12:15.335 [org.springframework.amqp.rabbit.RabbitListenerEndpointContainer#3-2] INFO  SimpleMessageListenerContainer - Waiting for workers to finish.
25-04-22.20:12:16.146 [org.springframework.amqp.rabbit.RabbitListenerEndpointContainer#0-2] INFO  SimpleMessageListenerContainer - Successfully waited for workers to finish.
25-04-22.20:12:16.157 [org.springframework.amqp.rabbit.RabbitListenerEndpointContainer#1-2] INFO  SimpleMessageListenerContainer - Successfully waited for workers to finish.
25-04-22.20:12:16.157 [org.springframework.amqp.rabbit.RabbitListenerEndpointContainer#2-2] INFO  SimpleMessageListenerContainer - Successfully waited for workers to finish.
25-04-22.20:12:16.173 [org.springframework.amqp.rabbit.RabbitListenerEndpointContainer#3-2] INFO  SimpleMessageListenerContainer - Successfully waited for workers to finish.
25-04-22.20:12:16.176 [SpringApplicationShutdownHook] INFO  SimpleMessageListenerContainer - Shutdown ignored - container is already stopped
25-04-22.20:12:16.177 [SpringApplicationShutdownHook] INFO  SimpleMessageListenerContainer - Shutdown ignored - container is already stopped
25-04-22.20:12:16.177 [SpringApplicationShutdownHook] INFO  SimpleMessageListenerContainer - Shutdown ignored - container is already stopped
25-04-22.20:12:16.177 [SpringApplicationShutdownHook] INFO  SimpleMessageListenerContainer - Shutdown ignored - container is already stopped
25-04-22.20:14:29.365 [main            ] INFO  CreditAdjustServiceTest - Starting CreditAdjustServiceTest using Java 21.0.1 on LAPTOP-EPDR54BH with PID 20396 (started by Saber in D:\javacode\marketing_platform\big-market-ztf\big-market\big-market-app)
25-04-22.20:14:29.366 [main            ] INFO  CreditAdjustServiceTest - The following 1 profile is active: "dev"
25-04-22.20:14:30.572 [main            ] INFO  RepositoryConfigurationDelegate - Multiple Spring Data modules found, entering strict repository configuration mode
25-04-22.20:14:30.574 [main            ] INFO  RepositoryConfigurationDelegate - Bootstrapping Spring Data Redis repositories in DEFAULT mode.
25-04-22.20:14:30.629 [main            ] INFO  RepositoryConfigurationDelegate - Finished Spring Data repository scanning in 42 ms. Found 0 Redis repository interfaces.
25-04-22.20:14:31.799 [main            ] INFO  Version                - Redisson 3.26.0
25-04-22.20:14:32.197 [redisson-netty-1-4] INFO  ConnectionsHolder      - 1 connections initialized for 127.0.0.1/127.0.0.1:16379
25-04-22.20:14:32.223 [redisson-netty-1-13] INFO  ConnectionsHolder      - 5 connections initialized for 127.0.0.1/127.0.0.1:16379
25-04-22.20:14:36.102 [main            ] INFO  EndpointLinksResolver  - Exposing 1 endpoint(s) beneath base path '/actuator'
25-04-22.20:14:36.264 [main            ] INFO  CachingConnectionFactory - Attempting to connect to: [127.0.0.1:5672]
25-04-22.20:14:36.309 [main            ] INFO  CachingConnectionFactory - Created new connection: rabbitConnectionFactory#6d5508a5:0/SimpleConnection@37b44e8e [delegate=amqp://admin@127.0.0.1:5672/, localPort= 59703]
25-04-22.20:14:36.440 [main            ] INFO  CreditAdjustServiceTest - Started CreditAdjustServiceTest in 7.516 seconds (JVM running for 8.334)
25-04-22.20:14:36.810 [main            ] INFO  CreditAdjustService    - 账户积分额度开始 userId:xiaofuge tradeName:CONVERT_SKU amount:-1.68
25-04-22.20:14:37.014 [main            ] INFO  HikariDataSource       - Retail_HikariCP - Starting...
25-04-22.20:14:37.332 [main            ] INFO  HikariDataSource       - Retail_HikariCP - Start completed.
25-04-22.20:14:37.521 [main            ] ERROR CreditRepository       - 调整账户积分额度异常，唯一索引冲突 userId:xiaofuge orderId:992463487772
org.springframework.dao.DuplicateKeyException: 
### Error updating database.  Cause: java.sql.SQLIntegrityConstraintViolationException: Duplicate entry '70009240609001' for key 'user_credit_order_001.uq_out_business_no'
### The error may exist in file [D:\javacode\marketing_platform\big-market-ztf\big-market\big-market-app\target\classes\mybatis\mapper\user_credit_order_mapper.xml]
### The error may involve com.ztf.infrastructure.persistent.dao.IUserCreditOrderDao.insert-Inline
### The error occurred while setting parameters
### SQL: insert into user_credit_order_001(user_id, order_id, trade_name, trade_type, trade_amount, out_business_no, create_time, update_time)         values(         ?,?,?,?,?,?,now(),now()         )
### Cause: java.sql.SQLIntegrityConstraintViolationException: Duplicate entry '70009240609001' for key 'user_credit_order_001.uq_out_business_no'
; Duplicate entry '70009240609001' for key 'user_credit_order_001.uq_out_business_no'; nested exception is java.sql.SQLIntegrityConstraintViolationException: Duplicate entry '70009240609001' for key 'user_credit_order_001.uq_out_business_no'
	at org.springframework.jdbc.support.SQLErrorCodeSQLExceptionTranslator.doTranslate(SQLErrorCodeSQLExceptionTranslator.java:247)
	at org.springframework.jdbc.support.AbstractFallbackSQLExceptionTranslator.translate(AbstractFallbackSQLExceptionTranslator.java:70)
	at org.mybatis.spring.MyBatisExceptionTranslator.translateExceptionIfPossible(MyBatisExceptionTranslator.java:91)
	at org.mybatis.spring.SqlSessionTemplate$SqlSessionInterceptor.invoke(SqlSessionTemplate.java:441)
	at jdk.proxy2/jdk.proxy2.$Proxy111.insert(Unknown Source)
	at org.mybatis.spring.SqlSessionTemplate.insert(SqlSessionTemplate.java:272)
	at org.apache.ibatis.binding.MapperMethod.execute(MapperMethod.java:62)
	at org.apache.ibatis.binding.MapperProxy$PlainMethodInvoker.invoke(MapperProxy.java:152)
	at org.apache.ibatis.binding.MapperProxy.invoke(MapperProxy.java:85)
	at jdk.proxy2/jdk.proxy2.$Proxy150.insert(Unknown Source)
	at com.ztf.infrastructure.persistent.repository.CreditRepository.lambda$saveUserCreditTradeOrder$0(CreditRepository.java:91)
	at org.springframework.transaction.support.TransactionTemplate.execute(TransactionTemplate.java:140)
	at com.ztf.infrastructure.persistent.repository.CreditRepository.saveUserCreditTradeOrder(CreditRepository.java:81)
	at com.ztf.infrastructure.persistent.repository.CreditRepository$$FastClassBySpringCGLIB$$f512bf0c.invoke(<generated>)
	at org.springframework.cglib.proxy.MethodProxy.invoke(MethodProxy.java:218)
	at org.springframework.aop.framework.CglibAopProxy$CglibMethodInvocation.invokeJoinpoint(CglibAopProxy.java:793)
	at org.springframework.aop.framework.ReflectiveMethodInvocation.proceed(ReflectiveMethodInvocation.java:163)
	at org.springframework.aop.framework.CglibAopProxy$CglibMethodInvocation.proceed(CglibAopProxy.java:763)
	at org.springframework.dao.support.PersistenceExceptionTranslationInterceptor.invoke(PersistenceExceptionTranslationInterceptor.java:137)
	at org.springframework.aop.framework.ReflectiveMethodInvocation.proceed(ReflectiveMethodInvocation.java:186)
	at org.springframework.aop.framework.CglibAopProxy$CglibMethodInvocation.proceed(CglibAopProxy.java:763)
	at org.springframework.aop.framework.CglibAopProxy$DynamicAdvisedInterceptor.intercept(CglibAopProxy.java:708)
	at com.ztf.infrastructure.persistent.repository.CreditRepository$$EnhancerBySpringCGLIB$$f19e3714.saveUserCreditTradeOrder(<generated>)
	at com.ztf.domain.credit.service.CreditAdjustService.createOrder(CreditAdjustService.java:61)
	at com.ztf.test.domain.credit.CreditAdjustServiceTest.test_createOrder_pay(CreditAdjustServiceTest.java:60)
	at java.base/jdk.internal.reflect.DirectMethodHandleAccessor.invoke(DirectMethodHandleAccessor.java:103)
	at java.base/java.lang.reflect.Method.invoke(Method.java:580)
	at org.junit.runners.model.FrameworkMethod$1.runReflectiveCall(FrameworkMethod.java:59)
	at org.junit.internal.runners.model.ReflectiveCallable.run(ReflectiveCallable.java:12)
	at org.junit.runners.model.FrameworkMethod.invokeExplosively(FrameworkMethod.java:56)
	at org.junit.internal.runners.statements.InvokeMethod.evaluate(InvokeMethod.java:17)
	at org.springframework.test.context.junit4.statements.RunBeforeTestExecutionCallbacks.evaluate(RunBeforeTestExecutionCallbacks.java:74)
	at org.springframework.test.context.junit4.statements.RunAfterTestExecutionCallbacks.evaluate(RunAfterTestExecutionCallbacks.java:84)
	at org.springframework.test.context.junit4.statements.RunBeforeTestMethodCallbacks.evaluate(RunBeforeTestMethodCallbacks.java:75)
	at org.springframework.test.context.junit4.statements.RunAfterTestMethodCallbacks.evaluate(RunAfterTestMethodCallbacks.java:86)
	at org.springframework.test.context.junit4.statements.SpringRepeat.evaluate(SpringRepeat.java:84)
	at org.junit.runners.ParentRunner.runLeaf(ParentRunner.java:366)
	at org.springframework.test.context.junit4.SpringJUnit4ClassRunner.runChild(SpringJUnit4ClassRunner.java:251)
	at org.springframework.test.context.junit4.SpringJUnit4ClassRunner.runChild(SpringJUnit4ClassRunner.java:97)
	at org.junit.runners.ParentRunner$4.run(ParentRunner.java:331)
	at org.junit.runners.ParentRunner$1.schedule(ParentRunner.java:79)
	at org.junit.runners.ParentRunner.runChildren(ParentRunner.java:329)
	at org.junit.runners.ParentRunner.access$100(ParentRunner.java:66)
	at org.junit.runners.ParentRunner$2.evaluate(ParentRunner.java:293)
	at org.springframework.test.context.junit4.statements.RunBeforeTestClassCallbacks.evaluate(RunBeforeTestClassCallbacks.java:61)
	at org.springframework.test.context.junit4.statements.RunAfterTestClassCallbacks.evaluate(RunAfterTestClassCallbacks.java:70)
	at org.junit.runners.ParentRunner$3.evaluate(ParentRunner.java:306)
	at org.junit.runners.ParentRunner.run(ParentRunner.java:413)
	at org.springframework.test.context.junit4.SpringJUnit4ClassRunner.run(SpringJUnit4ClassRunner.java:190)
	at org.junit.runner.JUnitCore.run(JUnitCore.java:137)
	at com.intellij.junit4.JUnit4IdeaTestRunner.startRunnerWithArgs(JUnit4IdeaTestRunner.java:69)
	at com.intellij.rt.junit.IdeaTestRunner$Repeater$1.execute(IdeaTestRunner.java:38)
	at com.intellij.rt.execution.junit.TestsRepeater.repeat(TestsRepeater.java:11)
	at com.intellij.rt.junit.IdeaTestRunner$Repeater.startRunnerWithArgs(IdeaTestRunner.java:35)
	at com.intellij.rt.junit.JUnitStarter.prepareStreamsAndStart(JUnitStarter.java:232)
	at com.intellij.rt.junit.JUnitStarter.main(JUnitStarter.java:55)
Caused by: java.sql.SQLIntegrityConstraintViolationException: Duplicate entry '70009240609001' for key 'user_credit_order_001.uq_out_business_no'
	at com.mysql.cj.jdbc.exceptions.SQLError.createSQLException(SQLError.java:117)
	at com.mysql.cj.jdbc.exceptions.SQLError.createSQLException(SQLError.java:97)
	at com.mysql.cj.jdbc.exceptions.SQLExceptionsMapping.translateException(SQLExceptionsMapping.java:122)
	at com.mysql.cj.jdbc.ClientPreparedStatement.executeInternal(ClientPreparedStatement.java:953)
	at com.mysql.cj.jdbc.ClientPreparedStatement.execute(ClientPreparedStatement.java:370)
	at com.zaxxer.hikari.pool.ProxyPreparedStatement.execute(ProxyPreparedStatement.java:44)
	at com.zaxxer.hikari.pool.HikariProxyPreparedStatement.execute(HikariProxyPreparedStatement.java)
	at org.apache.ibatis.executor.statement.PreparedStatementHandler.update(PreparedStatementHandler.java:47)
	at org.apache.ibatis.executor.statement.RoutingStatementHandler.update(RoutingStatementHandler.java:74)
	at java.base/jdk.internal.reflect.DirectMethodHandleAccessor.invoke(DirectMethodHandleAccessor.java:103)
	at java.base/java.lang.reflect.Method.invoke(Method.java:580)
	at org.apache.ibatis.plugin.Plugin.invoke(Plugin.java:63)
	at jdk.proxy2/jdk.proxy2.$Proxy214.update(Unknown Source)
	at org.apache.ibatis.executor.SimpleExecutor.doUpdate(SimpleExecutor.java:50)
	at org.apache.ibatis.executor.BaseExecutor.update(BaseExecutor.java:117)
	at org.apache.ibatis.executor.CachingExecutor.update(CachingExecutor.java:76)
	at org.apache.ibatis.session.defaults.DefaultSqlSession.update(DefaultSqlSession.java:197)
	at org.apache.ibatis.session.defaults.DefaultSqlSession.insert(DefaultSqlSession.java:184)
	at java.base/jdk.internal.reflect.DirectMethodHandleAccessor.invoke(DirectMethodHandleAccessor.java:103)
	at java.base/java.lang.reflect.Method.invoke(Method.java:580)
	at org.mybatis.spring.SqlSessionTemplate$SqlSessionInterceptor.invoke(SqlSessionTemplate.java:427)
	... 52 common frames omitted
25-04-22.20:14:37.564 [main            ] INFO  EventPublisher         - 发送MQ消息 topic:credit_adjust_success message:{"data":{"amount":-1.68,"orderId":"992463487772","outBusinessNo":"70009240609001","userId":"xiaofuge"},"id":"32220316653","timestamp":1745324076817}
25-04-22.20:14:37.597 [org.springframework.amqp.rabbit.RabbitListenerEndpointContainer#1-1] INFO  CreditAdjustSuccessCustomer - 监听积分账户调整成功消息，进行交易商品发货 topic: credit_adjust_success message: {"data":{"amount":-1.68,"orderId":"992463487772","outBusinessNo":"70009240609001","userId":"xiaofuge"},"id":"32220316653","timestamp":1745324076817}
25-04-22.20:14:37.621 [main            ] INFO  CreditRepository       - 调整账户积分记录，发送MQ消息完成 userId: xiaofuge orderId:992463487772 topic: credit_adjust_success
25-04-22.20:14:37.621 [main            ] INFO  CreditAdjustService    - 账户积分额度完成 userId:xiaofuge orderId:992463487772
25-04-22.20:14:40.007 [scheduling-1    ] INFO  UpdateActivitySkuStockJob - 定时任务，更新活动sku库存【延迟队列获取，降低对数据库的更新频次，不要产生竞争】
25-04-22.20:14:40.017 [pool-3-thread-2 ] INFO  HikariDataSource       - Retail_HikariCP - Starting...
25-04-22.20:14:40.059 [pool-3-thread-2 ] INFO  HikariDataSource       - Retail_HikariCP - Start completed.
25-04-22.20:14:40.078 [scheduling-1    ] INFO  UpdateActivitySkuStockJob - 定时任务，更新活动sku库存 sku:9011 activityId:100301
25-04-22.20:14:40.079 [scheduling-1    ] INFO  HikariDataSource       - Retail_HikariCP - Starting...
25-04-22.20:14:40.112 [scheduling-1    ] INFO  HikariDataSource       - Retail_HikariCP - Start completed.
25-04-22.20:14:45.011 [scheduling-1    ] INFO  UpdateActivitySkuStockJob - 定时任务，更新活动sku库存【延迟队列获取，降低对数据库的更新频次，不要产生竞争】
25-04-22.20:14:50.018 [scheduling-1    ] INFO  UpdateActivitySkuStockJob - 定时任务，更新活动sku库存【延迟队列获取，降低对数据库的更新频次，不要产生竞争】
25-04-22.20:14:55.011 [scheduling-1    ] INFO  UpdateActivitySkuStockJob - 定时任务，更新活动sku库存【延迟队列获取，降低对数据库的更新频次，不要产生竞争】
25-04-22.20:14:58.628 [org.springframework.amqp.rabbit.RabbitListenerEndpointContainer#0-2] INFO  SimpleMessageListenerContainer - Waiting for workers to finish.
25-04-22.20:14:58.630 [org.springframework.amqp.rabbit.RabbitListenerEndpointContainer#1-2] INFO  SimpleMessageListenerContainer - Waiting for workers to finish.
25-04-22.20:14:58.632 [org.springframework.amqp.rabbit.RabbitListenerEndpointContainer#2-2] INFO  SimpleMessageListenerContainer - Waiting for workers to finish.
25-04-22.20:14:58.634 [org.springframework.amqp.rabbit.RabbitListenerEndpointContainer#3-2] INFO  SimpleMessageListenerContainer - Waiting for workers to finish.
25-04-22.20:14:58.874 [org.springframework.amqp.rabbit.RabbitListenerEndpointContainer#1-2] INFO  SimpleMessageListenerContainer - Successfully waited for workers to finish.
25-04-22.20:14:59.576 [org.springframework.amqp.rabbit.RabbitListenerEndpointContainer#0-2] INFO  SimpleMessageListenerContainer - Successfully waited for workers to finish.
25-04-22.20:14:59.576 [org.springframework.amqp.rabbit.RabbitListenerEndpointContainer#2-2] INFO  SimpleMessageListenerContainer - Successfully waited for workers to finish.
25-04-22.20:14:59.606 [org.springframework.amqp.rabbit.RabbitListenerEndpointContainer#3-2] INFO  SimpleMessageListenerContainer - Successfully waited for workers to finish.
25-04-22.20:14:59.608 [SpringApplicationShutdownHook] INFO  SimpleMessageListenerContainer - Shutdown ignored - container is already stopped
25-04-22.20:14:59.609 [SpringApplicationShutdownHook] INFO  SimpleMessageListenerContainer - Shutdown ignored - container is already stopped
25-04-22.20:14:59.609 [SpringApplicationShutdownHook] INFO  SimpleMessageListenerContainer - Shutdown ignored - container is already stopped
25-04-22.20:14:59.609 [SpringApplicationShutdownHook] INFO  SimpleMessageListenerContainer - Shutdown ignored - container is already stopped
